timestamp,latitude,longitude,altitude,speed,acceleration,bearing,snapped_latitude,snapped_longitude,road_name,road_type,road_id,tags,latitude,longitude,is_bridge,layer,position
2023-11-29 04:05:52,,,691.6596,,,,12.90062,77.466769,Kumbalagodu Flyover,highway,1133067307,"{'alt_name': 'Bangalore-Mysore Expressway', 'highway': 'trunk', 'lanes': '2', 'maxspeed': '40', 'name': 'Bengaluru-Mysuru Expressway', 'name:kn': 'ಬೆಂಗಳೂರು-ಮೈಸೂರು ಹೆದ್ದಾರಿ', 'oneway': 'yes', 'ref': 'NH275;EC34', 'ref:old': 'SH17', 'sidewalk': 'none', 'smoothness': 'good', 'surface': 'asphalt'}",,,False,0,below flyover
2023-11-29 04:05:53,,,689.1231,1.6038942457732135,,206.9652210631051,12.900614,77.466758,Kumbalagodu Flyover,highway,1133067307,"{'alt_name': 'Bangalore-Mysore Expressway', 'highway': 'trunk', 'lanes': '2', 'maxspeed': '40', 'name': 'Bengaluru-Mysuru Expressway', 'name:kn': 'ಬೆಂಗಳೂರು-ಮೈಸೂರು ಹೆದ್ದಾರಿ', 'oneway': 'yes', 'ref': 'NH275;EC34', 'ref:old': 'SH17', 'sidewalk': 'none', 'smoothness': 'good', 'surface': 'asphalt'}",,,False,0,below flyover
2023-11-29 04:05:54,,,682.3093,4.809217578506999,3.2053233327337853,230.00480774166883,12.900591,77.466721,Kumbalagodu Flyover,highway,1133067307,"{'alt_name': 'Bangalore-Mysore Expressway', 'highway': 'trunk', 'lanes': '2', 'maxspeed': '40', 'name': 'Bengaluru-Mysuru Expressway', 'name:kn': 'ಬೆಂಗಳೂರು-ಮೈಸೂರು ಹೆದ್ದಾರಿ', 'oneway': 'yes', 'ref': 'NH275;EC34', 'ref:old': 'SH17', 'sidewalk': 'none', 'smoothness': 'good', 'surface': 'asphalt'}",,,False,0,below flyover
2023-11-29 04:05:55,,,685.3542,0.6743921624193168,-4.134825416087683,201.4468423437912,12.900589,77.466717,Kumbalagodu Flyover,highway,1133067307,"{'alt_name': 'Bangalore-Mysore Expressway', 'highway': 'trunk', 'lanes': '2', 'maxspeed': '40', 'name': 'Bengaluru-Mysuru Expressway', 'name:kn': 'ಬೆಂಗಳೂರು-ಮೈಸೂರು ಹೆದ್ದಾರಿ', 'oneway': 'yes', 'ref': 'NH275;EC34', 'ref:old': 'SH17', 'sidewalk': 'none', 'smoothness': 'good', 'surface': 'asphalt'}",,,False,0,below flyover
2023-11-29 04:05:56,,,683.8406,1.3663209181528275,0.691928755733511,246.15724128746177,12.900582,77.466706,Kumbalagodu Flyover,highway,1133067307,"{'alt_name': 'Bangalore-Mysore Expressway', 'highway': 'trunk', 'lanes': '2', 'maxspeed': '40', 'name': 'Bengaluru-Mysuru Expressway', 'name:kn': 'ಬೆಂಗಳೂರು-ಮೈಸೂರು ಹೆದ್ದಾರಿ', 'oneway': 'yes', 'ref': 'NH275;EC34', 'ref:old': 'SH17', 'sidewalk': 'none', 'smoothness': 'good', 'surface': 'asphalt'}",,,False,0,below flyover
2023-11-29 04:05:57,,,685.5898,2.349597719513744,0.983276801360916,240.3008125847861,12.900572,77.466688,Kumbalagodu Flyover,highway,1133067307,"{'alt_name': 'Bangalore-Mysore Expressway', 'highway': 'trunk', 'lanes': '2', 'maxspeed': '40', 'name': 'Bengaluru-Mysuru Expressway', 'name:kn': 'ಬೆಂಗಳೂರು-ಮೈಸೂರು ಹೆದ್ದಾರಿ', 'oneway': 'yes', 'ref': 'NH275;EC34', 'ref:old': 'SH17', 'sidewalk': 'none', 'smoothness': 'good', 'surface': 'asphalt'}",,,False,0,below flyover
2023-11-29 04:05:58,,,684.4936,2.0506302474520286,-0.2989674720617152,252.5538895968625,12.900562,77.466672,Kumbalagodu Flyover,highway,1133067307,"{'alt_name': 'Bangalore-Mysore Expressway', 'highway': 'trunk', 'lanes': '2', 'maxspeed': '40', 'name': 'Bengaluru-Mysuru Expressway', 'name:kn': 'ಬೆಂಗಳೂರು-ಮೈಸೂರು ಹೆದ್ದಾರಿ', 'oneway': 'yes', 'ref': 'NH275;EC34', 'ref:old': 'SH17', 'sidewalk': 'none', 'smoothness': 'good', 'surface': 'asphalt'}",,,False,0,below flyover
2023-11-29 04:05:59,,,690.4833,0.8852229948599597,-1.165407252592069,116.10515682048452,12.900564,77.466676,Kumbalagodu Flyover,highway,1133067307,"{'alt_name': 'Bangalore-Mysore Expressway', 'highway': 'trunk', 'lanes': '2', 'maxspeed': '40', 'name': 'Bengaluru-Mysuru Expressway', 'name:kn': 'ಬೆಂಗಳೂರು-ಮೈಸೂರು ಹೆದ್ದಾರಿ', 'oneway': 'yes', 'ref': 'NH275;EC34', 'ref:old': 'SH17', 'sidewalk': 'none', 'smoothness': 'good', 'surface': 'asphalt'}",,,False,0,below flyover
2023-11-29 04:06:00,,,689.502,3.3294044380524745,2.444181443192515,274.4688578783485,12.900552,77.466654,Kumbalagodu Flyover,highway,1133067307,"{'alt_name': 'Bangalore-Mysore Expressway', 'highway': 'trunk', 'lanes': '2', 'maxspeed': '40', 'name': 'Bengaluru-Mysuru Expressway', 'name:kn': 'ಬೆಂಗಳೂರು-ಮೈಸೂರು ಹೆದ್ದಾರಿ', 'oneway': 'yes', 'ref': 'NH275;EC34', 'ref:old': 'SH17', 'sidewalk': 'none', 'smoothness': 'good', 'surface': 'asphalt'}",,,False,0,below flyover
2023-11-29 04:06:01,,,692.3434,2.468577593855022,-0.8608268441974527,270.61683484862937,12.900542,77.466638,Kumbalagodu Flyover,highway,1133067307,"{'alt_name': 'Bangalore-Mysore Expressway', 'highway': 'trunk', 'lanes': '2', 'maxspeed': '40', 'name': 'Bengaluru-Mysuru Expressway', 'name:kn': 'ಬೆಂಗಳೂರು-ಮೈಸೂರು ಹೆದ್ದಾರಿ', 'oneway': 'yes', 'ref': 'NH275;EC34', 'ref:old': 'SH17', 'sidewalk': 'none', 'smoothness': 'good', 'surface': 'asphalt'}",,,False,0,below flyover
2023-11-29 04:06:02,,,684.6603,7.699309010835295,5.230731416980273,217.4034095777587,12.900508,77.466581,Kumbalagodu Flyover,highway,1133067307,"{'alt_name': 'Bangalore-Mysore Expressway', 'highway': 'trunk', 'lanes': '2', 'maxspeed': '40', 'name': 'Bengaluru-Mysuru Expressway', 'name:kn': 'ಬೆಂಗಳೂರು-ಮೈಸೂರು ಹೆದ್ದಾರಿ', 'oneway': 'yes', 'ref': 'NH275;EC34', 'ref:old': 'SH17', 'sidewalk': 'none', 'smoothness': 'good', 'surface': 'asphalt'}",,,False,0,below flyover
2023-11-29 04:06:03,,,681.6383,7.354715147381583,-0.3445938634537118,193.9707039188666,12.900367,77.466615,Bengaluru-Mysuru Expressway,highway,1089832364,{'highway': 'residential'},,,False,0,below flyover
2023-11-29 04:06:04,,,693.53,11.961143204565415,4.606428057183834,338.54914743895864,12.900494,77.466557,Kumbalagodu Flyover,highway,1133067307,"{'alt_name': 'Bangalore-Mysore Expressway', 'highway': 'trunk', 'lanes': '2', 'maxspeed': '40', 'name': 'Bengaluru-Mysuru Expressway', 'name:kn': 'ಬೆಂಗಳೂರು-ಮೈಸೂರು ಹೆದ್ದಾರಿ', 'oneway': 'yes', 'ref': 'NH275;EC34', 'ref:old': 'SH17', 'sidewalk': 'none', 'smoothness': 'good', 'surface': 'asphalt'}",,,False,0,below flyover
2023-11-29 04:06:05,,,691.2806,4.516965109766923,-7.444178094798494,238.65860802840905,12.900472,77.466521,Kumbalagodu Flyover,highway,1133067307,"{'alt_name': 'Bangalore-Mysore Expressway', 'highway': 'trunk', 'lanes': '2', 'maxspeed': '40', 'name': 'Bengaluru-Mysuru Expressway', 'name:kn': 'ಬೆಂಗಳೂರು-ಮೈಸೂರು ಹೆದ್ದಾರಿ', 'oneway': 'yes', 'ref': 'NH275;EC34', 'ref:old': 'SH17', 'sidewalk': 'none', 'smoothness': 'good', 'surface': 'asphalt'}",,,False,0,below flyover
2023-11-29 04:06:06,,,691.5721,3.928169174909833,-0.5887959348570897,226.0363118633822,12.900454,77.466491,Kumbalagodu Flyover,highway,1133067307,"{'alt_name': 'Bangalore-Mysore Expressway', 'highway': 'trunk', 'lanes': '2', 'maxspeed': '40', 'name': 'Bengaluru-Mysuru Expressway', 'name:kn': 'ಬೆಂಗಳೂರು-ಮೈಸೂರು ಹೆದ್ದಾರಿ', 'oneway': 'yes', 'ref': 'NH275;EC34', 'ref:old': 'SH17', 'sidewalk': 'none', 'smoothness': 'good', 'surface': 'asphalt'}",,,False,0,below flyover
2023-11-29 04:06:07,,,689.2782,6.591299981298333,2.6631308063885,212.4238318993065,12.900426,77.466444,Kumbalagodu Flyover,highway,1133067307,"{'alt_name': 'Bangalore-Mysore Expressway', 'highway': 'trunk', 'lanes': '2', 'maxspeed': '40', 'name': 'Bengaluru-Mysuru Expressway', 'name:kn': 'ಬೆಂಗಳೂರು-ಮೈಸೂರು ಹೆದ್ದಾರಿ', 'oneway': 'yes', 'ref': 'NH275;EC34', 'ref:old': 'SH17', 'sidewalk': 'none', 'smoothness': 'good', 'surface': 'asphalt'}",,,False,0,below flyover
2023-11-29 04:06:08,,,693.3979,5.448544875812845,-1.1427551054854872,283.32713317159494,12.900408,77.466413,Kumbalagodu Flyover,highway,1133067307,"{'alt_name': 'Bangalore-Mysore Expressway', 'highway': 'trunk', 'lanes': '2', 'maxspeed': '40', 'name': 'Bengaluru-Mysuru Expressway', 'name:kn': 'ಬೆಂಗಳೂರು-ಮೈಸೂರು ಹೆದ್ದಾರಿ', 'oneway': 'yes', 'ref': 'NH275;EC34', 'ref:old': 'SH17', 'sidewalk': 'none', 'smoothness': 'good', 'surface': 'asphalt'}",,,False,0,below flyover
2023-11-29 04:06:09,,,692.1608,5.73527888324541,0.2867340074325648,263.1005543916239,12.900384,77.466373,Kumbalagodu Flyover,highway,1133067307,"{'alt_name': 'Bangalore-Mysore Expressway', 'highway': 'trunk', 'lanes': '2', 'maxspeed': '40', 'name': 'Bengaluru-Mysuru Expressway', 'name:kn': 'ಬೆಂಗಳೂರು-ಮೈಸೂರು ಹೆದ್ದಾರಿ', 'oneway': 'yes', 'ref': 'NH275;EC34', 'ref:old': 'SH17', 'sidewalk': 'none', 'smoothness': 'good', 'surface': 'asphalt'}",,,False,0,below flyover
2023-11-29 04:06:10,,,685.4679,7.355230378888742,1.619951495643332,216.0312185150545,12.900352,77.466319,Kumbalagodu Flyover,highway,1133067307,"{'alt_name': 'Bangalore-Mysore Expressway', 'highway': 'trunk', 'lanes': '2', 'maxspeed': '40', 'name': 'Bengaluru-Mysuru Expressway', 'name:kn': 'ಬೆಂಗಳೂರು-ಮೈಸೂರು ಹೆದ್ದಾರಿ', 'oneway': 'yes', 'ref': 'NH275;EC34', 'ref:old': 'SH17', 'sidewalk': 'none', 'smoothness': 'good', 'surface': 'asphalt'}",,,False,0,below flyover
2023-11-29 04:06:11,,,686.1706,3.0620907719006074,-4.293139606988135,261.0482379018681,12.900339,77.466297,Kumbalagodu Flyover,highway,1133067307,"{'alt_name': 'Bangalore-Mysore Expressway', 'highway': 'trunk', 'lanes': '2', 'maxspeed': '40', 'name': 'Bengaluru-Mysuru Expressway', 'name:kn': 'ಬೆಂಗಳೂರು-ಮೈಸೂರು ಹೆದ್ದಾರಿ', 'oneway': 'yes', 'ref': 'NH275;EC34', 'ref:old': 'SH17', 'sidewalk': 'none', 'smoothness': 'good', 'surface': 'asphalt'}",,,False,0,below flyover
2023-11-29 04:06:12,,,684.6873,8.76476423515958,5.702673463258973,186.7688404856909,12.900313,77.466254,Kumbalagodu Flyover,highway,1133067307,"{'alt_name': 'Bangalore-Mysore Expressway', 'highway': 'trunk', 'lanes': '2', 'maxspeed': '40', 'name': 'Bengaluru-Mysuru Expressway', 'name:kn': 'ಬೆಂಗಳೂರು-ಮೈಸೂರು ಹೆದ್ದಾರಿ', 'oneway': 'yes', 'ref': 'NH275;EC34', 'ref:old': 'SH17', 'sidewalk': 'none', 'smoothness': 'good', 'surface': 'asphalt'}",,,False,0,below flyover
2023-11-29 04:06:13,,,685.3605,4.344572832506981,-4.420191402652599,233.67989636652808,12.900293,77.46622,Kumbalagodu Flyover,highway,765155349,"{'access': 'private', 'highway': 'service'}",,,False,0,below flyover
2023-11-29 04:06:14,,,685.3426,3.09280542326733,-1.2517674092396511,218.20011444365508,12.90028,77.466198,Kumbalagodu Flyover,highway,765155349,"{'access': 'private', 'highway': 'service'}",,,False,0,below flyover
2023-11-29 04:06:15,,,682.5997,4.632865057543589,1.5400596342762594,244.09398922533708,12.900258,77.466161,Kumbalagodu Flyover,highway,765155349,"{'access': 'private', 'highway': 'service'}",,,False,0,below flyover
2023-11-29 04:06:16,,,683.9616,3.300294059128197,-1.3325709984153915,246.20280564899696,12.900242,77.466135,Kumbalagodu Flyover,highway,765155349,"{'access': 'private', 'highway': 'service'}",,,False,0,below flyover
2023-11-29 04:06:17,,,682.7587,3.683976731238457,0.3836826721102593,234.5066999833197,12.900225,77.466107,Kumbalagodu Flyover,highway,765155349,"{'access': 'private', 'highway': 'service'}",,,False,0,below flyover
2023-11-29 04:06:18,,,682.2076,4.1550184329351145,0.4710417016966577,232.44891433680948,12.900206,77.466074,Kumbalagodu Flyover,highway,765155349,"{'access': 'private', 'highway': 'service'}",,,False,0,below flyover
2023-11-29 04:06:19,,,682.5719,4.907970266454699,0.7529518335195844,231.2071872347986,12.900183,77.466035,Kumbalagodu Flyover,highway,765155349,"{'access': 'private', 'highway': 'service'}",,,False,0,below flyover
2023-11-29 04:06:20,,,683.4671,4.011245835606241,-0.8967244308484581,228.82018856622068,12.900165,77.466005,Kumbalagodu Flyover,highway,765155349,"{'access': 'private', 'highway': 'service'}",,,False,0,below flyover
2023-11-29 04:06:21,,,683.9516,5.277396319095058,1.2661504834888175,241.8090738989801,12.900135,77.465961,Kumbalagodu Flyover,highway,765155349,"{'access': 'private', 'highway': 'service'}",,,False,0,below flyover
2023-11-29 04:06:22,,,684.1421,4.922875108647316,-0.354521210447742,229.23512741768883,12.90011,77.465924,Kumbalagodu Flyover,highway,765155349,"{'access': 'private', 'highway': 'service'}",,,False,0,below flyover
2023-11-29 04:06:23,,,682.0186,5.826651919491386,0.9037768108440698,233.12355147853165,12.90008,77.465881,Kumbalagodu Flyover,highway,765155349,"{'access': 'private', 'highway': 'service'}",,,False,0,below flyover
2023-11-29 04:06:24,,,681.8049,5.112572430355937,-0.7140794891354494,238.60909216812323,12.900054,77.465842,Kumbalagodu Flyover,highway,765155349,"{'access': 'private', 'highway': 'service'}",,,False,0,below flyover
2023-11-29 04:06:25,,,683.6436,5.445293727680752,0.3327212973248148,267.4520733675058,12.900029,77.465807,Kumbalagodu Flyover,highway,765155349,"{'access': 'private', 'highway': 'service'}",,,False,0,below flyover
2023-11-29 04:06:26,,,683.3407,6.724324264824601,1.279030537143849,218.43130903004075,12.899996,77.465758,Kumbalagodu Flyover,highway,765155349,"{'access': 'private', 'highway': 'service'}",,,False,0,below flyover
2023-11-29 04:06:27,,,682.1629,7.141303993519422,0.4169797286948213,237.5456367667132,12.899959,77.465705,Kumbalagodu Flyover,highway,765155349,"{'access': 'private', 'highway': 'service'}",,,False,0,below flyover
2023-11-29 04:06:28,,,682.9671,7.197646781693961,0.0563427881745388,233.59890641555,12.899922,77.46565,Kumbalagodu Flyover,highway,765155349,"{'access': 'private', 'highway': 'service'}",,,False,0,below flyover
2023-11-29 04:06:29,,,682.1815,7.007346438966337,-0.1903003427276237,235.02106143595188,12.899886,77.465597,Kumbalagodu Flyover,highway,765155349,"{'access': 'private', 'highway': 'service'}",,,False,0,below flyover
2023-11-29 04:06:30,,,682.8388,7.473489610860403,0.4661431718940658,234.5329379456857,12.899847,77.465541,Kumbalagodu Flyover,highway,655500517,{'highway': 'residential'},,,False,0,below flyover
2023-11-29 04:06:31,,,683.3284,7.092889095658425,-0.3806005152019782,233.4927279451553,12.89981,77.465487,Kumbalagodu Flyover,highway,655500517,{'highway': 'residential'},,,False,0,below flyover
2023-11-29 04:06:32,,,684.1114,8.044385073862491,0.9514959782040666,238.344854434656,12.899769,77.465427,Kumbalagodu Flyover,highway,655500517,{'highway': 'residential'},,,False,0,below flyover
2023-11-29 04:06:33,,,684.4194,9.092271237520457,1.0478861636579635,236.66220219683743,12.899722,77.465358,Kumbalagodu Flyover,highway,655500517,{'highway': 'residential'},,,False,0,below flyover
2023-11-29 04:06:34,,,683.774,10.420954122384323,1.32868288486387,237.26308314407808,12.899668,77.46528,Kumbalagodu Flyover,highway,655500517,{'highway': 'residential'},,,False,0,below flyover
2023-11-29 04:06:35,,,683.2429,11.797806525217952,1.3768524028336273,238.34167546867133,12.899607,77.465191,Kumbalagodu Flyover,highway,765155350,"{'access': 'private', 'highway': 'service'}",,,False,0,below flyover
2023-11-29 04:06:36,,,685.1265,12.060901939466437,0.2630954142484825,235.66648683447588,12.899545,77.4651,Kumbalagodu Flyover,highway,765155350,"{'access': 'private', 'highway': 'service'}",,,False,0,below flyover
2023-11-29 04:06:37,,,684.4065,12.957141249392825,0.8962393099263881,236.4163669128171,12.899478,77.465002,Kumbalagodu Flyover,highway,95799644,{'highway': 'track'},,,False,0,below flyover
2023-11-29 04:06:38,,,684.2063,13.094443637871688,0.1373023884788651,237.1572765177594,12.89941,77.464903,Kumbalagodu Flyover,highway,95799644,{'highway': 'track'},,,False,0,below flyover
2023-11-29 04:06:39,,,684.2544,13.24056135249954,0.1461177146278522,235.2485442269674,12.899342,77.464803,Kumbalagodu Flyover,highway,95799644,{'highway': 'track'},,,False,0,below flyover
2023-11-29 04:06:40,,,684.4713,14.002124775653302,0.7615634231537616,235.07003350918376,12.89927,77.464698,Kumbalagodu Flyover,highway,95799644,{'highway': 'track'},,,False,0,below flyover
2023-11-29 04:06:41,,,683.6561,14.883913735648775,0.8817889599954736,236.77323717387844,12.899192,77.464585,Kumbalagodu Flyover,highway,95799644,{'highway': 'track'},,,False,0,below flyover
2023-11-29 04:06:42,,,685.4945,13.808016496990785,-1.0758972386579924,237.18875841126555,12.899121,77.464481,Kumbalagodu Flyover,highway,789197304,"{'highway': 'service', 'source': 'digitalglobe'}",,,False,0,below flyover
2023-11-29 04:06:43,,,684.8714,15.382380367220923,1.574363870230142,233.86807023576125,12.899041,77.464365,Kumbalagodu Flyover,highway,789197304,"{'highway': 'service', 'source': 'digitalglobe'}",,,False,0,below flyover
2023-11-29 04:06:44,,,684.7022,14.94553639655708,-0.4368439706638458,235.3103672120942,12.898964,77.464252,Kumbalagodu Flyover,highway,765155723,"{'access': 'private', 'highway': 'service'}",,,False,0,below flyover
2023-11-29 04:06:45,,,682.9223,16.37198762013749,1.4264512235804094,235.62545213196395,12.89888,77.464128,Kumbalagodu Flyover,highway,765155723,"{'access': 'private', 'highway': 'service'}",,,False,0,below flyover
2023-11-29 04:06:46,,,681.8934,16.47178502923061,0.0997974090931208,234.88394481900536,12.898795,77.464004,Kumbalagodu Flyover,highway,765155723,"{'access': 'private', 'highway': 'service'}",,,False,0,below flyover
2023-11-29 04:06:47,,,681.3595,16.956251917684725,0.484466888454115,236.49530752992047,12.898708,77.463876,Kumbalagodu Flyover,highway,765155723,"{'access': 'private', 'highway': 'service'}",,,False,0,below flyover
2023-11-29 04:06:48,,,681.8728,15.96280078002295,-0.9934511376617738,233.3195356059319,12.898626,77.463756,Kumbalagodu Flyover,highway,765155723,"{'access': 'private', 'highway': 'service'}",,,False,0,below flyover
2023-11-29 04:06:49,,,681.7144,16.772820459023524,0.8100196790005736,238.32545133015003,12.898539,77.463628,Kumbalagodu Flyover,highway,765155723,"{'access': 'private', 'highway': 'service'}",,,False,0,below flyover
2023-11-29 04:06:50,,,681.7681,16.69120227062552,-0.0816181883980036,233.0931554321877,12.898453,77.463503,Kumbalagodu Flyover,highway,765155724,"{'access': 'private', 'highway': 'service'}",,,False,0,below flyover
2023-11-29 04:06:51,,,682.4643,17.394303241034944,0.7031009704094231,234.4040323726176,12.898368,77.463369,Kumbalagodu Flyover,highway,765155724,"{'access': 'private', 'highway': 'service'}",,,False,0,below flyover
2023-11-29 04:06:52,,,683.1433,17.597040535575115,0.2027372945401708,235.7505072992244,12.898282,77.463231,Bengaluru-Mysuru Expressway,highway,765155724,"{'access': 'private', 'highway': 'service'}",,,False,0,below flyover
2023-11-29 04:06:53,,,682.3614,17.387222491999395,-0.2098180435757193,235.24364239405423,12.898192,77.4631,Bengaluru-Mysuru Expressway,highway,765155724,"{'access': 'private', 'highway': 'service'}",,,False,0,below flyover
2023-11-29 04:06:54,,,682.8944,18.307573252193308,0.9203507601939124,234.0452938044479,12.898098,77.462961,Bengaluru-Mysuru Expressway,highway,1133067307,"{'alt_name': 'Bangalore-Mysore Expressway', 'highway': 'trunk', 'lanes': '2', 'maxspeed': '40', 'name': 'Bengaluru-Mysuru Expressway', 'name:kn': 'ಬೆಂಗಳೂರು-ಮೈಸೂರು ಹೆದ್ದಾರಿ', 'oneway': 'yes', 'ref': 'NH275;EC34', 'ref:old': 'SH17', 'sidewalk': 'none', 'smoothness': 'good', 'surface': 'asphalt'}",,,False,0,below flyover
2023-11-29 04:06:55,,,683.9505,17.936477302337515,-0.3710959498557926,234.6269775981158,12.898006,77.462826,Bengaluru-Mysuru Expressway,highway,1163884666,"{'alt_name': 'Bangalore-Mysore Expressway', 'bridge': 'yes', 'highway': 'motorway', 'lanes': '3', 'layer': '2', 'maxspeed': '100', 'name': 'Bengaluru-Mysuru Expressway', 'name:kn': 'ಬೆಂಗಳೂರು-ಮೈಸೂರು ಹೆದ್ದಾರಿ', 'oneway': 'yes', 'ref': 'NH275;EC34', 'ref:old': 'SH17', 'sidewalk': 'none', 'smoothness': 'good', 'start_date': '2023-03-12', 'surface': 'asphalt'}",,,True,2,on flyover
2023-11-29 04:06:56,,,683.6874,17.782932163788153,-0.1535451385493615,234.93772965994765,12.897914,77.462691,Bengaluru-Mysuru Expressway,highway,1163884666,"{'alt_name': 'Bangalore-Mysore Expressway', 'bridge': 'yes', 'highway': 'motorway', 'lanes': '3', 'layer': '2', 'maxspeed': '100', 'name': 'Bengaluru-Mysuru Expressway', 'name:kn': 'ಬೆಂಗಳೂರು-ಮೈಸೂರು ಹೆದ್ದಾರಿ', 'oneway': 'yes', 'ref': 'NH275;EC34', 'ref:old': 'SH17', 'sidewalk': 'none', 'smoothness': 'good', 'start_date': '2023-03-12', 'surface': 'asphalt'}",,,True,2,on flyover
2023-11-29 04:06:57,,,683.9941,17.701635052130037,-0.0812971116581167,233.869672367307,12.897823,77.462557,Bengaluru-Mysuru Expressway,highway,1163884666,"{'alt_name': 'Bangalore-Mysore Expressway', 'bridge': 'yes', 'highway': 'motorway', 'lanes': '3', 'layer': '2', 'maxspeed': '100', 'name': 'Bengaluru-Mysuru Expressway', 'name:kn': 'ಬೆಂಗಳೂರು-ಮೈಸೂರು ಹೆದ್ದಾರಿ', 'oneway': 'yes', 'ref': 'NH275;EC34', 'ref:old': 'SH17', 'sidewalk': 'none', 'smoothness': 'good', 'start_date': '2023-03-12', 'surface': 'asphalt'}",,,True,2,on flyover
2023-11-29 04:06:58,,,681.9073,18.92319981418742,1.2215647620573833,233.8481990279452,12.897725,77.462414,Bengaluru-Mysuru Expressway,highway,1163884666,"{'alt_name': 'Bangalore-Mysore Expressway', 'bridge': 'yes', 'highway': 'motorway', 'lanes': '3', 'layer': '2', 'maxspeed': '100', 'name': 'Bengaluru-Mysuru Expressway', 'name:kn': 'ಬೆಂಗಳೂರು-ಮೈಸೂರು ಹೆದ್ದಾರಿ', 'oneway': 'yes', 'ref': 'NH275;EC34', 'ref:old': 'SH17', 'sidewalk': 'none', 'smoothness': 'good', 'start_date': '2023-03-12', 'surface': 'asphalt'}",,,True,2,on flyover
2023-11-29 04:06:59,,,683.2747,17.14716779206293,-1.7760320221244896,240.7378332419117,12.897637,77.462285,Bengaluru-Mysuru Expressway,highway,1163884666,"{'alt_name': 'Bangalore-Mysore Expressway', 'bridge': 'yes', 'highway': 'motorway', 'lanes': '3', 'layer': '2', 'maxspeed': '100', 'name': 'Bengaluru-Mysuru Expressway', 'name:kn': 'ಬೆಂಗಳೂರು-ಮೈಸೂರು ಹೆದ್ದಾರಿ', 'oneway': 'yes', 'ref': 'NH275;EC34', 'ref:old': 'SH17', 'sidewalk': 'none', 'smoothness': 'good', 'start_date': '2023-03-12', 'surface': 'asphalt'}",,,True,2,on flyover
2023-11-29 04:07:00,,,689.3919,14.541302543576824,-2.605865248486106,237.83255864470493,12.897563,77.462176,Bengaluru-Mysuru Expressway,highway,1163884666,"{'alt_name': 'Bangalore-Mysore Expressway', 'bridge': 'yes', 'highway': 'motorway', 'lanes': '3', 'layer': '2', 'maxspeed': '100', 'name': 'Bengaluru-Mysuru Expressway', 'name:kn': 'ಬೆಂಗಳೂರು-ಮೈಸೂರು ಹೆದ್ದಾರಿ', 'oneway': 'yes', 'ref': 'NH275;EC34', 'ref:old': 'SH17', 'sidewalk': 'none', 'smoothness': 'good', 'start_date': '2023-03-12', 'surface': 'asphalt'}",,,True,2,on flyover
2023-11-29 04:07:01,,,685.1041,20.71647302978905,6.175170486212226,231.14519477409564,12.897455,77.462018,Bengaluru-Mysuru Expressway,highway,1163884666,"{'alt_name': 'Bangalore-Mysore Expressway', 'bridge': 'yes', 'highway': 'motorway', 'lanes': '3', 'layer': '2', 'maxspeed': '100', 'name': 'Bengaluru-Mysuru Expressway', 'name:kn': 'ಬೆಂಗಳೂರು-ಮೈಸೂರು ಹೆದ್ದಾರಿ', 'oneway': 'yes', 'ref': 'NH275;EC34', 'ref:old': 'SH17', 'sidewalk': 'none', 'smoothness': 'good', 'start_date': '2023-03-12', 'surface': 'asphalt'}",,,True,2,on flyover
2023-11-29 04:07:02,,,685.9899,17.700157916013165,-3.016315113775885,238.22099053095627,12.897359,77.461889,Bengaluru-Mysuru Expressway,highway,153208378,"{'alt_name': 'Bangalore-Mysore Expressway', 'highway': 'tertiary', 'lanes': '2', 'maxspeed': '60', 'name': 'Bengaluru-Mysuru Expressway', 'name:kn': 'ಬೆಂಗಳೂರು-ಮೈಸೂರು ಹೆದ್ದಾರಿ', 'oneway': 'yes', 'ref': 'NH275;EC34', 'ref:old': 'SH17', 'sidewalk': 'none', 'smoothness': 'good', 'surface': 'asphalt'}",,,False,0,below flyover
2023-11-29 04:07:03,,,684.2925,18.724242611200104,1.0240846951869391,226.93787072586684,12.897254,77.461753,Bengaluru-Mysuru Expressway,highway,153208378,"{'alt_name': 'Bangalore-Mysore Expressway', 'highway': 'tertiary', 'lanes': '2', 'maxspeed': '60', 'name': 'Bengaluru-Mysuru Expressway', 'name:kn': 'ಬೆಂಗಳೂರು-ಮೈಸೂರು ಹೆದ್ದಾರಿ', 'oneway': 'yes', 'ref': 'NH275;EC34', 'ref:old': 'SH17', 'sidewalk': 'none', 'smoothness': 'good', 'surface': 'asphalt'}",,,False,0,below flyover
2023-11-29 04:07:04,,,686.7017,16.026917482252305,-2.6973251289478,227.18227974263937,12.897158,77.461642,Bengaluru-Mysuru Expressway,highway,153208378,"{'alt_name': 'Bangalore-Mysore Expressway', 'highway': 'tertiary', 'lanes': '2', 'maxspeed': '60', 'name': 'Bengaluru-Mysuru Expressway', 'name:kn': 'ಬೆಂಗಳೂರು-ಮೈಸೂರು ಹೆದ್ದಾರಿ', 'oneway': 'yes', 'ref': 'NH275;EC34', 'ref:old': 'SH17', 'sidewalk': 'none', 'smoothness': 'good', 'surface': 'asphalt'}",,,False,0,below flyover
2023-11-29 04:07:05,,,686.1162,18.12206471870383,2.095147236451524,229.610981039986,12.897021,77.461546,Bengaluru-Mysuru Expressway,highway,153208378,"{'alt_name': 'Bangalore-Mysore Expressway', 'highway': 'tertiary', 'lanes': '2', 'maxspeed': '60', 'name': 'Bengaluru-Mysuru Expressway', 'name:kn': 'ಬೆಂಗಳೂರು-ಮೈಸೂರು ಹೆದ್ದಾರಿ', 'oneway': 'yes', 'ref': 'NH275;EC34', 'ref:old': 'SH17', 'sidewalk': 'none', 'smoothness': 'good', 'surface': 'asphalt'}",,,False,0,below flyover
2023-11-29 04:07:06,,,687.4727,17.135866044036632,-0.9861986746671968,226.4153542999024,12.896911,77.461434,Bengaluru-Mysuru Expressway,highway,153208378,"{'alt_name': 'Bangalore-Mysore Expressway', 'highway': 'tertiary', 'lanes': '2', 'maxspeed': '60', 'name': 'Bengaluru-Mysuru Expressway', 'name:kn': 'ಬೆಂಗಳೂರು-ಮೈಸೂರು ಹೆದ್ದಾರಿ', 'oneway': 'yes', 'ref': 'NH275;EC34', 'ref:old': 'SH17', 'sidewalk': 'none', 'smoothness': 'good', 'surface': 'asphalt'}",,,False,0,below flyover
2023-11-29 04:07:07,,,684.6351,19.530183107957665,2.394317063921033,222.4689902791905,12.896786,77.461308,Bengaluru-Mysuru Expressway,highway,153208378,"{'alt_name': 'Bangalore-Mysore Expressway', 'highway': 'tertiary', 'lanes': '2', 'maxspeed': '60', 'name': 'Bengaluru-Mysuru Expressway', 'name:kn': 'ಬೆಂಗಳೂರು-ಮೈಸೂರು ಹೆದ್ದಾರಿ', 'oneway': 'yes', 'ref': 'NH275;EC34', 'ref:old': 'SH17', 'sidewalk': 'none', 'smoothness': 'good', 'surface': 'asphalt'}",,,False,0,below flyover
2023-11-29 04:07:08,,,684.3039,17.89321984331045,-1.636963264647214,223.69750400068352,12.896665,77.461201,Bengaluru-Mysuru Expressway,highway,153208378,"{'alt_name': 'Bangalore-Mysore Expressway', 'highway': 'tertiary', 'lanes': '2', 'maxspeed': '60', 'name': 'Bengaluru-Mysuru Expressway', 'name:kn': 'ಬೆಂಗಳೂರು-ಮೈಸೂರು ಹೆದ್ದಾರಿ', 'oneway': 'yes', 'ref': 'NH275;EC34', 'ref:old': 'SH17', 'sidewalk': 'none', 'smoothness': 'good', 'surface': 'asphalt'}",,,False,0,below flyover
2023-11-29 04:07:09,,,686.1066,17.81757913895853,-0.0756407043519225,221.9773225411797,12.896569,77.461063,Bengaluru-Mysuru Expressway,highway,153208378,"{'alt_name': 'Bangalore-Mysore Expressway', 'highway': 'tertiary', 'lanes': '2', 'maxspeed': '60', 'name': 'Bengaluru-Mysuru Expressway', 'name:kn': 'ಬೆಂಗಳೂರು-ಮೈಸೂರು ಹೆದ್ದಾರಿ', 'oneway': 'yes', 'ref': 'NH275;EC34', 'ref:old': 'SH17', 'sidewalk': 'none', 'smoothness': 'good', 'surface': 'asphalt'}",,,False,0,below flyover
2023-11-29 04:07:10,,,686.3683,18.37075523419897,0.5531760952404454,216.90731072569767,12.896438,77.460985,,service,153208378,"{'alt_name': 'Bangalore-Mysore Expressway', 'highway': 'tertiary', 'lanes': '2', 'maxspeed': '60', 'name': 'Bengaluru-Mysuru Expressway', 'name:kn': 'ಬೆಂಗಳೂರು-ಮೈಸೂರು ಹೆದ್ದಾರಿ', 'oneway': 'yes', 'ref': 'NH275;EC34', 'ref:old': 'SH17', 'sidewalk': 'none', 'smoothness': 'good', 'surface': 'asphalt'}",,,False,0,below flyover
2023-11-29 04:07:11,,,688.3997,17.823299075519063,-0.5474561586799105,217.71126448707147,12.896312,77.460856,Bengaluru-Mysuru Expressway,highway,153208378,"{'alt_name': 'Bangalore-Mysore Expressway', 'highway': 'tertiary', 'lanes': '2', 'maxspeed': '60', 'name': 'Bengaluru-Mysuru Expressway', 'name:kn': 'ಬೆಂಗಳೂರು-ಮೈಸೂರು ಹೆದ್ದಾರಿ', 'oneway': 'yes', 'ref': 'NH275;EC34', 'ref:old': 'SH17', 'sidewalk': 'none', 'smoothness': 'good', 'surface': 'asphalt'}",,,False,0,below flyover
2023-11-29 04:07:12,,,690.7192,16.192916543818686,-1.630382531700377,230.74625180418164,12.896199,77.460769,Bengaluru-Mysuru Expressway,highway,153208378,"{'alt_name': 'Bangalore-Mysore Expressway', 'highway': 'tertiary', 'lanes': '2', 'maxspeed': '60', 'name': 'Bengaluru-Mysuru Expressway', 'name:kn': 'ಬೆಂಗಳೂರು-ಮೈಸೂರು ಹೆದ್ದಾರಿ', 'oneway': 'yes', 'ref': 'NH275;EC34', 'ref:old': 'SH17', 'sidewalk': 'none', 'smoothness': 'good', 'surface': 'asphalt'}",,,False,0,below flyover
2023-11-29 04:07:13,,,689.6542,19.60559089810019,3.412674354281503,214.08805465655053,12.896059,77.460661,Bengaluru-Mysuru Expressway,highway,153208378,"{'alt_name': 'Bangalore-Mysore Expressway', 'highway': 'tertiary', 'lanes': '2', 'maxspeed': '60', 'name': 'Bengaluru-Mysuru Expressway', 'name:kn': 'ಬೆಂಗಳೂರು-ಮೈಸೂರು ಹೆದ್ದಾರಿ', 'oneway': 'yes', 'ref': 'NH275;EC34', 'ref:old': 'SH17', 'sidewalk': 'none', 'smoothness': 'good', 'surface': 'asphalt'}",,,False,0,below flyover
2023-11-29 04:07:14,,,690.9033,17.676301011019323,-1.9292898870808664,218.2920921804144,12.895931,77.460562,Bengaluru-Mysuru Expressway,highway,153208378,"{'alt_name': 'Bangalore-Mysore Expressway', 'highway': 'tertiary', 'lanes': '2', 'maxspeed': '60', 'name': 'Bengaluru-Mysuru Expressway', 'name:kn': 'ಬೆಂಗಳೂರು-ಮೈಸೂರು ಹೆದ್ದಾರಿ', 'oneway': 'yes', 'ref': 'NH275;EC34', 'ref:old': 'SH17', 'sidewalk': 'none', 'smoothness': 'good', 'surface': 'asphalt'}",,,False,0,below flyover
2023-11-29 04:07:15,,,687.4138,20.526383656124167,2.8500826451048447,208.0730030693377,12.895786,77.46045,Bengaluru-Mysuru Expressway,highway,153208378,"{'alt_name': 'Bangalore-Mysore Expressway', 'highway': 'tertiary', 'lanes': '2', 'maxspeed': '60', 'name': 'Bengaluru-Mysuru Expressway', 'name:kn': 'ಬೆಂಗಳೂರು-ಮೈಸೂರು ಹೆದ್ದಾರಿ', 'oneway': 'yes', 'ref': 'NH275;EC34', 'ref:old': 'SH17', 'sidewalk': 'none', 'smoothness': 'good', 'surface': 'asphalt'}",,,False,0,below flyover
2023-11-29 04:07:16,,,688.5293,17.616861545665728,-2.90952211045844,215.50321575564783,12.895659,77.460353,Bengaluru-Mysuru Expressway,highway,153208378,"{'alt_name': 'Bangalore-Mysore Expressway', 'highway': 'tertiary', 'lanes': '2', 'maxspeed': '60', 'name': 'Bengaluru-Mysuru Expressway', 'name:kn': 'ಬೆಂಗಳೂರು-ಮೈಸೂರು ಹೆದ್ದಾರಿ', 'oneway': 'yes', 'ref': 'NH275;EC34', 'ref:old': 'SH17', 'sidewalk': 'none', 'smoothness': 'good', 'surface': 'asphalt'}",,,False,0,below flyover
2023-11-29 04:07:17,,,689.7039,17.87296499349049,0.2561034478247634,218.9171805669033,12.895531,77.460254,Bengaluru-Mysuru Expressway,highway,153208378,"{'alt_name': 'Bangalore-Mysore Expressway', 'highway': 'tertiary', 'lanes': '2', 'maxspeed': '60', 'name': 'Bengaluru-Mysuru Expressway', 'name:kn': 'ಬೆಂಗಳೂರು-ಮೈಸೂರು ಹೆದ್ದಾರಿ', 'oneway': 'yes', 'ref': 'NH275;EC34', 'ref:old': 'SH17', 'sidewalk': 'none', 'smoothness': 'good', 'surface': 'asphalt'}",,,False,0,below flyover
2023-11-29 04:07:18,,,688.1874,18.675469835999657,0.8025048425091654,217.8047635190862,12.895396,77.460151,Bengaluru-Mysuru Expressway,highway,153208378,"{'alt_name': 'Bangalore-Mysore Expressway', 'highway': 'tertiary', 'lanes': '2', 'maxspeed': '60', 'name': 'Bengaluru-Mysuru Expressway', 'name:kn': 'ಬೆಂಗಳೂರು-ಮೈಸೂರು ಹೆದ್ದಾರಿ', 'oneway': 'yes', 'ref': 'NH275;EC34', 'ref:old': 'SH17', 'sidewalk': 'none', 'smoothness': 'good', 'surface': 'asphalt'}",,,False,0,below flyover
2023-11-29 04:07:19,,,690.0924,18.77888376819667,0.1034139321970144,216.85410073540783,12.895261,77.460046,Bengaluru-Mysuru Expressway,highway,153208378,"{'alt_name': 'Bangalore-Mysore Expressway', 'highway': 'tertiary', 'lanes': '2', 'maxspeed': '60', 'name': 'Bengaluru-Mysuru Expressway', 'name:kn': 'ಬೆಂಗಳೂರು-ಮೈಸೂರು ಹೆದ್ದಾರಿ', 'oneway': 'yes', 'ref': 'NH275;EC34', 'ref:old': 'SH17', 'sidewalk': 'none', 'smoothness': 'good', 'surface': 'asphalt'}",,,False,0,below flyover
2023-11-29 04:07:20,,,690.0277,18.19289487438764,-0.5859888938090343,216.6822087562907,12.89513,77.459945,Bengaluru-Mysuru Expressway,highway,153208378,"{'alt_name': 'Bangalore-Mysore Expressway', 'highway': 'tertiary', 'lanes': '2', 'maxspeed': '60', 'name': 'Bengaluru-Mysuru Expressway', 'name:kn': 'ಬೆಂಗಳೂರು-ಮೈಸೂರು ಹೆದ್ದಾರಿ', 'oneway': 'yes', 'ref': 'NH275;EC34', 'ref:old': 'SH17', 'sidewalk': 'none', 'smoothness': 'good', 'surface': 'asphalt'}",,,False,0,below flyover
2023-11-29 04:07:21,,,688.6749,20.16431122038978,1.971416346002144,216.2838129196317,12.894985,77.459833,Bengaluru-Mysuru Expressway,highway,153208378,"{'alt_name': 'Bangalore-Mysore Expressway', 'highway': 'tertiary', 'lanes': '2', 'maxspeed': '60', 'name': 'Bengaluru-Mysuru Expressway', 'name:kn': 'ಬೆಂಗಳೂರು-ಮೈಸೂರು ಹೆದ್ದಾರಿ', 'oneway': 'yes', 'ref': 'NH275;EC34', 'ref:old': 'SH17', 'sidewalk': 'none', 'smoothness': 'good', 'surface': 'asphalt'}",,,False,0,below flyover
2023-11-29 04:07:22,,,688.7299,17.928185680637117,-2.236125539752664,217.9246731186265,12.894856,77.459734,Bengaluru-Mysuru Expressway,highway,153208378,"{'alt_name': 'Bangalore-Mysore Expressway', 'highway': 'tertiary', 'lanes': '2', 'maxspeed': '60', 'name': 'Bengaluru-Mysuru Expressway', 'name:kn': 'ಬೆಂಗಳೂರು-ಮೈಸೂರು ಹೆದ್ದಾರಿ', 'oneway': 'yes', 'ref': 'NH275;EC34', 'ref:old': 'SH17', 'sidewalk': 'none', 'smoothness': 'good', 'surface': 'asphalt'}",,,False,0,below flyover
2023-11-29 04:07:23,,,688.9182,18.63119460418096,0.7030089235438446,215.99263587599657,12.894723,77.459631,Bengaluru-Mysuru Expressway,highway,153208378,"{'alt_name': 'Bangalore-Mysore Expressway', 'highway': 'tertiary', 'lanes': '2', 'maxspeed': '60', 'name': 'Bengaluru-Mysuru Expressway', 'name:kn': 'ಬೆಂಗಳೂರು-ಮೈಸೂರು ಹೆದ್ದಾರಿ', 'oneway': 'yes', 'ref': 'NH275;EC34', 'ref:old': 'SH17', 'sidewalk': 'none', 'smoothness': 'good', 'surface': 'asphalt'}",,,False,0,below flyover
2023-11-29 04:07:24,,,690.7213,20.23890261471594,1.607708010534978,215.6204293108556,12.894553,77.459552,Bengaluru-Mysuru Expressway,highway,153208378,"{'alt_name': 'Bangalore-Mysore Expressway', 'highway': 'tertiary', 'lanes': '2', 'maxspeed': '60', 'name': 'Bengaluru-Mysuru Expressway', 'name:kn': 'ಬೆಂಗಳೂರು-ಮೈಸೂರು ಹೆದ್ದಾರಿ', 'oneway': 'yes', 'ref': 'NH275;EC34', 'ref:old': 'SH17', 'sidewalk': 'none', 'smoothness': 'good', 'surface': 'asphalt'}",,,False,0,below flyover
2023-11-29 04:07:25,,,689.6736,17.65976880873917,-2.5791338059767703,216.1706294775417,12.894426,77.459453,Bengaluru-Mysuru Expressway,highway,153208378,"{'alt_name': 'Bangalore-Mysore Expressway', 'highway': 'tertiary', 'lanes': '2', 'maxspeed': '60', 'name': 'Bengaluru-Mysuru Expressway', 'name:kn': 'ಬೆಂಗಳೂರು-ಮೈಸೂರು ಹೆದ್ದಾರಿ', 'oneway': 'yes', 'ref': 'NH275;EC34', 'ref:old': 'SH17', 'sidewalk': 'none', 'smoothness': 'good', 'surface': 'asphalt'}",,,False,0,below flyover
2023-11-29 04:07:26,,,687.9413,18.97421656700608,1.3144477582669083,217.55414359806937,12.89429,77.459347,Bengaluru-Mysuru Expressway,highway,153208378,"{'alt_name': 'Bangalore-Mysore Expressway', 'highway': 'tertiary', 'lanes': '2', 'maxspeed': '60', 'name': 'Bengaluru-Mysuru Expressway', 'name:kn': 'ಬೆಂಗಳೂರು-ಮೈಸೂರು ಹೆದ್ದಾರಿ', 'oneway': 'yes', 'ref': 'NH275;EC34', 'ref:old': 'SH17', 'sidewalk': 'none', 'smoothness': 'good', 'surface': 'asphalt'}",,,False,0,below flyover
2023-11-29 04:07:27,,,688.3643,20.41860798941587,1.4443914224097938,217.2917544307063,12.894144,77.459235,Bengaluru-Mysuru Expressway,highway,153208378,"{'alt_name': 'Bangalore-Mysore Expressway', 'highway': 'tertiary', 'lanes': '2', 'maxspeed': '60', 'name': 'Bengaluru-Mysuru Expressway', 'name:kn': 'ಬೆಂಗಳೂರು-ಮೈಸೂರು ಹೆದ್ದಾರಿ', 'oneway': 'yes', 'ref': 'NH275;EC34', 'ref:old': 'SH17', 'sidewalk': 'none', 'smoothness': 'good', 'surface': 'asphalt'}",,,False,0,below flyover
2023-11-29 04:07:28,,,688.2525,18.37648677427021,-2.04212121514566,213.3786290235162,12.894011,77.459134,Bengaluru-Mysuru Expressway,highway,153208378,"{'alt_name': 'Bangalore-Mysore Expressway', 'highway': 'tertiary', 'lanes': '2', 'maxspeed': '60', 'name': 'Bengaluru-Mysuru Expressway', 'name:kn': 'ಬೆಂಗಳೂರು-ಮೈಸೂರು ಹೆದ್ದಾರಿ', 'oneway': 'yes', 'ref': 'NH275;EC34', 'ref:old': 'SH17', 'sidewalk': 'none', 'smoothness': 'good', 'surface': 'asphalt'}",,,False,0,below flyover
2023-11-29 04:07:29,,,686.7403,19.89399564506434,1.5175088707941278,220.9080836714939,12.893893,77.458992,Bengaluru-Mysuru Expressway,highway,153208378,"{'alt_name': 'Bangalore-Mysore Expressway', 'highway': 'tertiary', 'lanes': '2', 'maxspeed': '60', 'name': 'Bengaluru-Mysuru Expressway', 'name:kn': 'ಬೆಂಗಳೂರು-ಮೈಸೂರು ಹೆದ್ದಾರಿ', 'oneway': 'yes', 'ref': 'NH275;EC34', 'ref:old': 'SH17', 'sidewalk': 'none', 'smoothness': 'good', 'surface': 'asphalt'}",,,False,0,below flyover
2023-11-29 04:07:30,,,685.4724,17.817251069776407,-2.0767445752879325,211.7538614855971,12.893737,77.458931,Bengaluru-Mysuru Expressway,highway,153208378,"{'alt_name': 'Bangalore-Mysore Expressway', 'highway': 'tertiary', 'lanes': '2', 'maxspeed': '60', 'name': 'Bengaluru-Mysuru Expressway', 'name:kn': 'ಬೆಂಗಳೂರು-ಮೈಸೂರು ಹೆದ್ದಾರಿ', 'oneway': 'yes', 'ref': 'NH275;EC34', 'ref:old': 'SH17', 'sidewalk': 'none', 'smoothness': 'good', 'surface': 'asphalt'}",,,False,0,below flyover
2023-11-29 04:07:31,,,688.8271,18.860358362654377,1.04310729287797,223.42221343638872,12.893629,77.458789,Bengaluru-Mysuru Expressway,highway,153208378,"{'alt_name': 'Bangalore-Mysore Expressway', 'highway': 'tertiary', 'lanes': '2', 'maxspeed': '60', 'name': 'Bengaluru-Mysuru Expressway', 'name:kn': 'ಬೆಂಗಳೂರು-ಮೈಸೂರು ಹೆದ್ದಾರಿ', 'oneway': 'yes', 'ref': 'NH275;EC34', 'ref:old': 'SH17', 'sidewalk': 'none', 'smoothness': 'good', 'surface': 'asphalt'}",,,False,0,below flyover
2023-11-29 04:07:32,,,688.0464,18.580213415012647,-0.2801449476417303,205.7901993265744,12.893469,77.45873,Bengaluru-Mysuru Expressway,highway,153208378,"{'alt_name': 'Bangalore-Mysore Expressway', 'highway': 'tertiary', 'lanes': '2', 'maxspeed': '60', 'name': 'Bengaluru-Mysuru Expressway', 'name:kn': 'ಬೆಂಗಳೂರು-ಮೈಸೂರು ಹೆದ್ದಾರಿ', 'oneway': 'yes', 'ref': 'NH275;EC34', 'ref:old': 'SH17', 'sidewalk': 'none', 'smoothness': 'good', 'surface': 'asphalt'}",,,False,0,below flyover
2023-11-29 04:07:33,,,689.1461,25.38520063444305,6.804987219430405,221.0948432892608,12.893285,77.458592,Bengaluru-Mysuru Expressway,highway,153208378,"{'alt_name': 'Bangalore-Mysore Expressway', 'highway': 'tertiary', 'lanes': '2', 'maxspeed': '60', 'name': 'Bengaluru-Mysuru Expressway', 'name:kn': 'ಬೆಂಗಳೂರು-ಮೈಸೂರು ಹೆದ್ದಾರಿ', 'oneway': 'yes', 'ref': 'NH275;EC34', 'ref:old': 'SH17', 'sidewalk': 'none', 'smoothness': 'good', 'surface': 'asphalt'}",,,False,0,below flyover
2023-11-29 04:07:34,,,687.5099,17.504616192814943,-7.880584441628109,217.6694209590352,12.893191,77.458451,Bengaluru-Mysuru Expressway,highway,153208378,"{'alt_name': 'Bangalore-Mysore Expressway', 'highway': 'tertiary', 'lanes': '2', 'maxspeed': '60', 'name': 'Bengaluru-Mysuru Expressway', 'name:kn': 'ಬೆಂಗಳೂರು-ಮೈಸೂರು ಹೆದ್ದಾರಿ', 'oneway': 'yes', 'ref': 'NH275;EC34', 'ref:old': 'SH17', 'sidewalk': 'none', 'smoothness': 'good', 'surface': 'asphalt'}",,,False,0,below flyover
2023-11-29 04:07:35,,,686.9031,21.38483279472947,3.880216601914526,227.1797431674564,12.89304,77.458335,Bengaluru-Mysuru Expressway,highway,153208378,"{'alt_name': 'Bangalore-Mysore Expressway', 'highway': 'tertiary', 'lanes': '2', 'maxspeed': '60', 'name': 'Bengaluru-Mysuru Expressway', 'name:kn': 'ಬೆಂಗಳೂರು-ಮೈಸೂರು ಹೆದ್ದಾರಿ', 'oneway': 'yes', 'ref': 'NH275;EC34', 'ref:old': 'SH17', 'sidewalk': 'none', 'smoothness': 'good', 'surface': 'asphalt'}",,,False,0,below flyover
2023-11-29 04:07:36,,,683.6981,19.78881888963594,-1.5960139050935285,219.22501311866333,12.892905,77.458214,Bengaluru-Mysuru Expressway,highway,153208378,"{'alt_name': 'Bangalore-Mysore Expressway', 'highway': 'tertiary', 'lanes': '2', 'maxspeed': '60', 'name': 'Bengaluru-Mysuru Expressway', 'name:kn': 'ಬೆಂಗಳೂರು-ಮೈಸೂರು ಹೆದ್ದಾರಿ', 'oneway': 'yes', 'ref': 'NH275;EC34', 'ref:old': 'SH17', 'sidewalk': 'none', 'smoothness': 'good', 'surface': 'asphalt'}",,,False,0,below flyover
2023-11-29 04:07:37,,,688.6447,18.57717612783441,-1.211642761801535,222.3591410750101,12.892784,77.458096,Bengaluru-Mysuru Expressway,highway,153208378,"{'alt_name': 'Bangalore-Mysore Expressway', 'highway': 'tertiary', 'lanes': '2', 'maxspeed': '60', 'name': 'Bengaluru-Mysuru Expressway', 'name:kn': 'ಬೆಂಗಳೂರು-ಮೈಸೂರು ಹೆದ್ದಾರಿ', 'oneway': 'yes', 'ref': 'NH275;EC34', 'ref:old': 'SH17', 'sidewalk': 'none', 'smoothness': 'good', 'surface': 'asphalt'}",,,False,0,below flyover
2023-11-29 04:07:38,,,687.0838,20.278980341862184,1.7018042140277778,224.1212411348175,12.892656,77.457962,Bengaluru-Mysuru Expressway,highway,153208378,"{'alt_name': 'Bangalore-Mysore Expressway', 'highway': 'tertiary', 'lanes': '2', 'maxspeed': '60', 'name': 'Bengaluru-Mysuru Expressway', 'name:kn': 'ಬೆಂಗಳೂರು-ಮೈಸೂರು ಹೆದ್ದಾರಿ', 'oneway': 'yes', 'ref': 'NH275;EC34', 'ref:old': 'SH17', 'sidewalk': 'none', 'smoothness': 'good', 'surface': 'asphalt'}",,,False,0,below flyover
2023-11-29 04:07:39,,,686.573,19.390575017876685,-0.8884053239854985,225.3016422060592,12.892539,77.457831,Bengaluru-Mysuru Expressway,highway,153208378,"{'alt_name': 'Bangalore-Mysore Expressway', 'highway': 'tertiary', 'lanes': '2', 'maxspeed': '60', 'name': 'Bengaluru-Mysuru Expressway', 'name:kn': 'ಬೆಂಗಳೂರು-ಮೈಸೂರು ಹೆದ್ದಾರಿ', 'oneway': 'yes', 'ref': 'NH275;EC34', 'ref:old': 'SH17', 'sidewalk': 'none', 'smoothness': 'good', 'surface': 'asphalt'}",,,False,0,below flyover
2023-11-29 04:07:40,,,684.767,20.277562975510804,0.8869879576341191,229.77944101326207,12.892422,77.457688,Bengaluru-Mysuru Expressway,highway,153208378,"{'alt_name': 'Bangalore-Mysore Expressway', 'highway': 'tertiary', 'lanes': '2', 'maxspeed': '60', 'name': 'Bengaluru-Mysuru Expressway', 'name:kn': 'ಬೆಂಗಳೂರು-ಮೈಸೂರು ಹೆದ್ದಾರಿ', 'oneway': 'yes', 'ref': 'NH275;EC34', 'ref:old': 'SH17', 'sidewalk': 'none', 'smoothness': 'good', 'surface': 'asphalt'}",,,False,0,below flyover
2023-11-29 04:07:41,,,683.6754,20.3062135018324,0.028650526321595,233.76397590729013,12.89231,77.45754,Bengaluru-Mysuru Expressway,highway,153208378,"{'alt_name': 'Bangalore-Mysore Expressway', 'highway': 'tertiary', 'lanes': '2', 'maxspeed': '60', 'name': 'Bengaluru-Mysuru Expressway', 'name:kn': 'ಬೆಂಗಳೂರು-ಮೈಸೂರು ಹೆದ್ದಾರಿ', 'oneway': 'yes', 'ref': 'NH275;EC34', 'ref:old': 'SH17', 'sidewalk': 'none', 'smoothness': 'good', 'surface': 'asphalt'}",,,False,0,below flyover
2023-11-29 04:07:42,,,683.6679,20.52794258346854,0.2217290816361412,234.3744453686483,12.892209,77.457382,Bengaluru-Mysuru Expressway,highway,153208378,"{'alt_name': 'Bangalore-Mysore Expressway', 'highway': 'tertiary', 'lanes': '2', 'maxspeed': '60', 'name': 'Bengaluru-Mysuru Expressway', 'name:kn': 'ಬೆಂಗಳೂರು-ಮೈಸೂರು ಹೆದ್ದಾರಿ', 'oneway': 'yes', 'ref': 'NH275;EC34', 'ref:old': 'SH17', 'sidewalk': 'none', 'smoothness': 'good', 'surface': 'asphalt'}",,,False,0,below flyover
2023-11-29 04:07:43,,,683.9851,22.632603176648846,2.1046605931803057,234.9160185548012,12.892065,77.45723,Bengaluru-Mysuru Expressway,highway,153208378,"{'alt_name': 'Bangalore-Mysore Expressway', 'highway': 'tertiary', 'lanes': '2', 'maxspeed': '60', 'name': 'Bengaluru-Mysuru Expressway', 'name:kn': 'ಬೆಂಗಳೂರು-ಮೈಸೂರು ಹೆದ್ದಾರಿ', 'oneway': 'yes', 'ref': 'NH275;EC34', 'ref:old': 'SH17', 'sidewalk': 'none', 'smoothness': 'good', 'surface': 'asphalt'}",,,False,0,below flyover
2023-11-29 04:07:44,,,684.2388,22.485833973703503,-0.1467692029453431,238.4347462950275,12.891991,77.457033,Bengaluru-Mysuru Expressway,highway,153208378,"{'alt_name': 'Bangalore-Mysore Expressway', 'highway': 'tertiary', 'lanes': '2', 'maxspeed': '60', 'name': 'Bengaluru-Mysuru Expressway', 'name:kn': 'ಬೆಂಗಳೂರು-ಮೈಸೂರು ಹೆದ್ದಾರಿ', 'oneway': 'yes', 'ref': 'NH275;EC34', 'ref:old': 'SH17', 'sidewalk': 'none', 'smoothness': 'good', 'surface': 'asphalt'}",,,False,0,below flyover
2023-11-29 04:07:45,,,684.8039,22.92150629911802,0.4356723254145151,239.95605028226527,12.89188,77.456854,Bengaluru-Mysuru Expressway,highway,153208378,"{'alt_name': 'Bangalore-Mysore Expressway', 'highway': 'tertiary', 'lanes': '2', 'maxspeed': '60', 'name': 'Bengaluru-Mysuru Expressway', 'name:kn': 'ಬೆಂಗಳೂರು-ಮೈಸೂರು ಹೆದ್ದಾರಿ', 'oneway': 'yes', 'ref': 'NH275;EC34', 'ref:old': 'SH17', 'sidewalk': 'none', 'smoothness': 'good', 'surface': 'asphalt'}",,,False,0,below flyover
2023-11-29 04:07:46,,,684.8212,23.684417257906457,0.7629109587884386,235.4804364447774,12.891766,77.45667,Bengaluru-Mysuru Expressway,highway,153208378,"{'alt_name': 'Bangalore-Mysore Expressway', 'highway': 'tertiary', 'lanes': '2', 'maxspeed': '60', 'name': 'Bengaluru-Mysuru Expressway', 'name:kn': 'ಬೆಂಗಳೂರು-ಮೈಸೂರು ಹೆದ್ದಾರಿ', 'oneway': 'yes', 'ref': 'NH275;EC34', 'ref:old': 'SH17', 'sidewalk': 'none', 'smoothness': 'good', 'surface': 'asphalt'}",,,False,0,below flyover
2023-11-29 04:07:47,,,683.0629,24.55321533691932,0.868798079012862,235.8269855003257,12.891611,77.456502,Bengaluru-Mysuru Expressway,highway,153208378,"{'alt_name': 'Bangalore-Mysore Expressway', 'highway': 'tertiary', 'lanes': '2', 'maxspeed': '60', 'name': 'Bengaluru-Mysuru Expressway', 'name:kn': 'ಬೆಂಗಳೂರು-ಮೈಸೂರು ಹೆದ್ದಾರಿ', 'oneway': 'yes', 'ref': 'NH275;EC34', 'ref:old': 'SH17', 'sidewalk': 'none', 'smoothness': 'good', 'surface': 'asphalt'}",,,False,0,below flyover
2023-11-29 04:07:48,,,685.4079,23.921936536706863,-0.6312788002124528,235.73169149448125,12.891498,77.456315,Bengaluru-Mysuru Expressway,highway,153208378,"{'alt_name': 'Bangalore-Mysore Expressway', 'highway': 'tertiary', 'lanes': '2', 'maxspeed': '60', 'name': 'Bengaluru-Mysuru Expressway', 'name:kn': 'ಬೆಂಗಳೂರು-ಮೈಸೂರು ಹೆದ್ದಾರಿ', 'oneway': 'yes', 'ref': 'NH275;EC34', 'ref:old': 'SH17', 'sidewalk': 'none', 'smoothness': 'good', 'surface': 'asphalt'}",,,False,0,below flyover
2023-11-29 04:07:49,,,684.8909,23.75359366331929,-0.1683428733875764,238.56126905122085,12.891383,77.456131,Bengaluru-Mysuru Expressway,highway,153208378,"{'alt_name': 'Bangalore-Mysore Expressway', 'highway': 'tertiary', 'lanes': '2', 'maxspeed': '60', 'name': 'Bengaluru-Mysuru Expressway', 'name:kn': 'ಬೆಂಗಳೂರು-ಮೈಸೂರು ಹೆದ್ದಾರಿ', 'oneway': 'yes', 'ref': 'NH275;EC34', 'ref:old': 'SH17', 'sidewalk': 'none', 'smoothness': 'good', 'surface': 'asphalt'}",,,False,0,below flyover
2023-11-29 04:07:50,,,684.2568,23.57918797954717,-0.1744056837721181,235.93493691737467,12.891268,77.455948,Bengaluru-Mysuru Expressway,highway,153208378,"{'alt_name': 'Bangalore-Mysore Expressway', 'highway': 'tertiary', 'lanes': '2', 'maxspeed': '60', 'name': 'Bengaluru-Mysuru Expressway', 'name:kn': 'ಬೆಂಗಳೂರು-ಮೈಸೂರು ಹೆದ್ದಾರಿ', 'oneway': 'yes', 'ref': 'NH275;EC34', 'ref:old': 'SH17', 'sidewalk': 'none', 'smoothness': 'good', 'surface': 'asphalt'}",,,False,0,below flyover
2023-11-29 04:07:51,,,684.8812,23.42472279339239,-0.1544651861547805,236.9778407975649,12.891153,77.455766,Bengaluru-Mysuru Expressway,highway,153208378,"{'alt_name': 'Bangalore-Mysore Expressway', 'highway': 'tertiary', 'lanes': '2', 'maxspeed': '60', 'name': 'Bengaluru-Mysuru Expressway', 'name:kn': 'ಬೆಂಗಳೂರು-ಮೈಸೂರು ಹೆದ್ದಾರಿ', 'oneway': 'yes', 'ref': 'NH275;EC34', 'ref:old': 'SH17', 'sidewalk': 'none', 'smoothness': 'good', 'surface': 'asphalt'}",,,False,0,below flyover
2023-11-29 04:07:52,,,685.2632,22.804899542644005,-0.6198232507483858,235.53625244357715,12.891043,77.455589,Bengaluru-Mysuru Expressway,highway,675662530,"{'alt_name': 'Bangalore-Mysore Expressway', 'bridge': 'yes', 'highway': 'tertiary', 'lanes': '2', 'layer': '1', 'maxspeed': '60', 'name': 'Bengaluru-Mysuru Expressway', 'name:kn': 'ಬೆಂಗಳೂರು-ಮೈಸೂರು ಹೆದ್ದಾರಿ', 'oneway': 'yes', 'ref': 'NH275;EC34', 'ref:old': 'SH17', 'sidewalk': 'none', 'smoothness': 'good', 'surface': 'asphalt'}",,,True,1,on flyover
2023-11-29 04:07:53,,,684.1676,22.79582792379452,-0.0090716188494859,239.37581539354744,12.890927,77.455417,Bengaluru-Mysuru Expressway,highway,675662530,"{'alt_name': 'Bangalore-Mysore Expressway', 'bridge': 'yes', 'highway': 'tertiary', 'lanes': '2', 'layer': '1', 'maxspeed': '60', 'name': 'Bengaluru-Mysuru Expressway', 'name:kn': 'ಬೆಂಗಳೂರು-ಮೈಸೂರು ಹೆದ್ದಾರಿ', 'oneway': 'yes', 'ref': 'NH275;EC34', 'ref:old': 'SH17', 'sidewalk': 'none', 'smoothness': 'good', 'surface': 'asphalt'}",,,True,1,on flyover
2023-11-29 04:07:54,,,682.7009,22.78255413595578,-0.0132737878387381,234.76350053876115,12.890806,77.455247,Bengaluru-Mysuru Expressway,highway,675662530,"{'alt_name': 'Bangalore-Mysore Expressway', 'bridge': 'yes', 'highway': 'tertiary', 'lanes': '2', 'layer': '1', 'maxspeed': '60', 'name': 'Bengaluru-Mysuru Expressway', 'name:kn': 'ಬೆಂಗಳೂರು-ಮೈಸೂರು ಹೆದ್ದಾರಿ', 'oneway': 'yes', 'ref': 'NH275;EC34', 'ref:old': 'SH17', 'sidewalk': 'none', 'smoothness': 'good', 'surface': 'asphalt'}",,,True,1,on flyover
2023-11-29 04:07:55,,,685.6139,21.796079162508416,-0.9864749734473648,230.78130348953977,12.890691,77.455086,Bengaluru-Mysuru Expressway,highway,1163884666,"{'alt_name': 'Bangalore-Mysore Expressway', 'bridge': 'yes', 'highway': 'motorway', 'lanes': '3', 'layer': '2', 'maxspeed': '100', 'name': 'Bengaluru-Mysuru Expressway', 'name:kn': 'ಬೆಂಗಳೂರು-ಮೈಸೂರು ಹೆದ್ದಾರಿ', 'oneway': 'yes', 'ref': 'NH275;EC34', 'ref:old': 'SH17', 'sidewalk': 'none', 'smoothness': 'good', 'start_date': '2023-03-12', 'surface': 'asphalt'}",,,True,2,on flyover
2023-11-29 04:07:56,,,685.4835,21.24111842441574,-0.554960738092678,237.9920038316056,12.890607,77.454906,Bengaluru-Mysuru Expressway,highway,799836247,"{'access': 'private', 'highway': 'service', 'source': 'digitalglobe'}",,,False,0,below flyover
2023-11-29 04:07:57,,,684.7413,22.6009814621674,1.359863037751662,228.5211571802259,12.890452,77.454765,Bengaluru-Mysuru Expressway,highway,799836247,"{'access': 'private', 'highway': 'service', 'source': 'digitalglobe'}",,,False,0,below flyover
2023-11-29 04:07:58,,,685.6977,20.34048692241784,-2.2604945397495584,233.8975222633492,12.890339,77.454619,Bengaluru-Mysuru Expressway,highway,799836247,"{'access': 'private', 'highway': 'service', 'source': 'digitalglobe'}",,,False,0,below flyover
2023-11-29 04:07:59,,,680.4423,21.48801050431746,1.1475235818996197,237.59600026596263,12.890254,77.454435,Bengaluru-Mysuru Expressway,highway,799836247,"{'access': 'private', 'highway': 'service', 'source': 'digitalglobe'}",,,False,0,below flyover
2023-11-29 04:08:00,,,680.4866,21.661175936305405,0.1731654319879432,231.0854604657256,12.890133,77.454279,Bengaluru-Mysuru Expressway,highway,1163884666,"{'alt_name': 'Bangalore-Mysore Expressway', 'bridge': 'yes', 'highway': 'motorway', 'lanes': '3', 'layer': '2', 'maxspeed': '100', 'name': 'Bengaluru-Mysuru Expressway', 'name:kn': 'ಬೆಂಗಳೂರು-ಮೈಸೂರು ಹೆದ್ದಾರಿ', 'oneway': 'yes', 'ref': 'NH275;EC34', 'ref:old': 'SH17', 'sidewalk': 'none', 'smoothness': 'good', 'start_date': '2023-03-12', 'surface': 'asphalt'}",,,True,2,on flyover
2023-11-29 04:08:01,,,678.7755,20.6996193921217,-0.9615565441837042,229.48493630444145,12.890017,77.454129,Bengaluru-Mysuru Expressway,highway,1163884666,"{'alt_name': 'Bangalore-Mysore Expressway', 'bridge': 'yes', 'highway': 'motorway', 'lanes': '3', 'layer': '2', 'maxspeed': '100', 'name': 'Bengaluru-Mysuru Expressway', 'name:kn': 'ಬೆಂಗಳೂರು-ಮೈಸೂರು ಹೆದ್ದಾರಿ', 'oneway': 'yes', 'ref': 'NH275;EC34', 'ref:old': 'SH17', 'sidewalk': 'none', 'smoothness': 'good', 'start_date': '2023-03-12', 'surface': 'asphalt'}",,,True,2,on flyover
2023-11-29 04:08:02,,,672.738,21.066170951257227,0.3665515591355266,228.92909320016165,12.889899,77.453978,Bengaluru-Mysuru Expressway,highway,1163884666,"{'alt_name': 'Bangalore-Mysore Expressway', 'bridge': 'yes', 'highway': 'motorway', 'lanes': '3', 'layer': '2', 'maxspeed': '100', 'name': 'Bengaluru-Mysuru Expressway', 'name:kn': 'ಬೆಂಗಳೂರು-ಮೈಸೂರು ಹೆದ್ದಾರಿ', 'oneway': 'yes', 'ref': 'NH275;EC34', 'ref:old': 'SH17', 'sidewalk': 'none', 'smoothness': 'good', 'start_date': '2023-03-12', 'surface': 'asphalt'}",,,True,2,on flyover
2023-11-29 04:08:03,,,682.4132,19.272854146735423,-1.793316804521801,235.29733842071604,12.889791,77.453839,Bengaluru-Mysuru Expressway,highway,1163884666,"{'alt_name': 'Bangalore-Mysore Expressway', 'bridge': 'yes', 'highway': 'motorway', 'lanes': '3', 'layer': '2', 'maxspeed': '100', 'name': 'Bengaluru-Mysuru Expressway', 'name:kn': 'ಬೆಂಗಳೂರು-ಮೈಸೂರು ಹೆದ್ದಾರಿ', 'oneway': 'yes', 'ref': 'NH275;EC34', 'ref:old': 'SH17', 'sidewalk': 'none', 'smoothness': 'good', 'start_date': '2023-03-12', 'surface': 'asphalt'}",,,True,2,on flyover
2023-11-29 04:08:04,,,685.9234,19.55854467567472,0.2856905289392948,234.76337849899528,12.889681,77.453698,Bengaluru-Mysuru Expressway,highway,799836249,"{'access': 'private', 'highway': 'service', 'source': 'digitalglobe'}",,,False,0,below flyover
2023-11-29 04:08:05,,,679.908,24.16927699204513,4.610732316370413,233.19030394753847,12.889545,77.453525,Bengaluru-Mysuru Expressway,highway,799836249,"{'access': 'private', 'highway': 'service', 'source': 'digitalglobe'}",,,False,0,below flyover
2023-11-29 04:08:06,,,687.4213,25.827285602256808,1.6580086102116738,230.4802345891792,12.889394,77.453345,Bengaluru-Mysuru Expressway,highway,765175972,{'highway': 'service'},,,False,0,below flyover
2023-11-29 04:08:07,,,683.3139,16.399833829747717,-9.427451772509093,229.89748476482583,12.889294,77.453235,Bengaluru-Mysuru Expressway,highway,765175972,{'highway': 'service'},,,False,0,below flyover
2023-11-29 04:08:08,,,678.8288,28.502313723591232,12.102479893843515,210.9685452384964,12.889073,77.4531,Bengaluru-Mysuru Expressway,highway,765175972,{'highway': 'service'},,,False,0,below flyover
2023-11-29 04:08:09,,,682.0489,25.81411769451048,-2.6881960290807534,231.7958461143383,12.888944,77.452899,Bengaluru-Mysuru Expressway,highway,765175971,"{'highway': 'service', 'service': 'parking_aisle'}",,,False,0,below flyover
2023-11-29 04:08:10,,,691.0129,18.103922111927904,-7.710195582582575,218.1118983738101,12.888817,77.452795,Bengaluru-Mysuru Expressway,highway,765175971,"{'highway': 'service', 'service': 'parking_aisle'}",,,False,0,below flyover
2023-11-29 04:08:11,,,686.1754,22.09151013283719,3.9875880209092855,223.372010452253,12.888661,77.452671,Bengaluru-Mysuru Expressway,highway,765175971,"{'highway': 'service', 'service': 'parking_aisle'}",,,False,0,below flyover
2023-11-29 04:08:12,,,688.4355,16.41228559248879,-5.6792245403484,220.2677460706057,12.888544,77.452578,Bengaluru-Mysuru Expressway,highway,765175971,"{'highway': 'service', 'service': 'parking_aisle'}",,,False,0,below flyover
2023-11-29 04:08:13,,,689.5636,24.501857533765083,8.089571941276294,220.8744696495444,12.888371,77.45244,Bengaluru-Mysuru Expressway,highway,765175971,"{'highway': 'service', 'service': 'parking_aisle'}",,,False,0,below flyover
2023-11-29 04:08:14,,,686.8947,22.944988570713257,-1.5568689630518264,208.5286531695185,12.88821,77.452311,Bengaluru-Mysuru Expressway,highway,799836240,"{'access': 'private', 'highway': 'residential', 'oneway': 'yes'}",,,False,0,below flyover
2023-11-29 04:08:15,,,686.6899,23.306542716710617,0.3615541459973599,218.3382535797386,12.888045,77.45218,Bengaluru-Mysuru Expressway,highway,799836240,"{'access': 'private', 'highway': 'residential', 'oneway': 'yes'}",,,False,0,below flyover
2023-11-29 04:08:16,,,695.2488,17.747136279600202,-5.559406437110415,218.57679419812456,12.887918,77.452079,Bengaluru-Mysuru Expressway,highway,799836240,"{'access': 'private', 'highway': 'residential', 'oneway': 'yes'}",,,False,0,below flyover
2023-11-29 04:08:17,,,688.2192,17.82700391862957,0.0798676390293664,227.80177637570617,12.887794,77.451979,Bengaluru-Mysuru Expressway,highway,799836240,"{'access': 'private', 'highway': 'residential', 'oneway': 'yes'}",,,False,0,below flyover
2023-11-29 04:08:18,,,689.4862,27.05850666158554,9.231502742955971,212.30730548033708,12.887602,77.451827,Bengaluru-Mysuru Expressway,highway,799836240,"{'access': 'private', 'highway': 'residential', 'oneway': 'yes'}",,,False,0,below flyover
2023-11-29 04:08:19,,,693.4518,19.094910045894544,-7.963596615690996,216.2079077044177,12.887467,77.451719,Bengaluru-Mysuru Expressway,highway,799767680,"{'highway': 'service', 'source': 'digitalglobe'}",,,False,0,below flyover
2023-11-29 04:08:20,,,693.6554,22.426271043225448,3.331360997330904,221.7406542465744,12.887308,77.451592,Bengaluru-Mysuru Expressway,highway,799767680,"{'highway': 'service', 'source': 'digitalglobe'}",,,False,0,below flyover
2023-11-29 04:08:21,,,694.4051,26.08265787367791,3.656386830452462,204.6432594089624,12.887103,77.45148,Bengaluru-Mysuru Expressway,highway,799767680,"{'highway': 'service', 'source': 'digitalglobe'}",,,False,0,below flyover
2023-11-29 04:08:22,,,693.4589,16.226650396986454,-9.856007476691456,216.1711050958639,12.886989,77.451389,Bengaluru-Mysuru Expressway,highway,799767680,"{'highway': 'service', 'source': 'digitalglobe'}",,,False,0,below flyover
2023-11-29 04:08:23,,,696.367,15.977339755632146,-0.2493106413543078,223.7095127133558,12.886876,77.451298,Bengaluru-Mysuru Expressway,highway,799767680,"{'highway': 'service', 'source': 'digitalglobe'}",,,False,0,below flyover
2023-11-29 04:08:24,,,697.544,26.56241293845344,10.585073182821292,219.8815335668416,12.886711,77.451116,Bengaluru-Mysuru Expressway,highway,1112997174,"{'highway': 'secondary', 'oneway': 'yes'}",,,False,0,below flyover
2023-11-29 04:08:25,,,693.8361,18.784145696833946,-7.778267241619496,224.02734234515088,12.886578,77.451011,Bengaluru-Mysuru Expressway,highway,799767681,"{'access': 'private', 'highway': 'service', 'source': 'digitalglobe'}",,,False,0,below flyover
2023-11-29 04:08:26,,,691.0237,23.61627288489422,4.8321271880602765,216.20150806028167,12.886411,77.450877,Bengaluru-Mysuru Expressway,highway,799767681,"{'access': 'private', 'highway': 'service', 'source': 'digitalglobe'}",,,False,0,below flyover
2023-11-29 04:08:27,,,689.2098,21.272368270246545,-2.3439046146476734,216.62040537701915,12.88626,77.450757,Bengaluru-Mysuru Expressway,highway,799767681,"{'access': 'private', 'highway': 'service', 'source': 'digitalglobe'}",,,False,0,below flyover
2023-11-29 04:08:28,,,689.0568,20.24665859087652,-1.0257096793700278,214.6165162804454,12.886116,77.450642,Bengaluru-Mysuru Expressway,highway,799767681,"{'access': 'private', 'highway': 'service', 'source': 'digitalglobe'}",,,False,0,below flyover
2023-11-29 04:08:29,,,683.7281,22.761039593776907,2.514381002900389,215.8739564764977,12.88593,77.450545,Bengaluru-Mysuru Expressway,highway,1163884666,"{'alt_name': 'Bangalore-Mysore Expressway', 'bridge': 'yes', 'highway': 'motorway', 'lanes': '3', 'layer': '2', 'maxspeed': '100', 'name': 'Bengaluru-Mysuru Expressway', 'name:kn': 'ಬೆಂಗಳೂರು-ಮೈಸೂರು ಹೆದ್ದಾರಿ', 'oneway': 'yes', 'ref': 'NH275;EC34', 'ref:old': 'SH17', 'sidewalk': 'none', 'smoothness': 'good', 'start_date': '2023-03-12', 'surface': 'asphalt'}",,,True,2,on flyover
2023-11-29 04:08:30,,,679.652,23.08533322067647,0.3242936268995642,216.26032020479303,12.885768,77.450413,Bengaluru-Mysuru Expressway,highway,1163884666,"{'alt_name': 'Bangalore-Mysore Expressway', 'bridge': 'yes', 'highway': 'motorway', 'lanes': '3', 'layer': '2', 'maxspeed': '100', 'name': 'Bengaluru-Mysuru Expressway', 'name:kn': 'ಬೆಂಗಳೂರು-ಮೈಸೂರು ಹೆದ್ದಾರಿ', 'oneway': 'yes', 'ref': 'NH275;EC34', 'ref:old': 'SH17', 'sidewalk': 'none', 'smoothness': 'good', 'start_date': '2023-03-12', 'surface': 'asphalt'}",,,True,2,on flyover
2023-11-29 04:08:31,,,676.0058,18.359105611192323,-4.726227609484148,222.81391999715845,12.885661,77.450279,Bengaluru-Mysuru Expressway,highway,799767681,"{'access': 'private', 'highway': 'service', 'source': 'digitalglobe'}",,,False,0,below flyover
2023-11-29 04:08:32,,,677.0176,21.1122468305682,2.753141219375877,217.9255637164921,12.885511,77.45016,Bengaluru-Mysuru Expressway,highway,799767681,"{'access': 'private', 'highway': 'service', 'source': 'digitalglobe'}",,,False,0,below flyover
2023-11-29 04:08:33,,,678.0038,20.36584347050444,-0.7464033600637627,217.41986716812187,12.885366,77.450044,Bengaluru-Mysuru Expressway,highway,1163884666,"{'alt_name': 'Bangalore-Mysore Expressway', 'bridge': 'yes', 'highway': 'motorway', 'lanes': '3', 'layer': '2', 'maxspeed': '100', 'name': 'Bengaluru-Mysuru Expressway', 'name:kn': 'ಬೆಂಗಳೂರು-ಮೈಸೂರು ಹೆದ್ದಾರಿ', 'oneway': 'yes', 'ref': 'NH275;EC34', 'ref:old': 'SH17', 'sidewalk': 'none', 'smoothness': 'good', 'start_date': '2023-03-12', 'surface': 'asphalt'}",,,True,2,on flyover
2023-11-29 04:08:34,,,677.8781,20.31370834917278,-0.0521351213316556,216.1798299017956,12.8852,77.449959,Bengaluru-Mysuru Expressway,highway,1163884666,"{'alt_name': 'Bangalore-Mysore Expressway', 'bridge': 'yes', 'highway': 'motorway', 'lanes': '3', 'layer': '2', 'maxspeed': '100', 'name': 'Bengaluru-Mysuru Expressway', 'name:kn': 'ಬೆಂಗಳೂರು-ಮೈಸೂರು ಹೆದ್ದಾರಿ', 'oneway': 'yes', 'ref': 'NH275;EC34', 'ref:old': 'SH17', 'sidewalk': 'none', 'smoothness': 'good', 'start_date': '2023-03-12', 'surface': 'asphalt'}",,,True,2,on flyover
2023-11-29 04:08:35,,,678.0048,22.54986272588585,2.236154376713074,218.30974226199385,12.88504,77.449832,Bengaluru-Mysuru Expressway,highway,1163884666,"{'alt_name': 'Bangalore-Mysore Expressway', 'bridge': 'yes', 'highway': 'motorway', 'lanes': '3', 'layer': '2', 'maxspeed': '100', 'name': 'Bengaluru-Mysuru Expressway', 'name:kn': 'ಬೆಂಗಳೂರು-ಮೈಸೂರು ಹೆದ್ದಾರಿ', 'oneway': 'yes', 'ref': 'NH275;EC34', 'ref:old': 'SH17', 'sidewalk': 'none', 'smoothness': 'good', 'start_date': '2023-03-12', 'surface': 'asphalt'}",,,True,2,on flyover
2023-11-29 04:08:36,,,678.3377,21.8847094774434,-0.6651532484424614,216.26159337431548,12.884884,77.449707,Bengaluru-Mysuru Expressway,highway,1163884666,"{'alt_name': 'Bangalore-Mysore Expressway', 'bridge': 'yes', 'highway': 'motorway', 'lanes': '3', 'layer': '2', 'maxspeed': '100', 'name': 'Bengaluru-Mysuru Expressway', 'name:kn': 'ಬೆಂಗಳೂರು-ಮೈಸೂರು ಹೆದ್ದಾರಿ', 'oneway': 'yes', 'ref': 'NH275;EC34', 'ref:old': 'SH17', 'sidewalk': 'none', 'smoothness': 'good', 'start_date': '2023-03-12', 'surface': 'asphalt'}",,,True,2,on flyover
2023-11-29 04:08:37,,,678.3201,22.29488946090961,0.4101799834662145,218.9904362958048,12.884726,77.449581,Bengaluru-Mysuru Expressway,highway,1163884666,"{'alt_name': 'Bangalore-Mysore Expressway', 'bridge': 'yes', 'highway': 'motorway', 'lanes': '3', 'layer': '2', 'maxspeed': '100', 'name': 'Bengaluru-Mysuru Expressway', 'name:kn': 'ಬೆಂಗಳೂರು-ಮೈಸೂರು ಹೆದ್ದಾರಿ', 'oneway': 'yes', 'ref': 'NH275;EC34', 'ref:old': 'SH17', 'sidewalk': 'none', 'smoothness': 'good', 'start_date': '2023-03-12', 'surface': 'asphalt'}",,,True,2,on flyover
2023-11-29 04:08:38,,,677.5647,22.30322857743684,0.0083391165272317,218.7671148722572,12.88459,77.449425,Bengaluru-Mysuru Expressway,highway,1163884666,"{'alt_name': 'Bangalore-Mysore Expressway', 'bridge': 'yes', 'highway': 'motorway', 'lanes': '3', 'layer': '2', 'maxspeed': '100', 'name': 'Bengaluru-Mysuru Expressway', 'name:kn': 'ಬೆಂಗಳೂರು-ಮೈಸೂರು ಹೆದ್ದಾರಿ', 'oneway': 'yes', 'ref': 'NH275;EC34', 'ref:old': 'SH17', 'sidewalk': 'none', 'smoothness': 'good', 'start_date': '2023-03-12', 'surface': 'asphalt'}",,,True,2,on flyover
2023-11-29 04:08:39,,,677.637,20.807699433389217,-1.495529144047623,217.08853695144123,12.88442,77.449338,Bengaluru-Mysuru Expressway,highway,1163884666,"{'alt_name': 'Bangalore-Mysore Expressway', 'bridge': 'yes', 'highway': 'motorway', 'lanes': '3', 'layer': '2', 'maxspeed': '100', 'name': 'Bengaluru-Mysuru Expressway', 'name:kn': 'ಬೆಂಗಳೂರು-ಮೈಸೂರು ಹೆದ್ದಾರಿ', 'oneway': 'yes', 'ref': 'NH275;EC34', 'ref:old': 'SH17', 'sidewalk': 'none', 'smoothness': 'good', 'start_date': '2023-03-12', 'surface': 'asphalt'}",,,True,2,on flyover
2023-11-29 04:08:40,,,678.3351,22.57132558521825,1.7636261518290333,216.8558179477737,12.88426,77.44921,Bengaluru-Mysuru Expressway,highway,1163884666,"{'alt_name': 'Bangalore-Mysore Expressway', 'bridge': 'yes', 'highway': 'motorway', 'lanes': '3', 'layer': '2', 'maxspeed': '100', 'name': 'Bengaluru-Mysuru Expressway', 'name:kn': 'ಬೆಂಗಳೂರು-ಮೈಸೂರು ಹೆದ್ದಾರಿ', 'oneway': 'yes', 'ref': 'NH275;EC34', 'ref:old': 'SH17', 'sidewalk': 'none', 'smoothness': 'good', 'start_date': '2023-03-12', 'surface': 'asphalt'}",,,True,2,on flyover
2023-11-29 04:08:41,,,677.2576,21.809313499741805,-0.7620120854764458,217.9830113813376,12.884103,77.449089,Bengaluru-Mysuru Expressway,highway,1163884666,"{'alt_name': 'Bangalore-Mysore Expressway', 'bridge': 'yes', 'highway': 'motorway', 'lanes': '3', 'layer': '2', 'maxspeed': '100', 'name': 'Bengaluru-Mysuru Expressway', 'name:kn': 'ಬೆಂಗಳೂರು-ಮೈಸೂರು ಹೆದ್ದಾರಿ', 'oneway': 'yes', 'ref': 'NH275;EC34', 'ref:old': 'SH17', 'sidewalk': 'none', 'smoothness': 'good', 'start_date': '2023-03-12', 'surface': 'asphalt'}",,,True,2,on flyover
2023-11-29 04:08:42,,,679.755,21.226468392604502,-0.5828451071372989,213.1031214960988,12.88395,77.448973,Bengaluru-Mysuru Expressway,highway,799752139,"{'highway': 'service', 'source': 'digitalglobe'}",,,False,0,below flyover
2023-11-29 04:08:43,,,677.7408,22.636699708407004,1.4102313158024984,218.11490874651813,12.883782,77.448856,Bengaluru-Mysuru Expressway,highway,799752139,"{'highway': 'service', 'source': 'digitalglobe'}",,,False,0,below flyover
2023-11-29 04:08:44,,,681.0797,22.29441983554562,-0.3422798728613827,214.9615244138664,12.883617,77.448741,Bengaluru-Mysuru Expressway,highway,799752139,"{'highway': 'service', 'source': 'digitalglobe'}",,,False,0,below flyover
2023-11-29 04:08:45,,,681.0273,22.37578847681648,0.0813686412708598,210.42413267790167,12.883444,77.448635,Bengaluru-Mysuru Expressway,highway,799836237,"{'highway': 'residential', 'source': 'digitalglobe'}",,,False,0,below flyover
2023-11-29 04:08:46,,,682.1,19.94379659132265,-2.431991885493833,213.2880613300545,12.883319,77.448492,Bengaluru-Mysuru Expressway,highway,799836237,"{'highway': 'residential', 'source': 'digitalglobe'}",,,False,0,below flyover
2023-11-29 04:08:47,,,681.7412,21.157997655977724,1.2142010646550752,209.5164728127889,12.883128,77.448439,Bengaluru-Mysuru Expressway,highway,799836237,"{'highway': 'residential', 'source': 'digitalglobe'}",,,False,0,below flyover
2023-11-29 04:08:48,,,682.8548,20.08738928966079,-1.0706083663169323,216.3621822384396,12.882999,77.448301,Bengaluru-Mysuru Expressway,highway,799836237,"{'highway': 'residential', 'source': 'digitalglobe'}",,,False,0,below flyover
2023-11-29 04:08:49,,,681.272,22.35073857165861,2.2633492819978187,210.8718889092644,12.882826,77.448197,Bengaluru-Mysuru Expressway,highway,1163884666,"{'alt_name': 'Bangalore-Mysore Expressway', 'bridge': 'yes', 'highway': 'motorway', 'lanes': '3', 'layer': '2', 'maxspeed': '100', 'name': 'Bengaluru-Mysuru Expressway', 'name:kn': 'ಬೆಂಗಳೂರು-ಮೈಸೂರು ಹೆದ್ದಾರಿ', 'oneway': 'yes', 'ref': 'NH275;EC34', 'ref:old': 'SH17', 'sidewalk': 'none', 'smoothness': 'good', 'start_date': '2023-03-12', 'surface': 'asphalt'}",,,True,2,on flyover
2023-11-29 04:08:50,,,682.2758,19.45154188633761,-2.8991966853209945,205.4763952090509,12.882653,77.448144,Bengaluru-Mysuru Expressway,highway,1163884666,"{'alt_name': 'Bangalore-Mysore Expressway', 'bridge': 'yes', 'highway': 'motorway', 'lanes': '3', 'layer': '2', 'maxspeed': '100', 'name': 'Bengaluru-Mysuru Expressway', 'name:kn': 'ಬೆಂಗಳೂರು-ಮೈಸೂರು ಹೆದ್ದಾರಿ', 'oneway': 'yes', 'ref': 'NH275;EC34', 'ref:old': 'SH17', 'sidewalk': 'none', 'smoothness': 'good', 'start_date': '2023-03-12', 'surface': 'asphalt'}",,,True,2,on flyover
2023-11-29 04:08:51,,,683.2602,21.405638683973617,1.9540967976360013,213.35177101737327,12.88251,77.448007,Bengaluru-Mysuru Expressway,highway,1163884666,"{'alt_name': 'Bangalore-Mysore Expressway', 'bridge': 'yes', 'highway': 'motorway', 'lanes': '3', 'layer': '2', 'maxspeed': '100', 'name': 'Bengaluru-Mysuru Expressway', 'name:kn': 'ಬೆಂಗಳೂರು-ಮೈಸೂರು ಹೆದ್ದಾರಿ', 'oneway': 'yes', 'ref': 'NH275;EC34', 'ref:old': 'SH17', 'sidewalk': 'none', 'smoothness': 'good', 'start_date': '2023-03-12', 'surface': 'asphalt'}",,,True,2,on flyover
2023-11-29 04:08:52,,,682.1851,19.99940932384606,-1.4062293601275575,211.4805046071152,12.882354,77.447914,Bengaluru-Mysuru Expressway,highway,1163884666,"{'alt_name': 'Bangalore-Mysore Expressway', 'bridge': 'yes', 'highway': 'motorway', 'lanes': '3', 'layer': '2', 'maxspeed': '100', 'name': 'Bengaluru-Mysuru Expressway', 'name:kn': 'ಬೆಂಗಳೂರು-ಮೈಸೂರು ಹೆದ್ದಾರಿ', 'oneway': 'yes', 'ref': 'NH275;EC34', 'ref:old': 'SH17', 'sidewalk': 'none', 'smoothness': 'good', 'start_date': '2023-03-12', 'surface': 'asphalt'}",,,True,2,on flyover
2023-11-29 04:08:53,,,685.21,20.71499504433758,0.7155857204915215,205.4961565606845,12.882173,77.447855,Bengaluru-Mysuru Expressway,highway,662043000,{'highway': 'residential'},,,False,0,below flyover
2023-11-29 04:08:54,,,686.8658,19.464287296164024,-1.2507077481735571,213.8834461997029,12.882043,77.447727,Bengaluru-Mysuru Expressway,highway,662043000,{'highway': 'residential'},,,False,0,below flyover
2023-11-29 04:08:55,,,686.7252,20.68153408768248,1.2172467915184555,205.95348874113952,12.881862,77.44767,Bengaluru-Mysuru Expressway,highway,662043000,{'highway': 'residential'},,,False,0,below flyover
2023-11-29 04:08:56,,,686.6758,20.447406379757645,-0.2341277079248342,209.26626448222072,12.881702,77.447575,Bengaluru-Mysuru Expressway,highway,662043000,{'highway': 'residential'},,,False,0,below flyover
2023-11-29 04:08:57,,,684.5569,20.704050433845424,0.2566440540877792,210.4957071564739,12.881541,77.44748,Bengaluru-Mysuru Expressway,highway,662043000,{'highway': 'residential'},,,False,0,below flyover
2023-11-29 04:08:58,,,685.8733,20.13207169969205,-0.5719787341533724,210.2589336544305,12.881383,77.447388,Bengaluru-Mysuru Expressway,highway,662043000,{'highway': 'residential'},,,False,0,below flyover
2023-11-29 04:08:59,,,685.5497,20.09762152108021,-0.0344501786118414,208.8550008145235,12.881226,77.447296,Bengaluru-Mysuru Expressway,highway,662043000,{'highway': 'residential'},,,False,0,below flyover
2023-11-29 04:09:00,,,685.0859,18.809944071857995,-1.2876774492222154,215.8949139219981,12.881107,77.447164,Bengaluru-Mysuru Expressway,highway,662043000,{'highway': 'residential'},,,False,0,below flyover
2023-11-29 04:09:01,,,684.6876,20.00826090958936,1.198316837731365,210.1464202613228,12.880951,77.447071,Bengaluru-Mysuru Expressway,highway,662043000,{'highway': 'residential'},,,False,0,below flyover
2023-11-29 04:09:02,,,685.2384,18.643037258338254,-1.365223651251107,208.69010329937137,12.880806,77.446984,Bengaluru-Mysuru Expressway,highway,798117111,"{'highway': 'residential', 'source': 'digitalglobe'}",,,False,0,below flyover
2023-11-29 04:09:03,,,686.4304,19.84866180060793,1.205624542269682,215.68658440983216,12.880653,77.446892,Bengaluru-Mysuru Expressway,highway,798117111,"{'highway': 'residential', 'source': 'digitalglobe'}",,,False,0,below flyover
2023-11-29 04:09:04,,,687.1114,19.673411726724417,-0.1752500738835181,206.35395011930848,12.880501,77.446801,Bengaluru-Mysuru Expressway,highway,798117111,"{'highway': 'residential', 'source': 'digitalglobe'}",,,False,0,below flyover
2023-11-29 04:09:05,,,687.8608,17.233856043828975,-2.439555682895442,213.2662848842644,12.880367,77.446721,Bengaluru-Mysuru Expressway,highway,798117111,"{'highway': 'residential', 'source': 'digitalglobe'}",,,False,0,below flyover
2023-11-29 04:09:06,,,687.2739,20.57267544100721,3.3388193971782307,210.1842361543281,12.880208,77.446623,Bengaluru-Mysuru Expressway,highway,798117110,"{'highway': 'residential', 'source': 'digitalglobe', 'surface': 'unpaved'}",,,False,0,below flyover
2023-11-29 04:09:07,,,690.8545,18.06039789466729,-2.51227754633992,211.625846615236,12.880069,77.446537,Bengaluru-Mysuru Expressway,highway,798117103,"{'highway': 'residential', 'source': 'digitalglobe'}",,,False,0,below flyover
2023-11-29 04:09:08,,,690.2758,18.40967904669285,0.3492811520255685,209.0556254165009,12.879928,77.44645,Bengaluru-Mysuru Expressway,highway,798117103,"{'highway': 'residential', 'source': 'digitalglobe'}",,,False,0,below flyover
2023-11-29 04:09:09,,,688.5703,19.56025410958972,1.1505750628968592,209.84472057940368,12.879778,77.446357,Bengaluru-Mysuru Expressway,highway,798117103,"{'highway': 'residential', 'source': 'digitalglobe'}",,,False,0,below flyover
2023-11-29 04:09:10,,,692.3077,18.23449489066263,-1.3257592189270824,215.83148935733297,12.879637,77.44627,Bengaluru-Mysuru Expressway,highway,798117103,"{'highway': 'residential', 'source': 'digitalglobe'}",,,False,0,below flyover
2023-11-29 04:09:11,,,693.4327,18.482949053127367,0.2484541624647356,207.1704454385874,12.879495,77.446182,Bengaluru-Mysuru Expressway,highway,608209225,{'highway': 'residential'},,,False,0,below flyover
2023-11-29 04:09:12,,,692.703,21.169697271201336,2.686748218073969,215.7249846010621,12.879333,77.446081,Bengaluru-Mysuru Expressway,highway,608209225,{'highway': 'residential'},,,False,0,below flyover
2023-11-29 04:09:13,,,693.9688,18.72932246048574,-2.4403748107155963,207.573810433493,12.879189,77.445992,Bengaluru-Mysuru Expressway,highway,608209225,{'highway': 'residential'},,,False,0,below flyover
2023-11-29 04:09:14,,,692.2055,19.7608565512449,1.031534090759159,211.2826296218626,12.879037,77.445898,Bengaluru-Mysuru Expressway,highway,608209225,{'highway': 'residential'},,,False,0,below flyover
2023-11-29 04:09:15,,,692.1576,18.50836105867706,-1.2524954925678389,213.4326177189556,12.878895,77.445809,Bengaluru-Mysuru Expressway,highway,608209225,{'highway': 'residential'},,,False,0,below flyover
2023-11-29 04:09:16,,,700.0993,16.825766314275103,-1.6825947444019569,202.7062753103021,12.878738,77.445779,Bengaluru-Mysuru Expressway,highway,662042999,{'highway': 'residential'},,,False,0,below flyover
2023-11-29 04:09:17,,,694.9366,21.37316571231376,4.547399398038653,215.2291049165234,12.878603,77.445628,Bengaluru-Mysuru Expressway,highway,662042999,{'highway': 'residential'},,,False,0,below flyover
2023-11-29 04:09:18,,,690.6512,19.83300288293401,-1.5401628293797422,217.96167348935927,12.878451,77.445534,Bengaluru-Mysuru Expressway,highway,662043000,{'highway': 'residential'},,,False,0,below flyover
2023-11-29 04:09:19,,,690.6915,19.57296191163677,-0.26004097129724,210.6805777970968,12.8783,77.445439,,service,662043000,{'highway': 'residential'},,,False,0,below flyover
2023-11-29 04:09:20,,,690.9222,18.74074979478419,-0.8322121168525847,206.05300192149764,12.878156,77.445352,Bengaluru-Mysuru Expressway,highway,662043000,{'highway': 'residential'},,,False,0,below flyover
2023-11-29 04:09:21,,,691.09,19.144183954530344,0.4034341597461548,214.2299749411936,12.87801,77.445261,Bengaluru-Mysuru Expressway,highway,662043000,{'highway': 'residential'},,,False,0,below flyover
2023-11-29 04:09:22,,,691.3535,19.291855398891723,0.1476714443613787,210.4388307330668,12.877863,77.445166,Bengaluru-Mysuru Expressway,highway,662043000,{'highway': 'residential'},,,False,0,below flyover
2023-11-29 04:09:23,,,689.5094,20.10328858086906,0.8114331819773355,214.3960424364769,12.87771,77.445067,Bengaluru-Mysuru Expressway,highway,662043000,{'highway': 'residential'},,,False,0,below flyover
2023-11-29 04:09:24,,,690.6074,19.743330581883736,-0.3599579989853225,210.82931225775545,12.877561,77.444969,Bengaluru-Mysuru Expressway,highway,662043000,{'highway': 'residential'},,,False,0,below flyover
2023-11-29 04:09:25,,,689.9921,20.71185713693929,0.9685265550555542,210.1646396387504,12.877404,77.444867,Bengaluru-Mysuru Expressway,highway,662043000,{'highway': 'residential'},,,False,0,below flyover
2023-11-29 04:09:26,,,691.13,19.86626500755634,-0.8455921293829505,211.2097650271808,12.877253,77.444769,Bengaluru-Mysuru Expressway,highway,662043000,{'highway': 'residential'},,,False,0,below flyover
2023-11-29 04:09:27,,,689.5977,20.33438094425164,0.4681159366953018,216.4132736348347,12.877098,77.444669,Bengaluru-Mysuru Expressway,highway,662043000,{'highway': 'residential'},,,False,0,below flyover
2023-11-29 04:09:28,,,690.7705,17.255063828370066,-3.079317115881576,213.5983304361705,12.876966,77.444585,Bengaluru-Mysuru Expressway,highway,662043000,{'highway': 'residential'},,,False,0,below flyover
2023-11-29 04:09:29,,,690.722,21.52356427908164,4.268500450711574,212.826323159472,12.876803,77.444478,Bengaluru-Mysuru Expressway,highway,662043000,{'highway': 'residential'},,,False,0,below flyover
2023-11-29 04:09:30,,,692.8822,20.67860522276633,-0.8449590563153109,212.30516932321373,12.876649,77.444372,Bengaluru-Mysuru Expressway,highway,675662532,"{'alt_name': 'Bangalore-Mysore Expressway', 'highway': 'tertiary', 'lanes': '2', 'maxspeed': '60', 'name': 'Bengaluru-Mysuru Expressway', 'name:kn': 'ಬೆಂಗಳೂರು-ಮೈಸೂರು ಹೆದ್ದಾರಿ', 'oneway': 'yes', 'ref': 'NH275;EC34', 'ref:old': 'SH17', 'sidewalk': 'none', 'smoothness': 'good', 'surface': 'asphalt'}",,,False,0,below flyover
2023-11-29 04:09:31,,,692.5399,19.74651102868539,-0.9320941940809392,215.0853209611113,12.876505,77.444265,Bengaluru-Mysuru Expressway,highway,675662532,"{'alt_name': 'Bangalore-Mysore Expressway', 'highway': 'tertiary', 'lanes': '2', 'maxspeed': '60', 'name': 'Bengaluru-Mysuru Expressway', 'name:kn': 'ಬೆಂಗಳೂರು-ಮೈಸೂರು ಹೆದ್ದಾರಿ', 'oneway': 'yes', 'ref': 'NH275;EC34', 'ref:old': 'SH17', 'sidewalk': 'none', 'smoothness': 'good', 'surface': 'asphalt'}",,,False,0,below flyover
2023-11-29 04:09:32,,,690.0428,20.42152245138847,0.6750114227030792,219.8887487998408,12.87636,77.444149,Bengaluru-Mysuru Expressway,highway,675662532,"{'alt_name': 'Bangalore-Mysore Expressway', 'highway': 'tertiary', 'lanes': '2', 'maxspeed': '60', 'name': 'Bengaluru-Mysuru Expressway', 'name:kn': 'ಬೆಂಗಳೂರು-ಮೈಸೂರು ಹೆದ್ದಾರಿ', 'oneway': 'yes', 'ref': 'NH275;EC34', 'ref:old': 'SH17', 'sidewalk': 'none', 'smoothness': 'good', 'surface': 'asphalt'}",,,False,0,below flyover
2023-11-29 04:09:33,,,690.1239,19.71739180913936,-0.7041306422491118,220.2632593067998,12.876223,77.444035,Bengaluru-Mysuru Expressway,highway,675662532,"{'alt_name': 'Bangalore-Mysore Expressway', 'highway': 'tertiary', 'lanes': '2', 'maxspeed': '60', 'name': 'Bengaluru-Mysuru Expressway', 'name:kn': 'ಬೆಂಗಳೂರು-ಮೈಸೂರು ಹೆದ್ದಾರಿ', 'oneway': 'yes', 'ref': 'NH275;EC34', 'ref:old': 'SH17', 'sidewalk': 'none', 'smoothness': 'good', 'surface': 'asphalt'}",,,False,0,below flyover
2023-11-29 04:09:34,,,689.0001,21.28430830429288,1.5669164951535208,219.12394933766345,12.876078,77.443906,Bengaluru-Mysuru Expressway,highway,656874699,"{'access': 'permissive', 'highway': 'tertiary'}",,,False,0,below flyover
2023-11-29 04:09:35,,,687.4919,20.91319419872841,-0.3711141055644695,219.81541362969045,12.87594,77.443776,Bengaluru-Mysuru Expressway,highway,656874699,"{'access': 'permissive', 'highway': 'tertiary'}",,,False,0,below flyover
2023-11-29 04:09:36,,,687.8659,22.06647580732393,1.1532816085955204,223.1450703147001,12.875798,77.443635,Bengaluru-Mysuru Expressway,highway,656874699,"{'access': 'permissive', 'highway': 'tertiary'}",,,False,0,below flyover
2023-11-29 04:09:37,,,685.8916,21.32586440452316,-0.7406114028007735,223.89059328111503,12.875661,77.443497,Bengaluru-Mysuru Expressway,highway,656874699,"{'access': 'permissive', 'highway': 'tertiary'}",,,False,0,below flyover
2023-11-29 04:09:38,,,684.0604,21.5802469874207,0.254382582897545,221.6811147288249,12.875522,77.443358,Bengaluru-Mysuru Expressway,highway,675662532,"{'alt_name': 'Bangalore-Mysore Expressway', 'highway': 'tertiary', 'lanes': '2', 'maxspeed': '60', 'name': 'Bengaluru-Mysuru Expressway', 'name:kn': 'ಬೆಂಗಳೂರು-ಮೈಸೂರು ಹೆದ್ದಾರಿ', 'oneway': 'yes', 'ref': 'NH275;EC34', 'ref:old': 'SH17', 'sidewalk': 'none', 'smoothness': 'good', 'surface': 'asphalt'}",,,False,0,below flyover
2023-11-29 04:09:39,,,687.7171,20.11161244816326,-1.4686345392574405,229.1539372421648,12.875397,77.443227,Bengaluru-Mysuru Expressway,highway,675662532,"{'alt_name': 'Bangalore-Mysore Expressway', 'highway': 'tertiary', 'lanes': '2', 'maxspeed': '60', 'name': 'Bengaluru-Mysuru Expressway', 'name:kn': 'ಬೆಂಗಳೂರು-ಮೈಸೂರು ಹೆದ್ದಾರಿ', 'oneway': 'yes', 'ref': 'NH275;EC34', 'ref:old': 'SH17', 'sidewalk': 'none', 'smoothness': 'good', 'surface': 'asphalt'}",,,False,0,below flyover
2023-11-29 04:09:40,,,686.2839,23.27995116981241,3.1683387216491496,225.62362956041216,12.875255,77.443068,Bengaluru-Mysuru Expressway,highway,675662532,"{'alt_name': 'Bangalore-Mysore Expressway', 'highway': 'tertiary', 'lanes': '2', 'maxspeed': '60', 'name': 'Bengaluru-Mysuru Expressway', 'name:kn': 'ಬೆಂಗಳೂರು-ಮೈಸೂರು ಹೆದ್ದಾರಿ', 'oneway': 'yes', 'ref': 'NH275;EC34', 'ref:old': 'SH17', 'sidewalk': 'none', 'smoothness': 'good', 'surface': 'asphalt'}",,,False,0,below flyover
2023-11-29 04:09:41,,,685.2117,23.641146704364008,0.361195534551598,230.6704357078972,12.875115,77.442906,Bengaluru-Mysuru Expressway,highway,675662532,"{'alt_name': 'Bangalore-Mysore Expressway', 'highway': 'tertiary', 'lanes': '2', 'maxspeed': '60', 'name': 'Bengaluru-Mysuru Expressway', 'name:kn': 'ಬೆಂಗಳೂರು-ಮೈಸೂರು ಹೆದ್ದಾರಿ', 'oneway': 'yes', 'ref': 'NH275;EC34', 'ref:old': 'SH17', 'sidewalk': 'none', 'smoothness': 'good', 'surface': 'asphalt'}",,,False,0,below flyover
2023-11-29 04:09:42,,,687.1214,21.615751010280484,-2.0253956940835245,230.48034334362148,12.874989,77.442755,Bengaluru-Mysuru Expressway,highway,675662532,"{'alt_name': 'Bangalore-Mysore Expressway', 'highway': 'tertiary', 'lanes': '2', 'maxspeed': '60', 'name': 'Bengaluru-Mysuru Expressway', 'name:kn': 'ಬೆಂಗಳೂರು-ಮೈಸೂರು ಹೆದ್ದಾರಿ', 'oneway': 'yes', 'ref': 'NH275;EC34', 'ref:old': 'SH17', 'sidewalk': 'none', 'smoothness': 'good', 'surface': 'asphalt'}",,,False,0,below flyover
2023-11-29 04:09:43,,,685.1983,24.22190176135735,2.606150751076868,226.24755005932985,12.874803,77.44262,Bengaluru-Mysuru Expressway,highway,675662532,"{'alt_name': 'Bangalore-Mysore Expressway', 'highway': 'tertiary', 'lanes': '2', 'maxspeed': '60', 'name': 'Bengaluru-Mysuru Expressway', 'name:kn': 'ಬೆಂಗಳೂರು-ಮೈಸೂರು ಹೆದ್ದಾರಿ', 'oneway': 'yes', 'ref': 'NH275;EC34', 'ref:old': 'SH17', 'sidewalk': 'none', 'smoothness': 'good', 'surface': 'asphalt'}",,,False,0,below flyover
2023-11-29 04:09:44,,,686.05,23.00244299589879,-1.2194587654585618,228.0254797536907,12.874684,77.442448,Bengaluru-Mysuru Expressway,highway,675662532,"{'alt_name': 'Bangalore-Mysore Expressway', 'highway': 'tertiary', 'lanes': '2', 'maxspeed': '60', 'name': 'Bengaluru-Mysuru Expressway', 'name:kn': 'ಬೆಂಗಳೂರು-ಮೈಸೂರು ಹೆದ್ದಾರಿ', 'oneway': 'yes', 'ref': 'NH275;EC34', 'ref:old': 'SH17', 'sidewalk': 'none', 'smoothness': 'good', 'surface': 'asphalt'}",,,False,0,below flyover
2023-11-29 04:09:45,,,685.1842,22.788250997413165,-0.2141919984856244,233.6549031446192,12.874559,77.442281,Bengaluru-Mysuru Expressway,highway,124785870,{'highway': 'tertiary'},,,False,0,below flyover
2023-11-29 04:09:46,,,685.8801,23.13099684544394,0.3427458480307734,235.0173499280177,12.87443,77.442115,Bengaluru-Mysuru Expressway,highway,124785870,{'highway': 'tertiary'},,,False,0,below flyover
2023-11-29 04:09:47,,,685.8641,23.846806126866603,0.7158092814226649,231.7505521078177,12.874322,77.441933,,service,124785870,{'highway': 'tertiary'},,,False,0,below flyover
2023-11-29 04:09:48,,,685.6443,23.683161050699983,-0.1636450761666203,230.781799165833,12.874164,77.441772,Bengaluru-Mysuru Expressway,highway,124785870,{'highway': 'tertiary'},,,False,0,below flyover
2023-11-29 04:09:49,,,685.8633,22.501603974377822,-1.1815570763221608,234.1078330069368,12.874038,77.441609,Bengaluru-Mysuru Expressway,highway,124785870,{'highway': 'tertiary'},,,False,0,below flyover
2023-11-29 04:09:50,,,685.393,24.942472116616173,2.440868142238351,230.47904272778527,12.873899,77.441429,Bengaluru-Mysuru Expressway,highway,675662532,"{'alt_name': 'Bangalore-Mysore Expressway', 'highway': 'tertiary', 'lanes': '2', 'maxspeed': '60', 'name': 'Bengaluru-Mysuru Expressway', 'name:kn': 'ಬೆಂಗಳೂರು-ಮೈಸೂರು ಹೆದ್ದಾರಿ', 'oneway': 'yes', 'ref': 'NH275;EC34', 'ref:old': 'SH17', 'sidewalk': 'none', 'smoothness': 'good', 'surface': 'asphalt'}",,,False,0,below flyover
2023-11-29 04:09:51,,,682.7771,24.452030649040548,-0.490441467575625,234.3157753659385,12.873818,77.441208,Bengaluru-Mysuru Expressway,highway,675662532,"{'alt_name': 'Bangalore-Mysore Expressway', 'highway': 'tertiary', 'lanes': '2', 'maxspeed': '60', 'name': 'Bengaluru-Mysuru Expressway', 'name:kn': 'ಬೆಂಗಳೂರು-ಮೈಸೂರು ಹೆದ್ದಾರಿ', 'oneway': 'yes', 'ref': 'NH275;EC34', 'ref:old': 'SH17', 'sidewalk': 'none', 'smoothness': 'good', 'surface': 'asphalt'}",,,False,0,below flyover
2023-11-29 04:09:52,,,686.2672,23.410125401601864,-1.0419052474386843,230.40473315435656,12.873631,77.441084,Bengaluru-Mysuru Expressway,highway,675662532,"{'alt_name': 'Bangalore-Mysore Expressway', 'highway': 'tertiary', 'lanes': '2', 'maxspeed': '60', 'name': 'Bengaluru-Mysuru Expressway', 'name:kn': 'ಬೆಂಗಳೂರು-ಮೈಸೂರು ಹೆದ್ದಾರಿ', 'oneway': 'yes', 'ref': 'NH275;EC34', 'ref:old': 'SH17', 'sidewalk': 'none', 'smoothness': 'good', 'surface': 'asphalt'}",,,False,0,below flyover
2023-11-29 04:09:53,,,685.7609,23.94333592327516,0.5332105216732899,232.709058483628,12.873552,77.440866,Bengaluru-Mysuru Expressway,highway,230945041,"{'alt_name': 'Bangalore-Mysore Expressway', 'highway': 'tertiary', 'lanes': '2', 'maxspeed': '60', 'name': 'Bengaluru-Mysuru Expressway', 'name:kn': 'ಬೆಂಗಳೂರು-ಮೈಸೂರು ಹೆದ್ದಾರಿ', 'oneway': 'yes', 'ref': 'NH275;EC34', 'ref:old': 'SH17', 'sidewalk': 'none', 'smoothness': 'good', 'surface': 'asphalt'}",,,False,0,below flyover
2023-11-29 04:09:54,,,687.1525,23.274985029132555,-0.6683508941425984,231.57129211371807,12.87342,77.440699,Bengaluru-Mysuru Expressway,highway,230945041,"{'alt_name': 'Bangalore-Mysore Expressway', 'highway': 'tertiary', 'lanes': '2', 'maxspeed': '60', 'name': 'Bengaluru-Mysuru Expressway', 'name:kn': 'ಬೆಂಗಳೂರು-ಮೈಸೂರು ಹೆದ್ದಾರಿ', 'oneway': 'yes', 'ref': 'NH275;EC34', 'ref:old': 'SH17', 'sidewalk': 'none', 'smoothness': 'good', 'surface': 'asphalt'}",,,False,0,below flyover
2023-11-29 04:09:55,,,686.7988,24.22642978440041,0.9514447552678504,231.92667437106783,12.873282,77.440526,Bengaluru-Mysuru Expressway,highway,215697155,{'highway': 'residential'},,,False,0,below flyover
2023-11-29 04:09:56,,,686.8491,23.30576603956122,-0.9206637448391852,230.5740379682533,12.873154,77.440355,Bengaluru-Mysuru Expressway,highway,215697155,{'highway': 'residential'},,,False,0,below flyover
2023-11-29 04:09:57,,,688.3381,22.88134347618813,-0.4244225633730885,231.0364022062828,12.873021,77.440193,Bengaluru-Mysuru Expressway,highway,215697155,{'highway': 'residential'},,,False,0,below flyover
2023-11-29 04:09:58,,,687.2084,21.728429757885817,-1.1529137183023153,226.8045605099459,12.872887,77.440045,Bengaluru-Mysuru Expressway,highway,230945041,"{'alt_name': 'Bangalore-Mysore Expressway', 'highway': 'tertiary', 'lanes': '2', 'maxspeed': '60', 'name': 'Bengaluru-Mysuru Expressway', 'name:kn': 'ಬೆಂಗಳೂರು-ಮೈಸೂರು ಹೆದ್ದಾರಿ', 'oneway': 'yes', 'ref': 'NH275;EC34', 'ref:old': 'SH17', 'sidewalk': 'none', 'smoothness': 'good', 'surface': 'asphalt'}",,,False,0,below flyover
2023-11-29 04:09:59,,,689.9169,24.113950974812266,2.385521216926449,225.4157095316133,12.872731,77.439889,Bengaluru-Mysuru Expressway,highway,230945041,"{'alt_name': 'Bangalore-Mysore Expressway', 'highway': 'tertiary', 'lanes': '2', 'maxspeed': '60', 'name': 'Bengaluru-Mysuru Expressway', 'name:kn': 'ಬೆಂಗಳೂರು-ಮೈಸೂರು ಹೆದ್ದಾರಿ', 'oneway': 'yes', 'ref': 'NH275;EC34', 'ref:old': 'SH17', 'sidewalk': 'none', 'smoothness': 'good', 'surface': 'asphalt'}",,,False,0,below flyover
2023-11-29 04:10:00,,,689.4456,22.02149773214556,-2.0924532426667035,224.61301322081988,12.872582,77.439755,Bengaluru-Mysuru Expressway,highway,230945041,"{'alt_name': 'Bangalore-Mysore Expressway', 'highway': 'tertiary', 'lanes': '2', 'maxspeed': '60', 'name': 'Bengaluru-Mysuru Expressway', 'name:kn': 'ಬೆಂಗಳೂರು-ಮೈಸೂರು ಹೆದ್ದಾರಿ', 'oneway': 'yes', 'ref': 'NH275;EC34', 'ref:old': 'SH17', 'sidewalk': 'none', 'smoothness': 'good', 'surface': 'asphalt'}",,,False,0,below flyover
2023-11-29 04:10:01,,,690.1036,23.07452264910356,1.0530249169579946,218.0194719923336,12.87242,77.439622,Bengaluru-Mysuru Expressway,highway,124785872,{'highway': 'unclassified'},,,False,0,below flyover
2023-11-29 04:10:02,,,689.5563,21.618853433744487,-1.4556692153590696,219.34482218122443,12.872262,77.439505,Bengaluru-Mysuru Expressway,highway,124785872,{'highway': 'unclassified'},,,False,0,below flyover
2023-11-29 04:10:03,,,689.5722,22.584566055849823,0.965712622105336,209.2285368381981,12.872092,77.439391,Bengaluru-Mysuru Expressway,highway,124785872,{'highway': 'unclassified'},,,False,0,below flyover
2023-11-29 04:10:04,,,688.1162,21.6466356873842,-0.9379303684656256,209.5720383208109,12.871922,77.43929,Bengaluru-Mysuru Expressway,highway,124785872,{'highway': 'unclassified'},,,False,0,below flyover
2023-11-29 04:10:05,,,689.0239,21.486721443390746,-0.1599142439934517,205.6701643178083,12.87175,77.439198,Bengaluru-Mysuru Expressway,highway,230945041,"{'alt_name': 'Bangalore-Mysore Expressway', 'highway': 'tertiary', 'lanes': '2', 'maxspeed': '60', 'name': 'Bengaluru-Mysuru Expressway', 'name:kn': 'ಬೆಂಗಳೂರು-ಮೈಸೂರು ಹೆದ್ದಾರಿ', 'oneway': 'yes', 'ref': 'NH275;EC34', 'ref:old': 'SH17', 'sidewalk': 'none', 'smoothness': 'good', 'surface': 'asphalt'}",,,False,0,below flyover
2023-11-29 04:10:06,,,692.8158,21.64924094044664,0.1625194970558929,203.28148638836103,12.871572,77.439114,Bengaluru-Mysuru Expressway,highway,230945041,"{'alt_name': 'Bangalore-Mysore Expressway', 'highway': 'tertiary', 'lanes': '2', 'maxspeed': '60', 'name': 'Bengaluru-Mysuru Expressway', 'name:kn': 'ಬೆಂಗಳೂರು-ಮೈಸೂರು ಹೆದ್ದಾರಿ', 'oneway': 'yes', 'ref': 'NH275;EC34', 'ref:old': 'SH17', 'sidewalk': 'none', 'smoothness': 'good', 'surface': 'asphalt'}",,,False,0,below flyover
2023-11-29 04:10:07,,,687.0862,21.744070413698108,0.0948294732514689,208.26202456485288,12.871392,77.439038,Bengaluru-Mysuru Expressway,highway,230945041,"{'alt_name': 'Bangalore-Mysore Expressway', 'highway': 'tertiary', 'lanes': '2', 'maxspeed': '60', 'name': 'Bengaluru-Mysuru Expressway', 'name:kn': 'ಬೆಂಗಳೂರು-ಮೈಸೂರು ಹೆದ್ದಾರಿ', 'oneway': 'yes', 'ref': 'NH275;EC34', 'ref:old': 'SH17', 'sidewalk': 'none', 'smoothness': 'good', 'surface': 'asphalt'}",,,False,0,below flyover
2023-11-29 04:10:08,,,689.4201,20.973105515040235,-0.7709648986578728,202.04893767947416,12.871217,77.438967,Bengaluru-Mysuru Expressway,highway,230945041,"{'alt_name': 'Bangalore-Mysore Expressway', 'highway': 'tertiary', 'lanes': '2', 'maxspeed': '60', 'name': 'Bengaluru-Mysuru Expressway', 'name:kn': 'ಬೆಂಗಳೂರು-ಮೈಸೂರು ಹೆದ್ದಾರಿ', 'oneway': 'yes', 'ref': 'NH275;EC34', 'ref:old': 'SH17', 'sidewalk': 'none', 'smoothness': 'good', 'surface': 'asphalt'}",,,False,0,below flyover
2023-11-29 04:10:09,,,689.1451,21.177615683652245,0.2045101686120105,202.4034009861806,12.871041,77.438891,Bengaluru-Mysuru Expressway,highway,230945041,"{'alt_name': 'Bangalore-Mysore Expressway', 'highway': 'tertiary', 'lanes': '2', 'maxspeed': '60', 'name': 'Bengaluru-Mysuru Expressway', 'name:kn': 'ಬೆಂಗಳೂರು-ಮೈಸೂರು ಹೆದ್ದಾರಿ', 'oneway': 'yes', 'ref': 'NH275;EC34', 'ref:old': 'SH17', 'sidewalk': 'none', 'smoothness': 'good', 'surface': 'asphalt'}",,,False,0,below flyover
2023-11-29 04:10:10,,,690.4301,20.850022934168933,-0.3275927494833119,204.09058236468783,12.870869,77.438817,Bengaluru-Mysuru Expressway,highway,230945041,"{'alt_name': 'Bangalore-Mysore Expressway', 'highway': 'tertiary', 'lanes': '2', 'maxspeed': '60', 'name': 'Bengaluru-Mysuru Expressway', 'name:kn': 'ಬೆಂಗಳೂರು-ಮೈಸೂರು ಹೆದ್ದಾರಿ', 'oneway': 'yes', 'ref': 'NH275;EC34', 'ref:old': 'SH17', 'sidewalk': 'none', 'smoothness': 'good', 'surface': 'asphalt'}",,,False,0,below flyover
2023-11-29 04:10:11,,,699.5587,20.94235564754475,0.0923327133758178,190.1440950986012,12.870674,77.438803,Bengaluru-Mysuru Expressway,highway,230945041,"{'alt_name': 'Bangalore-Mysore Expressway', 'highway': 'tertiary', 'lanes': '2', 'maxspeed': '60', 'name': 'Bengaluru-Mysuru Expressway', 'name:kn': 'ಬೆಂಗಳೂರು-ಮೈಸೂರು ಹೆದ್ದಾರಿ', 'oneway': 'yes', 'ref': 'NH275;EC34', 'ref:old': 'SH17', 'sidewalk': 'none', 'smoothness': 'good', 'surface': 'asphalt'}",,,False,0,below flyover
2023-11-29 04:10:12,,,691.8672,22.862388791500187,1.920033143955436,213.622132858774,12.870513,77.438662,Bengaluru-Mysuru Expressway,highway,230945041,"{'alt_name': 'Bangalore-Mysore Expressway', 'highway': 'tertiary', 'lanes': '2', 'maxspeed': '60', 'name': 'Bengaluru-Mysuru Expressway', 'name:kn': 'ಬೆಂಗಳೂರು-ಮೈಸೂರು ಹೆದ್ದಾರಿ', 'oneway': 'yes', 'ref': 'NH275;EC34', 'ref:old': 'SH17', 'sidewalk': 'none', 'smoothness': 'good', 'surface': 'asphalt'}",,,False,0,below flyover
2023-11-29 04:10:13,,,689.2637,23.14540675407844,0.2830179625782492,202.77039219054328,12.870321,77.438579,Bengaluru-Mysuru Expressway,highway,230945041,"{'alt_name': 'Bangalore-Mysore Expressway', 'highway': 'tertiary', 'lanes': '2', 'maxspeed': '60', 'name': 'Bengaluru-Mysuru Expressway', 'name:kn': 'ಬೆಂಗಳೂರು-ಮೈಸೂರು ಹೆದ್ದಾರಿ', 'oneway': 'yes', 'ref': 'NH275;EC34', 'ref:old': 'SH17', 'sidewalk': 'none', 'smoothness': 'good', 'surface': 'asphalt'}",,,False,0,below flyover
2023-11-29 04:10:14,,,688.9715,20.74200137840222,-2.403405375676215,201.0193454331079,12.87015,77.438505,Bengaluru-Mysuru Expressway,highway,230945041,"{'alt_name': 'Bangalore-Mysore Expressway', 'highway': 'tertiary', 'lanes': '2', 'maxspeed': '60', 'name': 'Bengaluru-Mysuru Expressway', 'name:kn': 'ಬೆಂಗಳೂರು-ಮೈಸೂರು ಹೆದ್ದಾರಿ', 'oneway': 'yes', 'ref': 'NH275;EC34', 'ref:old': 'SH17', 'sidewalk': 'none', 'smoothness': 'good', 'surface': 'asphalt'}",,,False,0,below flyover
2023-11-29 04:10:15,,,688.8394,21.776637211111936,1.0346358327097145,203.91829113131823,12.869969,77.438426,Bengaluru-Mysuru Expressway,highway,230945041,"{'alt_name': 'Bangalore-Mysore Expressway', 'highway': 'tertiary', 'lanes': '2', 'maxspeed': '60', 'name': 'Bengaluru-Mysuru Expressway', 'name:kn': 'ಬೆಂಗಳೂರು-ಮೈಸೂರು ಹೆದ್ದಾರಿ', 'oneway': 'yes', 'ref': 'NH275;EC34', 'ref:old': 'SH17', 'sidewalk': 'none', 'smoothness': 'good', 'surface': 'asphalt'}",,,False,0,below flyover
2023-11-29 04:10:16,,,687.2576,21.28705144176785,-0.4895857693440852,203.85484064166903,12.869793,77.43835,Bengaluru-Mysuru Expressway,highway,230945041,"{'alt_name': 'Bangalore-Mysore Expressway', 'highway': 'tertiary', 'lanes': '2', 'maxspeed': '60', 'name': 'Bengaluru-Mysuru Expressway', 'name:kn': 'ಬೆಂಗಳೂರು-ಮೈಸೂರು ಹೆದ್ದಾರಿ', 'oneway': 'yes', 'ref': 'NH275;EC34', 'ref:old': 'SH17', 'sidewalk': 'none', 'smoothness': 'good', 'surface': 'asphalt'}",,,False,0,below flyover
2023-11-29 04:10:17,,,688.6303,22.718404574256027,1.4313531324881763,202.87029251523663,12.869605,77.438268,Bengaluru-Mysuru Expressway,highway,230945041,"{'alt_name': 'Bangalore-Mysore Expressway', 'highway': 'tertiary', 'lanes': '2', 'maxspeed': '60', 'name': 'Bengaluru-Mysuru Expressway', 'name:kn': 'ಬೆಂಗಳೂರು-ಮೈಸೂರು ಹೆದ್ದಾರಿ', 'oneway': 'yes', 'ref': 'NH275;EC34', 'ref:old': 'SH17', 'sidewalk': 'none', 'smoothness': 'good', 'surface': 'asphalt'}",,,False,0,below flyover
2023-11-29 04:10:18,,,691.7763,21.91706574013407,-0.8013388341219567,201.2189679118065,12.869423,77.438189,Bengaluru-Mysuru Expressway,highway,230945041,"{'alt_name': 'Bangalore-Mysore Expressway', 'highway': 'tertiary', 'lanes': '2', 'maxspeed': '60', 'name': 'Bengaluru-Mysuru Expressway', 'name:kn': 'ಬೆಂಗಳೂರು-ಮೈಸೂರು ಹೆದ್ದಾರಿ', 'oneway': 'yes', 'ref': 'NH275;EC34', 'ref:old': 'SH17', 'sidewalk': 'none', 'smoothness': 'good', 'surface': 'asphalt'}",,,False,0,below flyover
2023-11-29 04:10:19,,,691.6364,22.64932700607224,0.7322612659381633,201.0017893053416,12.869235,77.43811,Bengaluru-Mysuru Expressway,highway,230945041,"{'alt_name': 'Bangalore-Mysore Expressway', 'highway': 'tertiary', 'lanes': '2', 'maxspeed': '60', 'name': 'Bengaluru-Mysuru Expressway', 'name:kn': 'ಬೆಂಗಳೂರು-ಮೈಸೂರು ಹೆದ್ದಾರಿ', 'oneway': 'yes', 'ref': 'NH275;EC34', 'ref:old': 'SH17', 'sidewalk': 'none', 'smoothness': 'good', 'surface': 'asphalt'}",,,False,0,below flyover
2023-11-29 04:10:20,,,691.6689,21.972029261266343,-0.677297744805891,203.41722303470297,12.869052,77.438033,Bengaluru-Mysuru Expressway,highway,230945041,"{'alt_name': 'Bangalore-Mysore Expressway', 'highway': 'tertiary', 'lanes': '2', 'maxspeed': '60', 'name': 'Bengaluru-Mysuru Expressway', 'name:kn': 'ಬೆಂಗಳೂರು-ಮೈಸೂರು ಹೆದ್ದಾರಿ', 'oneway': 'yes', 'ref': 'NH275;EC34', 'ref:old': 'SH17', 'sidewalk': 'none', 'smoothness': 'good', 'surface': 'asphalt'}",,,False,0,below flyover
2023-11-29 04:10:21,,,690.2301,22.954459394082697,0.9824301328163544,202.61326488141745,12.868861,77.437953,Bengaluru-Mysuru Expressway,highway,230945041,"{'alt_name': 'Bangalore-Mysore Expressway', 'highway': 'tertiary', 'lanes': '2', 'maxspeed': '60', 'name': 'Bengaluru-Mysuru Expressway', 'name:kn': 'ಬೆಂಗಳೂರು-ಮೈಸೂರು ಹೆದ್ದಾರಿ', 'oneway': 'yes', 'ref': 'NH275;EC34', 'ref:old': 'SH17', 'sidewalk': 'none', 'smoothness': 'good', 'surface': 'asphalt'}",,,False,0,below flyover
2023-11-29 04:10:22,,,690.4571,21.727093531997426,-1.2273658620852714,202.52893774372384,12.86868,77.437877,Bengaluru-Mysuru Expressway,highway,230945041,"{'alt_name': 'Bangalore-Mysore Expressway', 'highway': 'tertiary', 'lanes': '2', 'maxspeed': '60', 'name': 'Bengaluru-Mysuru Expressway', 'name:kn': 'ಬೆಂಗಳೂರು-ಮೈಸೂರು ಹೆದ್ದಾರಿ', 'oneway': 'yes', 'ref': 'NH275;EC34', 'ref:old': 'SH17', 'sidewalk': 'none', 'smoothness': 'good', 'surface': 'asphalt'}",,,False,0,below flyover
2023-11-29 04:10:23,,,691.0591,22.85926687024895,1.1321733382515229,204.4813964846666,12.86849,77.437797,Bengaluru-Mysuru Expressway,highway,230945041,"{'alt_name': 'Bangalore-Mysore Expressway', 'highway': 'tertiary', 'lanes': '2', 'maxspeed': '60', 'name': 'Bengaluru-Mysuru Expressway', 'name:kn': 'ಬೆಂಗಳೂರು-ಮೈಸೂರು ಹೆದ್ದಾರಿ', 'oneway': 'yes', 'ref': 'NH275;EC34', 'ref:old': 'SH17', 'sidewalk': 'none', 'smoothness': 'good', 'surface': 'asphalt'}",,,False,0,below flyover
2023-11-29 04:10:24,,,690.4963,22.187350619385647,-0.6719162508633012,199.31470625849303,12.868306,77.43772,Bengaluru-Mysuru Expressway,highway,230945041,"{'alt_name': 'Bangalore-Mysore Expressway', 'highway': 'tertiary', 'lanes': '2', 'maxspeed': '60', 'name': 'Bengaluru-Mysuru Expressway', 'name:kn': 'ಬೆಂಗಳೂರು-ಮೈಸೂರು ಹೆದ್ದಾರಿ', 'oneway': 'yes', 'ref': 'NH275;EC34', 'ref:old': 'SH17', 'sidewalk': 'none', 'smoothness': 'good', 'surface': 'asphalt'}",,,False,0,below flyover
2023-11-29 04:10:25,,,689.6132,22.922896674705733,0.7355460553200857,205.723415408293,12.868115,77.43764,Bengaluru-Mysuru Expressway,highway,230945041,"{'alt_name': 'Bangalore-Mysore Expressway', 'highway': 'tertiary', 'lanes': '2', 'maxspeed': '60', 'name': 'Bengaluru-Mysuru Expressway', 'name:kn': 'ಬೆಂಗಳೂರು-ಮೈಸೂರು ಹೆದ್ದಾರಿ', 'oneway': 'yes', 'ref': 'NH275;EC34', 'ref:old': 'SH17', 'sidewalk': 'none', 'smoothness': 'good', 'surface': 'asphalt'}",,,False,0,below flyover
2023-11-29 04:10:26,,,688.9218,24.31858076565096,1.3956840909452204,199.5680299774364,12.867913,77.437555,Bengaluru-Mysuru Expressway,highway,1257185817,"{'alt_name': 'Bangalore-Mysore Expressway', 'bridge': 'yes', 'highway': 'motorway', 'lanes': '3', 'layer': '2', 'maxspeed': '80', 'name': 'Bengaluru-Mysuru Expressway', 'name:kn': 'ಬೆಂಗಳೂರು-ಮೈಸೂರು ಹೆದ್ದಾರಿ', 'oneway': 'yes', 'ref': 'NH275;EC34', 'ref:old': 'SH17', 'sidewalk': 'none', 'smoothness': 'good', 'start_date': '2023-03-12', 'surface': 'asphalt'}",,,True,2,on flyover
2023-11-29 04:10:27,,,689.8032,22.611702075118544,-1.7068786905324096,205.60612446480727,12.867725,77.437476,Bengaluru-Mysuru Expressway,highway,798117089,"{'access': 'private', 'highway': 'service', 'source': 'digitalglobe'}",,,False,0,below flyover
2023-11-29 04:10:28,,,689.4006,23.02913308489133,0.4174310097727876,204.39399696116203,12.867534,77.437394,Bengaluru-Mysuru Expressway,highway,798117089,"{'access': 'private', 'highway': 'service', 'source': 'digitalglobe'}",,,False,0,below flyover
2023-11-29 04:10:29,,,688.8236,23.70192184121132,0.6727887563199886,205.34970138764567,12.867344,77.437296,Bengaluru-Mysuru Expressway,highway,798117089,"{'access': 'private', 'highway': 'service', 'source': 'digitalglobe'}",,,False,0,below flyover
2023-11-29 04:10:30,,,688.0735,23.05979225912948,-0.6421295820818429,209.20797247448365,12.867163,77.437192,Bengaluru-Mysuru Expressway,highway,798117089,"{'access': 'private', 'highway': 'service', 'source': 'digitalglobe'}",,,False,0,below flyover
2023-11-29 04:10:31,,,687.8116,23.81643123326493,0.7566389741354556,207.0014259532355,12.866974,77.437087,Bengaluru-Mysuru Expressway,highway,798117089,"{'access': 'private', 'highway': 'service', 'source': 'digitalglobe'}",,,False,0,below flyover
2023-11-29 04:10:32,,,687.6461,23.72165958298213,-0.0947716502828015,214.8987410657541,12.866792,77.436974,Bengaluru-Mysuru Expressway,highway,798117089,"{'access': 'private', 'highway': 'service', 'source': 'digitalglobe'}",,,False,0,below flyover
2023-11-29 04:10:33,,,686.7285,23.743913029220288,0.0222534462381567,215.4452030550329,12.866618,77.436847,Bengaluru-Mysuru Expressway,highway,798117089,"{'access': 'private', 'highway': 'service', 'source': 'digitalglobe'}",,,False,0,below flyover
2023-11-29 04:10:34,,,686.7147,24.62356709675547,0.8796540675351814,216.07909264963573,12.866442,77.436709,Bengaluru-Mysuru Expressway,highway,798117089,"{'access': 'private', 'highway': 'service', 'source': 'digitalglobe'}",,,False,0,below flyover
2023-11-29 04:10:35,,,685.6696,23.339167320788658,-1.284399775966811,218.99021535999668,12.866276,77.436577,Bengaluru-Mysuru Expressway,highway,798117089,"{'access': 'private', 'highway': 'service', 'source': 'digitalglobe'}",,,False,0,below flyover
2023-11-29 04:10:36,,,684.7564,24.56404843832374,1.2248811175350838,218.25931600877936,12.866105,77.436434,Bengaluru-Mysuru Expressway,highway,798117089,"{'access': 'private', 'highway': 'service', 'source': 'digitalglobe'}",,,False,0,below flyover
2023-11-29 04:10:37,,,685.6208,23.95871544332638,-0.6053329949973616,218.78081242160383,12.865938,77.436294,Bengaluru-Mysuru Expressway,highway,1261870221,"{'alt_name': 'Bangalore-Mysore Expressway', 'highway': 'tertiary', 'lanes': '2', 'maxspeed': '60', 'name': 'Bengaluru-Mysuru Expressway', 'name:kn': 'ಬೆಂಗಳೂರು-ಮೈಸೂರು ಹೆದ್ದಾರಿ', 'oneway': 'yes', 'ref': 'NH275;EC34', 'ref:old': 'SH17', 'sidewalk': 'no', 'smoothness': 'good', 'surface': 'asphalt'}",,,False,0,below flyover
2023-11-29 04:10:38,,,685.7467,23.29091061407779,-0.6678048292485883,221.59380707208268,12.865781,77.436152,Bengaluru-Mysuru Expressway,highway,1261870221,"{'alt_name': 'Bangalore-Mysore Expressway', 'highway': 'tertiary', 'lanes': '2', 'maxspeed': '60', 'name': 'Bengaluru-Mysuru Expressway', 'name:kn': 'ಬೆಂಗಳೂರು-ಮೈಸೂರು ಹೆದ್ದಾರಿ', 'oneway': 'yes', 'ref': 'NH275;EC34', 'ref:old': 'SH17', 'sidewalk': 'no', 'smoothness': 'good', 'surface': 'asphalt'}",,,False,0,below flyover
2023-11-29 04:10:39,,,677.7922,26.490004885222262,3.199094271144471,224.91774710549257,12.865603,77.435989,Bengaluru-Mysuru Expressway,highway,1261870221,"{'alt_name': 'Bangalore-Mysore Expressway', 'highway': 'tertiary', 'lanes': '2', 'maxspeed': '60', 'name': 'Bengaluru-Mysuru Expressway', 'name:kn': 'ಬೆಂಗಳೂರು-ಮೈಸೂರು ಹೆದ್ದಾರಿ', 'oneway': 'yes', 'ref': 'NH275;EC34', 'ref:old': 'SH17', 'sidewalk': 'no', 'smoothness': 'good', 'surface': 'asphalt'}",,,False,0,below flyover
2023-11-29 04:10:40,,,684.7109,21.797233441737006,-4.692771443485256,211.59982847409967,12.865458,77.435858,Bengaluru-Mysuru Expressway,highway,1182012734,"{'alt_name': 'Bangalore-Mysore Expressway', 'highway': 'motorway', 'lanes': '3', 'maxspeed': '100', 'motorcycle': 'no', 'name': 'Bengaluru-Mysuru Expressway', 'name:kn': 'ಬೆಂಗಳೂರು-ಮೈಸೂರು ಹೆದ್ದಾರಿ', 'oneway': 'yes', 'ref': 'NH275;EC34', 'ref:old': 'SH17', 'sidewalk': 'none', 'smoothness': 'good', 'start_date': '2023-03-12', 'surface': 'asphalt'}",,,False,0,below flyover
2023-11-29 04:10:41,,,685.4275,22.33067396262048,0.5334405208834667,220.90740138576743,12.865299,77.435732,Bengaluru-Mysuru Expressway,highway,1182012734,"{'alt_name': 'Bangalore-Mysore Expressway', 'highway': 'motorway', 'lanes': '3', 'maxspeed': '100', 'motorcycle': 'no', 'name': 'Bengaluru-Mysuru Expressway', 'name:kn': 'ಬೆಂಗಳೂರು-ಮೈಸೂರು ಹೆದ್ದಾರಿ', 'oneway': 'yes', 'ref': 'NH275;EC34', 'ref:old': 'SH17', 'sidewalk': 'none', 'smoothness': 'good', 'start_date': '2023-03-12', 'surface': 'asphalt'}",,,False,0,below flyover
2023-11-29 04:10:42,,,684.5744,22.03292168301068,-0.2977522796097993,219.5649593520215,12.865142,77.435607,Bengaluru-Mysuru Expressway,highway,1182012734,"{'alt_name': 'Bangalore-Mysore Expressway', 'highway': 'motorway', 'lanes': '3', 'maxspeed': '100', 'motorcycle': 'no', 'name': 'Bengaluru-Mysuru Expressway', 'name:kn': 'ಬೆಂಗಳೂರು-ಮೈಸೂರು ಹೆದ್ದಾರಿ', 'oneway': 'yes', 'ref': 'NH275;EC34', 'ref:old': 'SH17', 'sidewalk': 'none', 'smoothness': 'good', 'start_date': '2023-03-12', 'surface': 'asphalt'}",,,False,0,below flyover
2023-11-29 04:10:43,,,683.7406,21.90484816902139,-0.1280735139892854,220.45664345841809,12.86499,77.43548,Bengaluru-Mysuru Expressway,highway,1182012734,"{'alt_name': 'Bangalore-Mysore Expressway', 'highway': 'motorway', 'lanes': '3', 'maxspeed': '100', 'motorcycle': 'no', 'name': 'Bengaluru-Mysuru Expressway', 'name:kn': 'ಬೆಂಗಳೂರು-ಮೈಸೂರು ಹೆದ್ದಾರಿ', 'oneway': 'yes', 'ref': 'NH275;EC34', 'ref:old': 'SH17', 'sidewalk': 'none', 'smoothness': 'good', 'start_date': '2023-03-12', 'surface': 'asphalt'}",,,False,0,below flyover
2023-11-29 04:10:44,,,685.6068,21.68405524874071,-0.2207929202806795,218.7236260751964,12.864838,77.435353,Bengaluru-Mysuru Expressway,highway,792766235,"{'access': 'private', 'highway': 'service', 'source': 'digitalglobe'}",,,False,0,below flyover
2023-11-29 04:10:45,,,685.2079,21.000741128446805,-0.6833141202939039,219.21406226215407,12.864692,77.435231,Bengaluru-Mysuru Expressway,highway,792766235,"{'access': 'private', 'highway': 'service', 'source': 'digitalglobe'}",,,False,0,below flyover
2023-11-29 04:10:46,,,686.4622,20.774264237605408,-0.226476890841397,217.0148052883601,12.864547,77.43511,Bengaluru-Mysuru Expressway,highway,792766235,"{'access': 'private', 'highway': 'service', 'source': 'digitalglobe'}",,,False,0,below flyover
2023-11-29 04:10:47,,,686.7972,20.23198877268514,-0.5422754649202695,218.8010414357959,12.864406,77.434992,Bengaluru-Mysuru Expressway,highway,792869994,"{'access': 'private', 'highway': 'service', 'source': 'digitalglobe'}",,,False,0,below flyover
2023-11-29 04:10:48,,,687.1828,20.144021973418624,-0.087966799266514,219.1196728108181,12.864266,77.434875,Bengaluru-Mysuru Expressway,highway,555925437,"{'access': 'permissive', 'highway': 'service', 'maxspeed': '20', 'maxspeed:type': 'sign', 'surface': 'asphalt'}",,,False,0,below flyover
2023-11-29 04:10:49,,,688.0473,19.67023834720609,-0.4737836262125263,217.7018221417418,12.864129,77.434761,Bengaluru-Mysuru Expressway,highway,555925437,"{'access': 'permissive', 'highway': 'service', 'maxspeed': '20', 'maxspeed:type': 'sign', 'surface': 'asphalt'}",,,False,0,below flyover
2023-11-29 04:10:50,,,686.7692,19.07300702342556,-0.5972313237805373,216.51893039955567,12.863996,77.43465,Bengaluru-Mysuru Expressway,highway,555925437,"{'access': 'permissive', 'highway': 'service', 'maxspeed': '20', 'maxspeed:type': 'sign', 'surface': 'asphalt'}",,,False,0,below flyover
2023-11-29 04:10:51,,,686.7033,19.191404390680603,0.1183973672550422,220.6894531567343,12.863863,77.434538,Bengaluru-Mysuru Expressway,highway,555925437,"{'access': 'permissive', 'highway': 'service', 'maxspeed': '20', 'maxspeed:type': 'sign', 'surface': 'asphalt'}",,,False,0,below flyover
2023-11-29 04:10:52,,,686.7494,18.64542816464658,-0.5459762260340213,216.48715263666887,12.863736,77.434426,Bengaluru-Mysuru Expressway,highway,555925437,"{'access': 'permissive', 'highway': 'service', 'maxspeed': '20', 'maxspeed:type': 'sign', 'surface': 'asphalt'}",,,False,0,below flyover
2023-11-29 04:10:53,,,684.8141,18.737834620404364,0.0924064557577821,219.9395409275329,12.863608,77.434313,Bengaluru-Mysuru Expressway,highway,1182012729,"{'alt_name': 'Bangalore-Mysore Expressway', 'highway': 'tertiary', 'lanes': '2', 'maxspeed': '60', 'name': 'Bengaluru-Mysuru Expressway', 'name:kn': 'ಬೆಂಗಳೂರು-ಮೈಸೂರು ಹೆದ್ದಾರಿ', 'oneway': 'yes', 'ref': 'NH275;EC34', 'ref:old': 'SH17', 'sidewalk': 'none', 'smoothness': 'good', 'surface': 'asphalt'}",,,False,0,below flyover
2023-11-29 04:10:54,,,687.7823,17.219662456918243,-1.5181721634861205,213.0649270455103,12.863492,77.43421,Bengaluru-Mysuru Expressway,highway,1182012729,"{'alt_name': 'Bangalore-Mysore Expressway', 'highway': 'tertiary', 'lanes': '2', 'maxspeed': '60', 'name': 'Bengaluru-Mysuru Expressway', 'name:kn': 'ಬೆಂಗಳೂರು-ಮೈಸೂರು ಹೆದ್ದಾರಿ', 'oneway': 'yes', 'ref': 'NH275;EC34', 'ref:old': 'SH17', 'sidewalk': 'none', 'smoothness': 'good', 'surface': 'asphalt'}",,,False,0,below flyover
2023-11-29 04:10:55,,,687.3027,18.74254918422013,1.5228867273018878,220.8613099300981,12.863364,77.434098,Bengaluru-Mysuru Expressway,highway,792869987,"{'highway': 'residential', 'source': 'digitalglobe'}",,,False,0,below flyover
2023-11-29 04:10:56,,,687.8181,17.839304985179496,-0.9032441990406356,214.8101493775815,12.863243,77.433991,Bengaluru-Mysuru Expressway,highway,607400347,{'highway': 'residential'},,,False,0,below flyover
2023-11-29 04:10:57,,,687.4734,18.44065600561425,0.6013510204347554,217.03349846155515,12.863117,77.433881,Bengaluru-Mysuru Expressway,highway,607400347,{'highway': 'residential'},,,False,0,below flyover
2023-11-29 04:10:58,,,689.2491,17.05540305998587,-1.3852529456283804,220.08254153780672,12.862993,77.433776,Bengaluru-Mysuru Expressway,highway,607400347,{'highway': 'residential'},,,False,0,below flyover
2023-11-29 04:10:59,,,688.3791,18.619530019816835,1.5641269598309648,219.8682027480332,12.862857,77.433678,Bengaluru-Mysuru Expressway,highway,792869986,"{'highway': 'residential', 'source': 'digitalglobe'}",,,False,0,below flyover
2023-11-29 04:11:00,,,689.0372,17.51332659354396,-1.1062034262728735,218.68992774569028,12.862729,77.433585,Bengaluru-Mysuru Expressway,highway,792869986,"{'highway': 'residential', 'source': 'digitalglobe'}",,,False,0,below flyover
2023-11-29 04:11:01,,,687.7444,18.70032693415825,1.18700034061429,218.6687938288989,12.862591,77.433485,Bengaluru-Mysuru Expressway,highway,792869986,"{'highway': 'residential', 'source': 'digitalglobe'}",,,False,0,below flyover
2023-11-29 04:11:02,,,688.0241,17.96499298032207,-0.7353339538361823,217.97836575835527,12.862463,77.433388,Bengaluru-Mysuru Expressway,highway,792869986,"{'highway': 'residential', 'source': 'digitalglobe'}",,,False,0,below flyover
2023-11-29 04:11:03,,,688.6434,17.62444057779312,-0.3405524025289494,216.9766084605444,12.862337,77.433288,Bengaluru-Mysuru Expressway,highway,1163884669,"{'alt_name': 'Bangalore-Mysore Expressway', 'highway': 'tertiary', 'lanes': '2', 'maxspeed': '60', 'name': 'Bengaluru-Mysuru Expressway', 'name:kn': 'ಬೆಂಗಳೂರು-ಮೈಸೂರು ಹೆದ್ದಾರಿ', 'oneway': 'yes', 'ref': 'NH275;EC34', 'ref:old': 'SH17', 'sidewalk': 'none', 'smoothness': 'good', 'surface': 'asphalt'}",,,False,0,below flyover
2023-11-29 04:11:04,,,688.5193,17.538705271787776,-0.0857353060053434,218.88022265451,12.862213,77.433189,Bengaluru-Mysuru Expressway,highway,1163884669,"{'alt_name': 'Bangalore-Mysore Expressway', 'highway': 'tertiary', 'lanes': '2', 'maxspeed': '60', 'name': 'Bengaluru-Mysuru Expressway', 'name:kn': 'ಬೆಂಗಳೂರು-ಮೈಸೂರು ಹೆದ್ದಾರಿ', 'oneway': 'yes', 'ref': 'NH275;EC34', 'ref:old': 'SH17', 'sidewalk': 'none', 'smoothness': 'good', 'surface': 'asphalt'}",,,False,0,below flyover
2023-11-29 04:11:05,,,688.5784,17.103040486386494,-0.4356647854012827,219.4458736439276,12.862091,77.433093,Bengaluru-Mysuru Expressway,highway,1163884669,"{'alt_name': 'Bangalore-Mysore Expressway', 'highway': 'tertiary', 'lanes': '2', 'maxspeed': '60', 'name': 'Bengaluru-Mysuru Expressway', 'name:kn': 'ಬೆಂಗಳೂರು-ಮೈಸೂರು ಹೆದ್ದಾರಿ', 'oneway': 'yes', 'ref': 'NH275;EC34', 'ref:old': 'SH17', 'sidewalk': 'none', 'smoothness': 'good', 'surface': 'asphalt'}",,,False,0,below flyover
2023-11-29 04:11:06,,,688.4684,18.358682965833616,1.255642479447122,216.94958360518305,12.861961,77.432989,Bengaluru-Mysuru Expressway,highway,1163884669,"{'alt_name': 'Bangalore-Mysore Expressway', 'highway': 'tertiary', 'lanes': '2', 'maxspeed': '60', 'name': 'Bengaluru-Mysuru Expressway', 'name:kn': 'ಬೆಂಗಳೂರು-ಮೈಸೂರು ಹೆದ್ದಾರಿ', 'oneway': 'yes', 'ref': 'NH275;EC34', 'ref:old': 'SH17', 'sidewalk': 'none', 'smoothness': 'good', 'surface': 'asphalt'}",,,False,0,below flyover
2023-11-29 04:11:07,,,688.8024,15.878761721138469,-2.4799212446951486,215.36548402083045,12.861851,77.432897,Bengaluru-Mysuru Expressway,highway,1163884669,"{'alt_name': 'Bangalore-Mysore Expressway', 'highway': 'tertiary', 'lanes': '2', 'maxspeed': '60', 'name': 'Bengaluru-Mysuru Expressway', 'name:kn': 'ಬೆಂಗಳೂರು-ಮೈಸೂರು ಹೆದ್ದಾರಿ', 'oneway': 'yes', 'ref': 'NH275;EC34', 'ref:old': 'SH17', 'sidewalk': 'none', 'smoothness': 'good', 'surface': 'asphalt'}",,,False,0,below flyover
2023-11-29 04:11:08,,,688.5993,14.774790930010097,-1.1039707911283705,219.51762277102344,12.86175,77.43281,Bengaluru-Mysuru Expressway,highway,1163884669,"{'alt_name': 'Bangalore-Mysore Expressway', 'highway': 'tertiary', 'lanes': '2', 'maxspeed': '60', 'name': 'Bengaluru-Mysuru Expressway', 'name:kn': 'ಬೆಂಗಳೂರು-ಮೈಸೂರು ಹೆದ್ದಾರಿ', 'oneway': 'yes', 'ref': 'NH275;EC34', 'ref:old': 'SH17', 'sidewalk': 'none', 'smoothness': 'good', 'surface': 'asphalt'}",,,False,0,below flyover
2023-11-29 04:11:09,,,689.289,13.432062274244164,-1.3427286557659333,217.2327676627519,12.861658,77.43273,Bengaluru-Mysuru Expressway,highway,1163884669,"{'alt_name': 'Bangalore-Mysore Expressway', 'highway': 'tertiary', 'lanes': '2', 'maxspeed': '60', 'name': 'Bengaluru-Mysuru Expressway', 'name:kn': 'ಬೆಂಗಳೂರು-ಮೈಸೂರು ಹೆದ್ದಾರಿ', 'oneway': 'yes', 'ref': 'NH275;EC34', 'ref:old': 'SH17', 'sidewalk': 'none', 'smoothness': 'good', 'surface': 'asphalt'}",,,False,0,below flyover
2023-11-29 04:11:10,,,687.8869,12.67254751902695,-0.7595147552172143,217.5289579216271,12.86157,77.432654,Bengaluru-Mysuru Expressway,highway,1163884669,"{'alt_name': 'Bangalore-Mysore Expressway', 'highway': 'tertiary', 'lanes': '2', 'maxspeed': '60', 'name': 'Bengaluru-Mysuru Expressway', 'name:kn': 'ಬೆಂಗಳೂರು-ಮೈಸೂರು ಹೆದ್ದಾರಿ', 'oneway': 'yes', 'ref': 'NH275;EC34', 'ref:old': 'SH17', 'sidewalk': 'none', 'smoothness': 'good', 'surface': 'asphalt'}",,,False,0,below flyover
2023-11-29 04:11:11,,,687.807,12.020642483028915,-0.6519050359980323,210.9128533090476,12.861489,77.432584,Bengaluru-Mysuru Expressway,highway,1163884669,"{'alt_name': 'Bangalore-Mysore Expressway', 'highway': 'tertiary', 'lanes': '2', 'maxspeed': '60', 'name': 'Bengaluru-Mysuru Expressway', 'name:kn': 'ಬೆಂಗಳೂರು-ಮೈಸೂರು ಹೆದ್ದಾರಿ', 'oneway': 'yes', 'ref': 'NH275;EC34', 'ref:old': 'SH17', 'sidewalk': 'none', 'smoothness': 'good', 'surface': 'asphalt'}",,,False,0,below flyover
2023-11-29 04:11:12,,,686.5229,9.75952230846926,-2.2611201745596574,216.99657126136088,12.861422,77.432526,Bengaluru-Mysuru Expressway,highway,1163884669,"{'alt_name': 'Bangalore-Mysore Expressway', 'highway': 'tertiary', 'lanes': '2', 'maxspeed': '60', 'name': 'Bengaluru-Mysuru Expressway', 'name:kn': 'ಬೆಂಗಳೂರು-ಮೈಸೂರು ಹೆದ್ದಾರಿ', 'oneway': 'yes', 'ref': 'NH275;EC34', 'ref:old': 'SH17', 'sidewalk': 'none', 'smoothness': 'good', 'surface': 'asphalt'}",,,False,0,below flyover
2023-11-29 04:11:13,,,685.0212,11.301147830430288,1.5416255219610289,212.23776743812363,12.861345,77.43246,Bengaluru-Mysuru Expressway,highway,1163884669,"{'alt_name': 'Bangalore-Mysore Expressway', 'highway': 'tertiary', 'lanes': '2', 'maxspeed': '60', 'name': 'Bengaluru-Mysuru Expressway', 'name:kn': 'ಬೆಂಗಳೂರು-ಮೈಸೂರು ಹೆದ್ದಾರಿ', 'oneway': 'yes', 'ref': 'NH275;EC34', 'ref:old': 'SH17', 'sidewalk': 'none', 'smoothness': 'good', 'surface': 'asphalt'}",,,False,0,below flyover
2023-11-29 04:11:14,,,686.3435,9.750694664265334,-1.5504531661649548,206.8607227155997,12.861279,77.432403,Bengaluru-Mysuru Expressway,highway,789140460,"{'highway': 'service', 'source': 'digitalglobe'}",,,False,0,below flyover
2023-11-29 04:11:15,,,687.642,10.508946538788376,0.758251874523042,211.46211667833225,12.861208,77.432342,Bengaluru-Mysuru Expressway,highway,789140460,"{'highway': 'service', 'source': 'digitalglobe'}",,,False,0,below flyover
2023-11-29 04:11:16,,,686.6828,9.239162124028496,-1.2697844147598794,211.7625570585339,12.861145,77.432288,Bengaluru-Mysuru Expressway,highway,789140460,"{'highway': 'service', 'source': 'digitalglobe'}",,,False,0,below flyover
2023-11-29 04:11:17,,,687.4088,9.68106195173834,0.4418998277098449,206.70495593311225,12.86108,77.432231,Bengaluru-Mysuru Expressway,highway,789140460,"{'highway': 'service', 'source': 'digitalglobe'}",,,False,0,below flyover
2023-11-29 04:11:18,,,687.6342,9.543020312195582,-0.1380416395427595,209.7647252127056,12.861016,77.432176,Bengaluru-Mysuru Expressway,highway,789140460,"{'highway': 'service', 'source': 'digitalglobe'}",,,False,0,below flyover
2023-11-29 04:11:19,,,688.3644,8.547395874238664,-0.995624437956918,217.4974866516069,12.860957,77.432125,Bengaluru-Mysuru Expressway,highway,1163884669,"{'alt_name': 'Bangalore-Mysore Expressway', 'highway': 'tertiary', 'lanes': '2', 'maxspeed': '60', 'name': 'Bengaluru-Mysuru Expressway', 'name:kn': 'ಬೆಂಗಳೂರು-ಮೈಸೂರು ಹೆದ್ದಾರಿ', 'oneway': 'yes', 'ref': 'NH275;EC34', 'ref:old': 'SH17', 'sidewalk': 'none', 'smoothness': 'good', 'surface': 'asphalt'}",,,False,0,below flyover
2023-11-29 04:11:20,,,687.1717,8.916901479852486,0.3695056056138224,213.1052671815954,12.860896,77.432073,Bengaluru-Mysuru Expressway,highway,1163884669,"{'alt_name': 'Bangalore-Mysore Expressway', 'highway': 'tertiary', 'lanes': '2', 'maxspeed': '60', 'name': 'Bengaluru-Mysuru Expressway', 'name:kn': 'ಬೆಂಗಳೂರು-ಮೈಸೂರು ಹೆದ್ದಾರಿ', 'oneway': 'yes', 'ref': 'NH275;EC34', 'ref:old': 'SH17', 'sidewalk': 'none', 'smoothness': 'good', 'surface': 'asphalt'}",,,False,0,below flyover
2023-11-29 04:11:21,,,687.1276,7.067863059702681,-1.849038420149805,207.88581295098,12.860848,77.432031,Bengaluru-Mysuru Expressway,highway,1163884669,"{'alt_name': 'Bangalore-Mysore Expressway', 'highway': 'tertiary', 'lanes': '2', 'maxspeed': '60', 'name': 'Bengaluru-Mysuru Expressway', 'name:kn': 'ಬೆಂಗಳೂರು-ಮೈಸೂರು ಹೆದ್ದಾರಿ', 'oneway': 'yes', 'ref': 'NH275;EC34', 'ref:old': 'SH17', 'sidewalk': 'none', 'smoothness': 'good', 'surface': 'asphalt'}",,,False,0,below flyover
2023-11-29 04:11:22,,,685.1279,6.661129371649354,-0.4067336880533272,207.17167093398425,12.860803,77.431993,Bengaluru-Mysuru Expressway,highway,1163884669,"{'alt_name': 'Bangalore-Mysore Expressway', 'highway': 'tertiary', 'lanes': '2', 'maxspeed': '60', 'name': 'Bengaluru-Mysuru Expressway', 'name:kn': 'ಬೆಂಗಳೂರು-ಮೈಸೂರು ಹೆದ್ದಾರಿ', 'oneway': 'yes', 'ref': 'NH275;EC34', 'ref:old': 'SH17', 'sidewalk': 'none', 'smoothness': 'good', 'surface': 'asphalt'}",,,False,0,below flyover
2023-11-29 04:11:23,,,684.9485,6.369449287567568,-0.2916800840817863,204.1387148918165,12.860761,77.431957,Bengaluru-Mysuru Expressway,highway,789140461,"{'highway': 'service', 'source': 'digitalglobe'}",,,False,0,below flyover
2023-11-29 04:11:24,,,686.7044,3.809649805665573,-2.5597994819019942,204.757577061567,12.860736,77.431935,Bengaluru-Mysuru Expressway,highway,789140461,"{'highway': 'service', 'source': 'digitalglobe'}",,,False,0,below flyover
2023-11-29 04:11:25,,,687.0074,5.050147724176083,1.2404979185105094,204.8047926688327,12.860703,77.431906,Bengaluru-Mysuru Expressway,highway,789140461,"{'highway': 'service', 'source': 'digitalglobe'}",,,False,0,below flyover
2023-11-29 04:11:26,,,686.2986,4.572263089040953,-0.4778846351351298,204.33488902614192,12.860658,77.431871,Bengaluru-Mysuru Expressway,highway,789140461,"{'highway': 'service', 'source': 'digitalglobe'}",,,False,0,below flyover
2023-11-29 04:11:27,,,685.9471,3.3853122997504137,-1.186950789290539,218.39220214447064,12.860633,77.431852,Bengaluru-Mysuru Expressway,highway,789140461,"{'highway': 'service', 'source': 'digitalglobe'}",,,False,0,below flyover
2023-11-29 04:11:28,,,686.2355,3.3710722091248435,-0.0142400906255701,220.17902357327256,12.860609,77.431834,Bengaluru-Mysuru Expressway,highway,789140461,"{'highway': 'service', 'source': 'digitalglobe'}",,,False,0,below flyover
2023-11-29 04:11:29,,,687.0501,0.9874191557023992,-2.383653053422444,327.991117132548,12.860612,77.431836,Bengaluru-Mysuru Expressway,highway,789140461,"{'highway': 'service', 'source': 'digitalglobe'}",,,False,0,below flyover
2023-11-29 04:11:30,,,687.5165,0.6971683416656214,-0.2902508140367779,129.46360316325485,12.860612,77.431836,Bengaluru-Mysuru Expressway,highway,789140461,"{'highway': 'service', 'source': 'digitalglobe'}",,,False,0,below flyover
2023-11-29 04:11:31,,,686.6845,1.0538951286938965,0.3567267870282751,189.9271841721348,12.860605,77.431831,Bengaluru-Mysuru Expressway,highway,789140461,"{'highway': 'service', 'source': 'digitalglobe'}",,,False,0,below flyover
2023-11-29 04:11:32,,,687.0287,0.6219014246016159,-0.4319937040922805,26.3912621240354,12.860609,77.431834,Bengaluru-Mysuru Expressway,highway,789140461,"{'highway': 'service', 'source': 'digitalglobe'}",,,False,0,below flyover
2023-11-29 04:11:33,,,687.3468,0.4521508156470702,-0.1697506089545456,283.0619562798965,12.860608,77.431833,Bengaluru-Mysuru Expressway,highway,789140461,"{'highway': 'service', 'source': 'digitalglobe'}",,,False,0,below flyover
2023-11-29 04:11:34,,,687.8741,0.9978514660502088,0.5457006504031385,90.75341738771463,12.860612,77.431836,Bengaluru-Mysuru Expressway,highway,789140461,"{'highway': 'service', 'source': 'digitalglobe'}",,,False,0,below flyover
2023-11-29 04:11:35,,,686.8477,0.7506752057838334,-0.2471762602663754,284.0681407287974,12.86061,77.431835,Bengaluru-Mysuru Expressway,highway,789140461,"{'highway': 'service', 'source': 'digitalglobe'}",,,False,0,below flyover
2023-11-29 04:11:36,,,686.9505,0.2932086740573084,-0.457466531726525,210.1133518100044,12.860608,77.431833,Bengaluru-Mysuru Expressway,highway,789140461,"{'highway': 'service', 'source': 'digitalglobe'}",,,False,0,below flyover
2023-11-29 04:11:37,,,687.7113,0.5485871771922026,0.2553785031348942,55.59015082173647,12.860611,77.431836,Bengaluru-Mysuru Expressway,highway,789140461,"{'highway': 'service', 'source': 'digitalglobe'}",,,False,0,below flyover
2023-11-29 04:11:38,,,686.482,0.5057671508112358,-0.0428200263809668,221.14908762822017,12.860608,77.431833,Bengaluru-Mysuru Expressway,highway,789140461,"{'highway': 'service', 'source': 'digitalglobe'}",,,False,0,below flyover
2023-11-29 04:11:39,,,687.2386,0.2174715229362128,-0.2882956278750229,355.9982200661116,12.860609,77.431834,Bengaluru-Mysuru Expressway,highway,789140461,"{'highway': 'service', 'source': 'digitalglobe'}",,,False,0,below flyover
2023-11-29 04:11:40,,,687.974,1.0779432024594466,0.8604716795232338,39.84499771378108,12.860617,77.43184,Bengaluru-Mysuru Expressway,highway,789140461,"{'highway': 'service', 'source': 'digitalglobe'}",,,False,0,below flyover
2023-11-29 04:11:41,,,686.8545,1.0063941640519782,-0.0715490384074684,223.9320043089772,12.86061,77.431834,Bengaluru-Mysuru Expressway,highway,789140461,"{'highway': 'service', 'source': 'digitalglobe'}",,,False,0,below flyover
2023-11-29 04:11:42,,,686.9145,0.2502203026570411,-0.7561738613949371,98.63870107578634,12.86061,77.431835,Bengaluru-Mysuru Expressway,highway,789140461,"{'highway': 'service', 'source': 'digitalglobe'}",,,False,0,below flyover
2023-11-29 04:11:43,,,685.6803,0.7718338446232281,0.5216135419661869,286.659961862828,12.860609,77.431834,Bengaluru-Mysuru Expressway,highway,789140461,"{'highway': 'service', 'source': 'digitalglobe'}",,,False,0,below flyover
2023-11-29 04:11:44,,,686.5623,0.570137951126273,-0.2016958934969551,140.33501584238843,12.860608,77.431833,Bengaluru-Mysuru Expressway,highway,789140461,"{'highway': 'service', 'source': 'digitalglobe'}",,,False,0,below flyover
2023-11-29 04:11:45,,,685.5598,0.351212835653689,-0.2189251154725839,92.77650588008844,12.860609,77.431834,Bengaluru-Mysuru Expressway,highway,789140461,"{'highway': 'service', 'source': 'digitalglobe'}",,,False,0,below flyover
2023-11-29 04:11:46,,,686.7986,1.2060206909934306,0.8548078553397416,15.900977455349334,12.860617,77.43184,Bengaluru-Mysuru Expressway,highway,789140461,"{'highway': 'service', 'source': 'digitalglobe'}",,,False,0,below flyover
2023-11-29 04:11:47,,,686.7816,0.9010898629986092,-0.3049308279948214,213.14680874999303,12.860611,77.431835,Bengaluru-Mysuru Expressway,highway,789140461,"{'highway': 'service', 'source': 'digitalglobe'}",,,False,0,below flyover
