timestamp,latitude,longitude,altitude,Q,ns,sdn,sde,sdu,sdne,sdeu,sdun,age,ratio,outlier,speed,acceleration,bearing,snapped_latitude,snapped_longitude,road_name,road_type,road_id,tags,latitude,longitude,is_bridge,layer,position
2023-11-29 09:13:57,,,682.0232,5,0.8867727516450783,-0.9403330611936068,-0.8516923422539243,7.4348,1.0819,0.939,-1.422,0.0,0.0,False,,,,12.899597,77.465422,Bengaluru-Mysuru Expressway,highway,765155350,"{'access': 'private', 'highway': 'service'}",,,False,0,below flyover
2023-11-29 09:13:58,,,681.0908,5,0.8867727516450783,-0.940228369510604,-0.8516923422539243,7.4347,1.0819,0.9395,-1.4219,0.0,0.0,False,0.3012349416359565,,140.38755852733868,12.899597,77.465422,Bengaluru-Mysuru Expressway,highway,765155350,"{'access': 'private', 'highway': 'service'}",,,False,0,below flyover
2023-11-29 09:13:59,,,681.2271,5,0.8867727516450783,-0.940228369510604,-0.8517888995707756,7.4346,1.0818,0.9399,-1.4217,0.0,0.0,False,0.6292741218233064,0.3280391801873499,348.72624460157544,12.899598,77.465425,Bengaluru-Mysuru Expressway,highway,765155350,"{'access': 'private', 'highway': 'service'}",,,False,0,below flyover
2023-11-29 09:14:00,,,681.87,5,0.8867727516450783,-0.940228369510604,-0.8517888995707756,7.4344,1.0818,0.9404,-1.4215,0.0,0.0,False,0.1451954564044076,-0.4840786654188987,190.23392599177265,12.899598,77.465424,Bengaluru-Mysuru Expressway,highway,765155350,"{'access': 'private', 'highway': 'service'}",,,False,0,below flyover
2023-11-29 09:14:01,,,685.0214,5,1.0517226424394748,-1.0212597321546413,-0.8538166032246486,7.2323,1.1222,1.0443,-1.8179,0.0,0.0,False,1.495494328981406,1.3502988725769984,344.1818307742276,12.8996,77.465427,Bengaluru-Mysuru Expressway,highway,765155350,"{'access': 'private', 'highway': 'service'}",,,False,0,below flyover
2023-11-29 09:14:02,,,685.5263,5,0.8867727516450783,-0.8791931183200692,-0.8170282655043809,7.4208,1.329,0.492,-2.2255,0.0,0.0,False,0.2027817638719496,-1.2927125651094564,99.72335196941695,12.899601,77.465428,Bengaluru-Mysuru Expressway,highway,765155350,"{'access': 'private', 'highway': 'service'}",,,False,0,below flyover
2023-11-29 09:14:03,,,685.6852,5,0.8867727516450783,-0.8790884266370669,-0.8171248228212318,7.4207,1.329,0.493,-2.2254,0.0,0.0,False,0.3978815826908413,0.1950998188188917,340.3569428006585,12.899601,77.465429,Bengaluru-Mysuru Expressway,highway,765155350,"{'access': 'private', 'highway': 'service'}",,,False,0,below flyover
2023-11-29 09:14:04,,,688.3193,5,1.0517226424394748,-0.9165680491520092,-0.887611664122532,7.1795,1.185,1.2525,-1.9976,0.0,0.0,False,0.6928021693274731,0.2949205866366317,356.3671840707202,12.899603,77.465432,Bengaluru-Mysuru Expressway,highway,765155350,"{'access': 'private', 'highway': 'service'}",,,False,0,below flyover
2023-11-29 09:14:05,,,686.5392,5,1.0517226424394748,-0.9164633574690064,-0.887611664122532,7.1794,1.185,1.2528,-1.9974,0.0,0.0,False,0.510302254136971,-0.1824999151905021,150.7983363812989,12.899602,77.465431,Bengaluru-Mysuru Expressway,highway,765155350,"{'access': 'private', 'highway': 'service'}",,,False,0,below flyover
2023-11-29 09:14:06,,,687.3926,5,1.0517226424394748,-0.9164633574690064,-0.887611664122532,7.1793,1.185,1.2531,-1.9972,0.0,0.0,False,0.5119164853096339,0.0016142311726629,217.3447768561904,12.8996,77.465427,Bengaluru-Mysuru Expressway,highway,765155350,"{'access': 'private', 'highway': 'service'}",,,False,0,below flyover
2023-11-29 09:14:07,,,686.1703,5,1.0517226424394748,-0.9164633574690064,-0.887611664122532,7.1791,1.185,1.2534,-1.997,0.0,0.0,False,0.2585959204582386,-0.2533205648513952,353.5745001997858,12.899601,77.465429,Bengaluru-Mysuru Expressway,highway,765155350,"{'access': 'private', 'highway': 'service'}",,,False,0,below flyover
2023-11-29 09:14:08,,,681.2106,5,0.7218228608506817,-0.8015118895321162,-0.8150971191673588,7.6183,1.2946,0.1949,-1.9147,0.0,0.0,False,2.608468877621503,2.349872957163264,166.78156948871776,12.899596,77.465422,Bengaluru-Mysuru Expressway,highway,765155350,"{'access': 'private', 'highway': 'service'}",,,False,0,below flyover
2023-11-29 09:14:09,,,686.018,5,0.8867727516450783,-0.878983734954064,-0.8171248228212318,7.4199,1.329,0.4987,-2.2246,0.0,0.0,False,2.4006336666929284,-0.2078352109285743,353.5085074985616,12.899601,77.46543,Bengaluru-Mysuru Expressway,highway,765155350,"{'access': 'private', 'highway': 'service'}",,,False,0,below flyover
2023-11-29 09:14:10,,,686.8596,5,1.0517226424394748,-1.020840965422631,-0.8539131605414995,7.2312,1.1222,1.0484,-1.8167,0.0,0.0,False,0.360037113103931,-2.0405965535889976,171.34268648619673,12.899601,77.465429,Bengaluru-Mysuru Expressway,highway,765155350,"{'access': 'private', 'highway': 'service'}",,,False,0,below flyover
2023-11-29 09:14:11,,,680.4276,5,0.8867727516450783,-0.9397049110955912,-0.8518854568876265,7.433,1.0816,0.9455,-1.4196,0.0,0.0,False,2.14193417752036,1.7818970644164285,166.27702256326643,12.899597,77.465423,Bengaluru-Mysuru Expressway,highway,765155350,"{'access': 'private', 'highway': 'service'}",,,False,0,below flyover
2023-11-29 09:14:12,,,684.0262,5,1.0517226424394748,-1.0207362737396284,-0.8540097178583508,7.2309,1.1222,1.0494,-1.8165,0.0,0.0,False,1.6658515948076544,-0.4760825827127048,336.22519219926806,12.899599,77.465425,Bengaluru-Mysuru Expressway,highway,765155350,"{'access': 'private', 'highway': 'service'}",,,False,0,below flyover
2023-11-29 09:14:13,,,680.8095,5,0.8867727516450783,-0.9396002194125882,-0.8519820142044777,7.4327,1.0816,0.9464,-1.4192,0.0,0.0,False,1.8894529774112527,0.2236013826035989,153.37214768545152,12.899598,77.465424,Bengaluru-Mysuru Expressway,highway,765155350,"{'access': 'private', 'highway': 'service'}",,,False,0,below flyover
2023-11-29 09:14:14,,,681.7672,5,0.8867727516450783,-0.939495527729586,-0.8519820142044777,7.4326,1.0816,0.9469,-1.4191,0.0,0.0,False,0.5097694202366531,-1.3796835571746002,333.56178241903206,12.899598,77.465424,Bengaluru-Mysuru Expressway,highway,765155350,"{'access': 'private', 'highway': 'service'}",,,False,0,below flyover
2023-11-29 09:14:15,,,690.9395,5,1.0517226424394748,-1.0206315820566256,-0.8540097178583508,7.2306,1.1223,1.0507,-1.8161,0.0,0.0,False,4.2861685435085874,3.776399123271936,348.92830532370147,12.899606,77.465437,Bengaluru-Mysuru Expressway,highway,765155350,"{'access': 'private', 'highway': 'service'}",,,False,0,below flyover
2023-11-29 09:14:16,,,692.1781,5,1.0517226424394748,-1.0206315820566256,-0.8540097178583508,7.2304,1.1223,1.0512,-1.8159,0.0,0.0,False,0.8114146370521655,-3.4747539064564217,24.02602217637036,12.899609,77.465442,Bengaluru-Mysuru Expressway,highway,765155350,"{'access': 'private', 'highway': 'service'}",,,False,0,below flyover
2023-11-29 09:14:17,,,693.1273,5,1.0517226424394748,-1.020526890373623,-0.8540097178583508,7.2303,1.1223,1.0517,-1.8158,0.0,0.0,False,0.4365819050184863,-0.3748327320336792,209.15008222411709,12.899607,77.465439,Bengaluru-Mysuru Expressway,highway,765155350,"{'access': 'private', 'highway': 'service'}",,,False,0,below flyover
2023-11-29 09:14:18,,,681.2901,5,0.7218228608506817,-0.8013025061661109,-0.81519367648421,7.617,1.2944,0.2154,-1.9131,0.0,0.0,False,4.503948899824157,4.067366994805671,167.87239031239426,12.899599,77.465426,Bengaluru-Mysuru Expressway,highway,765155350,"{'access': 'private', 'highway': 'service'}",,,False,0,below flyover
2023-11-29 09:14:20,,,693.5312,5,0.8867727516450783,-0.8787743515880587,-0.817317937454934,7.4185,1.3289,0.509,-2.223,0.0,0.0,False,2.413841343957694,-1.0450537779332314,351.92573526764,12.89961,77.465442,Bengaluru-Mysuru Expressway,highway,765155350,"{'access': 'private', 'highway': 'service'}",,,False,0,below flyover
2023-11-29 09:14:21,,,682.9545,5,0.7218228608506817,-0.801197814483108,-0.81519367648421,7.6166,1.2943,0.2212,-1.9126,0.0,0.0,False,4.857230989761348,2.443389645803654,177.09516763386887,12.899597,77.465423,Bengaluru-Mysuru Expressway,highway,765155350,"{'access': 'private', 'highway': 'service'}",,,False,0,below flyover
2023-11-29 09:14:22,,,691.1594,5,0.8867727516450783,-0.8786696599050563,-0.817317937454934,7.4182,1.3289,0.5108,-2.2228,0.0,0.0,False,4.588648759982984,-0.2685822297783637,357.45479693527903,12.899609,77.465441,Bengaluru-Mysuru Expressway,highway,765155350,"{'access': 'private', 'highway': 'service'}",,,False,0,below flyover
2023-11-29 09:14:23,,,691.6002,5,0.8867727516450783,-0.8786696599050563,-0.817317937454934,7.4181,1.3289,0.5118,-2.2226,0.0,0.0,False,0.4353387284081013,-4.1533100315748825,205.18226183603707,12.899607,77.465439,Bengaluru-Mysuru Expressway,highway,765155350,"{'access': 'private', 'highway': 'service'}",,,False,0,below flyover
2023-11-29 09:14:24,,,681.2804,5,0.7218228608506817,-0.8010931228001057,-0.8152902338010609,7.6162,1.2942,0.2269,-1.9121,0.0,0.0,False,4.233577810290829,3.798239081882728,172.666049882567,12.899598,77.465425,Bengaluru-Mysuru Expressway,highway,765155350,"{'access': 'private', 'highway': 'service'}",,,False,0,below flyover
2023-11-29 09:14:25,,,690.6698,5,0.8867727516450783,-0.8785649682220535,-0.817317937454934,7.4178,1.3289,0.5136,-2.2223,0.0,0.0,False,4.129480582129528,-0.1040972281613008,351.3819299397442,12.899607,77.465438,Bengaluru-Mysuru Expressway,highway,765155350,"{'access': 'private', 'highway': 'service'}",,,False,0,below flyover
2023-11-29 09:14:26,,,690.6425,5,0.8867727516450783,-0.8785649682220535,-0.8174144947717853,7.4177,1.3289,0.5145,-2.2222,0.0,0.0,False,0.538463023251538,-3.5910175588779896,174.98819237262614,12.899605,77.465436,Bengaluru-Mysuru Expressway,highway,765155350,"{'access': 'private', 'highway': 'service'}",,,False,0,below flyover
2023-11-29 09:14:27,,,682.1082,5,0.7218228608506817,-0.8009884311171028,-0.8152902338010609,7.6159,1.2942,0.2324,-1.9116,0.0,0.0,False,3.539570981670338,3.0011079584188,170.1722373929838,12.899598,77.465425,Bengaluru-Mysuru Expressway,highway,765155350,"{'access': 'private', 'highway': 'service'}",,,False,0,below flyover
2023-11-29 09:14:28,,,689.2878,5,0.8867727516450783,-0.8785649682220535,-0.8174144947717853,7.4174,1.3289,0.5164,-2.2219,0.0,0.0,False,3.292595970073928,-0.24697501159641,351.18158861969005,12.899605,77.465435,Bengaluru-Mysuru Expressway,highway,765155350,"{'access': 'private', 'highway': 'service'}",,,False,0,below flyover
2023-11-29 09:14:29,,,688.7973,5,0.8867727516450783,-0.8784602765390511,-0.8174144947717853,7.4173,1.3289,0.5173,-2.2218,0.0,0.0,False,0.334882041706534,-2.9577139283673937,178.79451951389615,12.899604,77.465434,Bengaluru-Mysuru Expressway,highway,765155350,"{'access': 'private', 'highway': 'service'}",,,False,0,below flyover
2023-11-29 09:14:30,,,688.6611,5,0.8867727516450783,-0.8784602765390511,-0.8174144947717853,7.4172,1.3289,0.5182,-2.2216,0.0,0.0,False,0.3064075089728773,-0.0284745327336567,302.65849335379505,12.899604,77.465433,Bengaluru-Mysuru Expressway,highway,765155350,"{'access': 'private', 'highway': 'service'}",,,False,0,below flyover
2023-11-29 09:14:31,,,687.7535,5,0.8867727516450783,-0.8784602765390511,-0.8174144947717853,7.417,1.3289,0.5191,-2.2215,0.0,0.0,False,0.0437457554628281,-0.2626617535100491,303.1269996257035,12.899604,77.465433,Bengaluru-Mysuru Expressway,highway,765155350,"{'access': 'private', 'highway': 'service'}",,,False,0,below flyover
2023-11-29 09:14:32,,,680.9703,5,0.7218228608506817,-0.8008837394341004,-0.8152902338010609,7.6152,1.2941,0.2414,-1.9108,0.0,0.0,False,3.0424859361408987,2.9987401806780705,167.30651508006713,12.899598,77.465425,Bengaluru-Mysuru Expressway,highway,765155350,"{'access': 'private', 'highway': 'service'}",,,False,0,below flyover
2023-11-29 09:14:33,,,686.6186,5,0.8867727516450783,-0.8784602765390511,-0.8174144947717853,7.4168,1.3289,0.521,-2.2212,0.0,0.0,False,2.386036822412774,-0.6564491137281245,357.28172819042226,12.899604,77.465434,Bengaluru-Mysuru Expressway,highway,765155350,"{'access': 'private', 'highway': 'service'}",,,False,0,below flyover
2023-11-29 09:14:34,,,686.5944,5,0.8867727516450783,-0.8783555848560483,-0.8175110520886362,7.4167,1.3289,0.5219,-2.2211,0.0,0.0,False,0.3057758597935237,-2.0802609626192505,338.4113145583948,12.899605,77.465435,Bengaluru-Mysuru Expressway,highway,765155350,"{'access': 'private', 'highway': 'service'}",,,False,0,below flyover
2023-11-29 09:14:35,,,686.4144,5,0.8867727516450783,-0.8783555848560483,-0.8175110520886362,7.4165,1.3289,0.5228,-2.2209,0.0,0.0,False,0.8748981048753175,0.5691222450817939,196.50346841486308,12.899601,77.465429,Bengaluru-Mysuru Expressway,highway,765155350,"{'access': 'private', 'highway': 'service'}",,,False,0,below flyover
2023-11-29 09:14:36,,,681.636,5,0.7218228608506817,-0.8007790477510975,-0.8153867911179122,7.6147,1.294,0.2483,-1.9101,0.0,0.0,False,2.0369967446207773,1.1620986397454598,165.75650392225953,12.899598,77.465424,Bengaluru-Mysuru Expressway,highway,765155350,"{'access': 'private', 'highway': 'service'}",,,False,0,below flyover
2023-11-29 09:14:37,,,681.5167,5,0.7218228608506817,-0.8007790477510975,-0.8153867911179122,7.6146,1.294,0.25,-1.9099,0.0,0.0,False,0.4451006246072108,-1.5918961200135664,337.79414874869263,12.899598,77.465425,Bengaluru-Mysuru Expressway,highway,765155350,"{'access': 'private', 'highway': 'service'}",,,False,0,below flyover
2023-11-29 09:14:38,,,686.9,5,0.8867727516450783,-0.8782508931730458,-0.8175110520886362,7.4161,1.3289,0.5255,-2.2205,0.0,0.0,False,2.4622006108698344,2.0170999862626235,347.4734627088161,12.899602,77.465431,Bengaluru-Mysuru Expressway,highway,765155350,"{'access': 'private', 'highway': 'service'}",,,False,0,below flyover
2023-11-29 09:14:39,,,681.768,5,0.5568729700562852,-0.5482627083487486,-0.8149040045336566,7.6878,1.2618,0.025,-1.4814,0.0,0.0,False,2.12516042436778,-0.3370401865020547,164.88689904804346,12.899599,77.465427,Bengaluru-Mysuru Expressway,highway,765155350,"{'access': 'private', 'highway': 'service'}",,,False,0,below flyover
2023-11-29 09:14:40,,,682.6201,5,0.5568729700562852,-0.5482627083487486,-0.8149040045336566,7.6878,1.2618,0.0386,-1.481,0.0,0.0,False,0.3525321202983077,-1.772628304069472,222.77912555991225,12.899598,77.465424,Bengaluru-Mysuru Expressway,highway,765155350,"{'access': 'private', 'highway': 'service'}",,,False,0,below flyover
2023-11-29 09:14:41,,,681.806,5,0.7218228608506817,-0.6641564014326622,-0.8520785715213286,7.4961,1.0541,0.9377,-0.7722,0.0,0.0,False,0.113067126220034,-0.2394649940782737,88.98570000115001,12.899598,77.465424,Bengaluru-Mysuru Expressway,highway,765155350,"{'access': 'private', 'highway': 'service'}",,,False,0,below flyover
2023-11-29 09:14:42,,,688.6219,5,0.8867727516450783,-0.777851569173521,-0.8542993898089039,7.2693,1.1072,1.0536,-1.5057,0.0,0.0,False,3.030461237291822,2.917394111071788,348.1215800017964,12.899604,77.465433,Bengaluru-Mysuru Expressway,highway,765155350,"{'access': 'private', 'highway': 'service'}",,,False,0,below flyover
2023-11-29 09:14:43,,,680.9567,5,0.7218228608506817,-0.6641564014326622,-0.8520785715213286,7.496,1.0541,0.9387,-0.7708,0.0,0.0,False,3.7193379961835937,0.6888767588917717,176.14172484127062,12.899594,77.465419,Bengaluru-Mysuru Expressway,highway,765155350,"{'access': 'private', 'highway': 'service'}",,,False,0,below flyover
2023-11-29 09:14:44,,,689.1647,5,1.0517226424394748,-1.019375281860594,-0.8544925044426059,7.2269,1.1223,1.064,-1.8121,0.0,0.0,False,3.808251363621288,0.0889133674376938,357.74901924641347,12.899604,77.465434,Bengaluru-Mysuru Expressway,highway,765155350,"{'access': 'private', 'highway': 'service'}",,,False,0,below flyover
2023-11-29 09:14:45,,,681.1415,5,0.8867727516450783,-0.9381345358505516,-0.8523682434718821,7.4287,1.081,0.9612,-1.4135,0.0,0.0,False,3.5976366504435884,-0.2106147131776992,173.3860856692811,12.899596,77.465421,Bengaluru-Mysuru Expressway,highway,765155350,"{'access': 'private', 'highway': 'service'}",,,False,0,below flyover
2023-11-29 09:14:46,,,690.0917,5,1.0517226424394748,-1.0192705901775914,-0.8544925044426059,7.2267,1.1223,1.065,-1.8118,0.0,0.0,False,3.9515061844935913,0.3538695340500029,354.3156072289655,12.899605,77.465436,Bengaluru-Mysuru Expressway,highway,765155350,"{'access': 'private', 'highway': 'service'}",,,False,0,below flyover
2023-11-29 09:14:47,,,690.1864,5,1.0517226424394748,-1.0192705901775914,-0.8544925044426059,7.2265,1.1223,1.0654,-1.8117,0.0,0.0,False,0.0578792099954224,-3.8936269744981686,153.05170616631972,12.899605,77.465436,Bengaluru-Mysuru Expressway,highway,765155350,"{'access': 'private', 'highway': 'service'}",,,False,0,below flyover
2023-11-29 09:14:48,,,690.3497,5,1.0517226424394748,-1.0192705901775914,-0.8544925044426059,7.2264,1.1223,1.0659,-1.8116,0.0,0.0,False,0.1099731178132425,0.05209390781782,180.28235282815567,12.899605,77.465435,Bengaluru-Mysuru Expressway,highway,765155350,"{'access': 'private', 'highway': 'service'}",,,False,0,below flyover
2023-11-29 09:14:49,,,680.4813,5,0.8867727516450783,-0.9379251524845464,-0.852464800788733,7.4282,1.081,0.963,-1.4128,0.0,0.0,False,3.479915315074924,3.3699421972616816,174.33900404272345,12.899597,77.465423,Bengaluru-Mysuru Expressway,highway,765155350,"{'access': 'private', 'highway': 'service'}",,,False,0,below flyover
2023-11-29 09:14:50,,,687.3634,5,0.8867727516450783,-0.8780415098070407,-0.8177041667223383,7.4146,1.3288,0.5363,-2.2188,0.0,0.0,False,3.733732303927772,0.2538169888528481,354.99049650194144,12.899606,77.465436,Bengaluru-Mysuru Expressway,highway,765155350,"{'access': 'private', 'highway': 'service'}",,,False,0,below flyover
2023-11-29 09:14:51,,,681.5165,5,0.7218228608506817,-0.8004649727020899,-0.8155799057516144,7.6128,1.2937,0.2728,-1.9076,0.0,0.0,False,3.3084111984114446,-0.4253211055163275,167.5894125278387,12.8996,77.465427,Bengaluru-Mysuru Expressway,highway,765155350,"{'access': 'private', 'highway': 'service'}",,,False,0,below flyover
2023-11-29 09:14:52,,,682.7811,5,0.8867727516450783,-0.8323959360178929,-0.8864529763203189,7.3573,1.1551,1.2083,-1.6438,0.0,0.0,False,0.5229513432757126,-2.785459855135732,221.81798944881385,12.899598,77.465424,Bengaluru-Mysuru Expressway,highway,765155350,"{'access': 'private', 'highway': 'service'}",,,False,0,below flyover
2023-11-29 09:14:53,,,681.4668,5,0.8867727516450783,-0.8323959360178929,-0.8864529763203189,7.3572,1.1551,1.2086,-1.6435,0.0,0.0,False,0.6014511023183154,0.0784997590426028,187.14300528592827,12.899595,77.46542,Bengaluru-Mysuru Expressway,highway,765155350,"{'access': 'private', 'highway': 'service'}",,,False,0,below flyover
2023-11-29 09:14:54,,,682.1273,5,0.7218228608506817,-0.8003602810190871,-0.8155799057516144,7.6124,1.2936,0.2775,-1.9071,0.0,0.0,False,1.1935486561780726,0.5920975538597572,39.07425136293489,12.899601,77.465429,Bengaluru-Mysuru Expressway,highway,765155350,"{'access': 'private', 'highway': 'service'}",,,False,0,below flyover
2023-11-29 09:14:55,,,679.8702,5,0.7218228608506817,-0.8003602810190871,-0.8155799057516144,7.6123,1.2936,0.279,-1.9069,0.0,0.0,False,0.769360174613438,-0.4241884815646346,205.6535973123009,12.899598,77.465424,Bengaluru-Mysuru Expressway,highway,765155350,"{'access': 'private', 'highway': 'service'}",,,False,0,below flyover
2023-11-29 09:14:56,,,680.3939,5,0.7218228608506817,-0.8003602810190871,-0.8155799057516144,7.6122,1.2936,0.2806,-1.9067,0.0,0.0,False,0.2585990894253582,-0.5107610851880797,131.5324413015387,12.899598,77.465425,Bengaluru-Mysuru Expressway,highway,765155350,"{'access': 'private', 'highway': 'service'}",,,False,0,below flyover
2023-11-29 09:14:57,,,679.8508,5,0.7218228608506817,-0.8003602810190871,-0.8155799057516144,7.6121,1.2935,0.2821,-1.9066,0.0,0.0,False,0.2553771604069009,-0.0032219290184572,339.06143872018635,12.899599,77.465425,Bengaluru-Mysuru Expressway,highway,765155350,"{'access': 'private', 'highway': 'service'}",,,False,0,below flyover
2023-11-29 09:14:58,,,680.0846,5,0.7218228608506817,-0.8002555893360846,-0.8155799057516144,7.6119,1.2935,0.2836,-1.9064,0.0,0.0,False,0.1965355422735531,-0.0588416181333478,342.971657200027,12.899599,77.465426,Bengaluru-Mysuru Expressway,highway,765155350,"{'access': 'private', 'highway': 'service'}",,,False,0,below flyover
2023-11-29 09:14:59,,,680.0912,5,0.7218228608506817,-0.8002555893360846,-0.8155799057516144,7.6118,1.2935,0.2851,-1.9062,0.0,0.0,False,0.410755036644489,0.2142194943709358,134.73609838953155,12.899599,77.465426,Bengaluru-Mysuru Expressway,highway,765155350,"{'access': 'private', 'highway': 'service'}",,,False,0,below flyover
2023-11-29 09:15:00,,,681.2738,5,0.7218228608506817,-0.8002555893360846,-0.8156764630684653,7.6117,1.2935,0.2866,-1.9061,0.0,0.0,False,0.435621572119274,0.024866535474785,31.200234515422096,12.899601,77.465429,Bengaluru-Mysuru Expressway,highway,765155350,"{'access': 'private', 'highway': 'service'}",,,False,0,below flyover
2023-11-29 09:15:01,,,681.2635,5,0.7218228608506817,-0.8002555893360846,-0.8156764630684653,7.6116,1.2934,0.2881,-1.9059,0.0,0.0,False,0.2972029727114441,-0.1384185994078299,237.47712353874715,12.8996,77.465427,Bengaluru-Mysuru Expressway,highway,765155350,"{'access': 'private', 'highway': 'service'}",,,False,0,below flyover
2023-11-29 09:15:02,,,681.0105,5,0.7218228608506817,-0.8001508976530819,-0.8156764630684653,7.6114,1.2934,0.2896,-1.9057,0.0,0.0,False,0.2493049389997304,-0.0478980337117137,279.7320939398191,12.899598,77.465425,Bengaluru-Mysuru Expressway,highway,765155350,"{'access': 'private', 'highway': 'service'}",,,False,0,below flyover
2023-11-29 09:15:07,,,680.9374,5,0.7218228608506817,-0.8000462059700795,-0.8156764630684653,7.6108,1.2933,0.2969,-1.9049,0.0,0.0,False,0.0456668467615413,-0.0407276184476378,116.14981349124702,12.899599,77.465426,Bengaluru-Mysuru Expressway,highway,765155350,"{'access': 'private', 'highway': 'service'}",,,False,0,below flyover
2023-11-29 09:15:08,,,681.2055,5,0.8867727516450783,-0.9370876190205248,-0.8527544727392864,7.4258,1.0806,0.9717,-1.4093,0.0,0.0,False,0.3249289141820653,0.2792620674205239,91.33342078193954,12.8996,77.465428,Bengaluru-Mysuru Expressway,highway,765155350,"{'access': 'private', 'highway': 'service'}",,,False,0,below flyover
2023-11-29 09:15:10,,,681.1383,5,0.8867727516450783,-0.9369829273375224,-0.8527544727392864,7.4255,1.0806,0.9726,-1.4089,0.0,0.0,False,0.4535487701133582,0.0643099279656464,195.7096974020354,12.899597,77.465423,Bengaluru-Mysuru Expressway,highway,765155350,"{'access': 'private', 'highway': 'service'}",,,False,0,below flyover
2023-11-29 09:15:11,,,680.8728,5,0.8867727516450783,-0.9369829273375224,-0.8527544727392864,7.4254,1.0805,0.9731,-1.4088,0.0,0.0,False,0.2600117678177786,-0.1935370022955796,206.91773810744763,12.899596,77.465422,Bengaluru-Mysuru Expressway,highway,765155350,"{'access': 'private', 'highway': 'service'}",,,False,0,below flyover
2023-11-29 09:15:12,,,681.8833,5,0.8867727516450783,-0.9368782356545196,-0.8527544727392864,7.4253,1.0805,0.9735,-1.4086,0.0,0.0,False,0.9149598427836888,0.65494807496591,26.404742866570984,12.8996,77.465428,Bengaluru-Mysuru Expressway,highway,765155350,"{'access': 'private', 'highway': 'service'}",,,False,0,below flyover
2023-11-29 09:15:13,,,681.4059,5,0.8867727516450783,-0.9368782356545196,-0.8527544727392864,7.4252,1.0805,0.974,-1.4084,0.0,0.0,False,0.4611871184042483,-0.4537727243794404,328.7554770222854,12.8996,77.465427,Bengaluru-Mysuru Expressway,highway,765155350,"{'access': 'private', 'highway': 'service'}",,,False,0,below flyover
2023-11-29 09:15:14,,,691.531,5,1.0517226424394748,-1.0181189816645628,-0.8549752910268617,7.2232,1.1223,1.0777,-1.8079,0.0,0.0,False,4.399900839907631,3.938713721503383,349.7032261552853,12.899608,77.465441,Bengaluru-Mysuru Expressway,highway,765155350,"{'access': 'private', 'highway': 'service'}",,,False,0,below flyover
2023-11-29 09:15:15,,,679.5479,5,0.8867727516450783,-0.9367735439715172,-0.8528510300561377,7.4249,1.0804,0.9749,-1.408,0.0,0.0,False,5.350385695361238,0.950484855453607,176.21102186634607,12.899595,77.46542,Bengaluru-Mysuru Expressway,highway,765155350,"{'access': 'private', 'highway': 'service'}",,,False,0,below flyover
2023-11-29 09:15:16,,,681.1856,5,0.8867727516450783,-0.9367735439715172,-0.8528510300561377,7.4248,1.0804,0.9754,-1.4078,0.0,0.0,False,0.9116536121140144,-4.438732083247223,13.048554581804863,12.899599,77.465425,Bengaluru-Mysuru Expressway,highway,765155350,"{'access': 'private', 'highway': 'service'}",,,False,0,below flyover
2023-11-29 09:15:17,,,680.8012,5,0.8867727516450783,-0.9366688522885144,-0.8528510300561377,7.4247,1.0804,0.9758,-1.4076,0.0,0.0,False,0.0929117406625412,-0.8187418714514733,310.8922629913092,12.899599,77.465426,Bengaluru-Mysuru Expressway,highway,765155350,"{'access': 'private', 'highway': 'service'}",,,False,0,below flyover
2023-11-29 09:15:18,,,690.481,5,1.0517226424394748,-1.01801428998156,-0.8549752910268617,7.2227,1.1223,1.0796,-1.8074,0.0,0.0,False,4.046874131867579,3.9539623912050375,352.972474619428,12.899608,77.465439,Bengaluru-Mysuru Expressway,highway,765155350,"{'access': 'private', 'highway': 'service'}",,,False,0,below flyover
2023-11-29 09:15:19,,,690.1126,5,1.0517226424394748,-1.0179095982985575,-0.8549752910268617,7.2226,1.1223,1.08,-1.8072,0.0,0.0,False,0.7008086921659212,-3.3460654397016576,172.32069560065202,12.899606,77.465437,Bengaluru-Mysuru Expressway,highway,765155350,"{'access': 'private', 'highway': 'service'}",,,False,0,below flyover
2023-11-29 09:15:20,,,681.1446,5,1.0517226424394748,-0.9525819881049146,-0.9103991908993908,7.2232,0.9774,1.4299,-1.1863,0.0,0.0,False,4.283009751734673,3.5822010595687512,179.92605175314657,12.899594,77.465419,Bengaluru-Mysuru Expressway,highway,765155350,"{'access': 'private', 'highway': 'service'}",,,False,0,below flyover
2023-11-29 09:15:21,,,689.1152,5,1.2166725332338717,-1.0381150931180654,-0.9116544360184552,7.0353,1.0129,1.4821,-1.6306,0.0,0.0,False,4.112804972057198,-0.1702047796774746,356.9514413221272,12.899605,77.465435,Bengaluru-Mysuru Expressway,highway,765155350,"{'access': 'private', 'highway': 'service'}",,,False,0,below flyover
2023-11-29 09:15:22,,,680.7561,5,0.8867727516450783,-0.9364594689225092,-0.8529475873729886,7.424,1.0803,0.9781,-1.4067,0.0,0.0,False,3.126654593045469,-0.9861503790117284,171.94119277125913,12.899598,77.465424,Bengaluru-Mysuru Expressway,highway,765155350,"{'access': 'private', 'highway': 'service'}",,,False,0,below flyover
2023-11-29 09:15:23,,,688.0038,5,1.0517226424394748,-1.0178049066155546,-0.855071848343713,7.2221,1.1223,1.0818,-1.8067,0.0,0.0,False,3.0399581261298017,-0.0866964669156677,348.872163384738,12.899604,77.465434,Bengaluru-Mysuru Expressway,highway,765155350,"{'access': 'private', 'highway': 'service'}",,,False,0,below flyover
2023-11-29 09:15:24,,,678.7794,5,0.8867727516450783,-0.9363547772395068,-0.8529475873729886,7.4238,1.0803,0.979,-1.4063,0.0,0.0,False,3.836659555702212,0.7967014295724102,169.80379742330024,12.899596,77.465422,Bengaluru-Mysuru Expressway,highway,765155350,"{'access': 'private', 'highway': 'service'}",,,False,0,below flyover
2023-11-29 09:15:25,,,687.3203,5,1.0517226424394748,-1.0177002149325522,-0.855071848343713,7.2219,1.1223,1.0827,-1.8064,0.0,0.0,False,3.477135411829566,-0.3595241438726457,350.84166069180554,12.899603,77.465433,Bengaluru-Mysuru Expressway,highway,765155350,"{'access': 'private', 'highway': 'service'}",,,False,0,below flyover
2023-11-29 09:15:26,,,680.3507,5,0.8867727516450783,-0.936250085556504,-0.8529475873729886,7.4236,1.0802,0.9799,-1.406,0.0,0.0,False,2.995820104052572,-0.4813153077769945,174.47737917407744,12.899596,77.465422,Bengaluru-Mysuru Expressway,highway,765155350,"{'access': 'private', 'highway': 'service'}",,,False,0,below flyover
2023-11-29 09:15:27,,,686.1213,5,1.0517226424394748,-1.0175955232495495,-0.8551684056605638,7.2216,1.1223,1.0837,-1.8061,0.0,0.0,False,2.3692618063739808,-0.6265582976785908,346.8552069378375,12.899601,77.465429,Bengaluru-Mysuru Expressway,highway,765155350,"{'access': 'private', 'highway': 'service'}",,,False,0,below flyover
2023-11-29 09:15:28,,,685.7493,5,1.0517226424394748,-1.0175955232495495,-0.8551684056605638,7.2215,1.1223,1.0841,-1.8059,0.0,0.0,False,0.3585371538518914,-2.010724652522089,61.57178966863671,12.899602,77.465431,Bengaluru-Mysuru Expressway,highway,765155350,"{'access': 'private', 'highway': 'service'}",,,False,0,below flyover
2023-11-29 09:15:29,,,679.7961,5,0.7218228608506817,-0.7996274392380686,-0.8159661350190188,7.6081,1.2928,0.3274,-1.9011,0.0,0.0,False,2.907200002282858,2.5486628484309666,173.38460812713515,12.899596,77.465422,Bengaluru-Mysuru Expressway,highway,765155350,"{'access': 'private', 'highway': 'service'}",,,False,0,below flyover
2023-11-29 09:15:30,,,685.464,5,0.7218228608506817,-0.6574561337204939,-0.8179938386728918,7.4598,1.3086,0.5385,-1.9509,0.0,0.0,False,3.134854302458643,0.2276543001757849,355.0671072386163,12.899603,77.465433,Bengaluru-Mysuru Expressway,highway,765155350,"{'access': 'private', 'highway': 'service'}",,,False,0,below flyover
2023-11-29 09:15:31,,,678.2783,5,0.5568729700562852,-0.5487861667637615,-0.8154833484347631,7.685,1.2618,0.2147,-1.4598,0.0,0.0,False,3.490367327780505,0.3555130253218621,169.7431191836265,12.899597,77.465422,Bengaluru-Mysuru Expressway,highway,765155350,"{'access': 'private', 'highway': 'service'}",,,False,0,below flyover
2023-11-29 09:15:32,,,686.9138,5,0.7218228608506817,-0.6575608254034964,-0.8179938386728918,7.4597,1.3086,0.5404,-1.9503,0.0,0.0,False,4.489541732466696,0.9991744046861912,350.3490542233758,12.899606,77.465436,Bengaluru-Mysuru Expressway,highway,765155350,"{'access': 'private', 'highway': 'service'}",,,False,0,below flyover
2023-11-29 09:15:33,,,690.1746,5,0.7218228608506817,-0.6575608254034964,-0.8179938386728918,7.4596,1.3086,0.5413,-1.95,0.0,0.0,False,2.1629286984880727,-2.3266130339786235,349.7293330727624,12.89961,77.465442,Bengaluru-Mysuru Expressway,highway,765155350,"{'access': 'private', 'highway': 'service'}",,,False,0,below flyover
2023-11-29 09:15:34,,,692.0712,5,0.7218228608506817,-0.6575608254034964,-0.8179938386728918,7.4595,1.3086,0.5422,-1.9497,0.0,0.0,False,0.6517715225677695,-1.511157175920303,342.2023185993485,12.89961,77.465443,Bengaluru-Mysuru Expressway,highway,765155350,"{'access': 'private', 'highway': 'service'}",,,False,0,below flyover
2023-11-29 09:15:35,,,690.8208,5,0.7218228608506817,-0.6575608254034964,-0.8179938386728918,7.4595,1.3087,0.5431,-1.9494,0.0,0.0,False,0.4585308730739131,-0.1932406494938564,163.50716824472102,12.89961,77.465443,Bengaluru-Mysuru Expressway,highway,765155350,"{'access': 'private', 'highway': 'service'}",,,False,0,below flyover
2023-11-29 09:15:36,,,687.8714,5,0.7218228608506817,-0.6575608254034964,-0.8179938386728918,7.4594,1.3087,0.544,-1.9491,0.0,0.0,False,1.7975388775781582,1.3390080045042452,160.96815424296972,12.899608,77.465439,Bengaluru-Mysuru Expressway,highway,765155350,"{'access': 'private', 'highway': 'service'}",,,False,0,below flyover
2023-11-29 09:15:37,,,684.9459,5,0.7218228608506817,-0.6575608254034964,-0.8179938386728918,7.4593,1.3087,0.545,-1.9488,0.0,0.0,False,2.054972446408633,0.2574335688304747,187.9767372613369,12.899601,77.465429,Bengaluru-Mysuru Expressway,highway,765155350,"{'access': 'private', 'highway': 'service'}",,,False,0,below flyover
2023-11-29 09:15:38,,,683.4844,5,0.7218228608506817,-0.6575608254034964,-0.8180903959897431,7.4592,1.3087,0.5459,-1.9485,0.0,0.0,False,0.4969395960304825,-1.5580328503781504,109.67947359770812,12.899602,77.465431,Bengaluru-Mysuru Expressway,highway,765155350,"{'access': 'private', 'highway': 'service'}",,,False,0,below flyover
2023-11-29 09:15:39,,,683.1739,5,0.7218228608506817,-0.6576655170864992,-0.8180903959897431,7.4592,1.3087,0.5468,-1.9482,0.0,0.0,False,0.8875736835057841,0.3906340874753016,145.35715397820957,12.899602,77.465431,Bengaluru-Mysuru Expressway,highway,765155350,"{'access': 'private', 'highway': 'service'}",,,False,0,below flyover
2023-11-29 09:15:40,,,683.6407,5,0.7218228608506817,-0.6576655170864992,-0.8180903959897431,7.4591,1.3087,0.5477,-1.9479,0.0,0.0,False,0.823714301969452,-0.0638593815363322,325.5683979249998,12.899602,77.465431,Bengaluru-Mysuru Expressway,highway,765155350,"{'access': 'private', 'highway': 'service'}",,,False,0,below flyover
2023-11-29 09:15:41,,,683.0299,5,0.7218228608506817,-0.6576655170864992,-0.8180903959897431,7.459,1.3088,0.5486,-1.9476,0.0,0.0,False,0.9533289376245536,0.1296146356551016,198.4461405517746,12.899599,77.465425,Bengaluru-Mysuru Expressway,highway,765155350,"{'access': 'private', 'highway': 'service'}",,,False,0,below flyover
2023-11-29 09:15:42,,,682.3327,5,0.7218228608506817,-0.6576655170864992,-0.8180903959897431,7.459,1.3088,0.5495,-1.9473,0.0,0.0,False,0.6748189841353546,-0.278509953489199,64.10902073449671,12.899602,77.46543,Bengaluru-Mysuru Expressway,highway,765155350,"{'access': 'private', 'highway': 'service'}",,,False,0,below flyover
2023-11-29 09:15:43,,,682.0233,5,0.7218228608506817,-0.6576655170864992,-0.8180903959897431,7.4589,1.3088,0.5504,-1.947,0.0,0.0,False,0.2751319774407619,-0.3996870066945926,289.82100829576297,12.899601,77.465429,Bengaluru-Mysuru Expressway,highway,765155350,"{'access': 'private', 'highway': 'service'}",,,False,0,below flyover
2023-11-29 09:15:44,,,683.346,5,0.7218228608506817,-0.6576655170864992,-0.818186953306594,7.4588,1.3088,0.5513,-1.9467,0.0,0.0,False,0.0104311389426056,-0.2647008384981563,279.20100626977535,12.899601,77.465429,Bengaluru-Mysuru Expressway,highway,765155350,"{'access': 'private', 'highway': 'service'}",,,False,0,below flyover
2023-11-29 09:15:45,,,682.3692,5,0.7218228608506817,-0.6576655170864992,-0.818186953306594,7.4588,1.3088,0.5522,-1.9464,0.0,0.0,False,0.1001200995132514,0.0896889605706457,334.5459612064551,12.899601,77.465429,Bengaluru-Mysuru Expressway,highway,765155350,"{'access': 'private', 'highway': 'service'}",,,False,0,below flyover
2023-11-29 09:15:46,,,682.9511,5,0.7218228608506817,-0.6577702087695017,-0.818186953306594,7.4587,1.3088,0.5531,-1.9461,0.0,0.0,False,0.3801186871575651,0.2799985876443136,331.0042088725861,12.899601,77.465429,Bengaluru-Mysuru Expressway,highway,765155350,"{'access': 'private', 'highway': 'service'}",,,False,0,below flyover
2023-11-29 09:15:47,,,685.1456,5,0.8867727516450783,-0.8767852096110087,-0.8183800679402962,7.4075,1.3285,0.5855,-2.2104,0.0,0.0,False,0.2558610188411552,-0.1242576683164099,295.7039968625545,12.899601,77.465428,Bengaluru-Mysuru Expressway,highway,765155350,"{'access': 'private', 'highway': 'service'}",,,False,0,below flyover
2023-11-29 09:15:48,,,684.3884,5,1.0517226424394748,-1.0167579897855283,-0.8554580776111173,7.2191,1.1223,1.0932,-1.8031,0.0,0.0,False,0.7104241090552954,0.4545630902141402,197.2989256642176,12.899598,77.465424,Bengaluru-Mysuru Expressway,highway,765155350,"{'access': 'private', 'highway': 'service'}",,,False,0,below flyover
2023-11-29 09:15:49,,,684.3886,5,1.2166725332338717,-1.0372775596540444,-0.9117509933353064,7.0323,1.0125,1.4898,-1.6252,0.0,0.0,False,0.3024503220784019,-0.4079737869768935,319.4252934056923,12.899598,77.465424,Bengaluru-Mysuru Expressway,highway,765155350,"{'access': 'private', 'highway': 'service'}",,,False,0,below flyover
2023-11-29 09:15:50,,,683.6404,5,1.2166725332338717,-1.0372775596540444,-0.9117509933353064,7.0322,1.0125,1.49,-1.625,0.0,0.0,False,0.7675360812963937,0.4650857592179918,171.91444959950422,12.899596,77.465421,Bengaluru-Mysuru Expressway,highway,765155350,"{'access': 'private', 'highway': 'service'}",,,False,0,below flyover
2023-11-29 09:15:51,,,682.8687,5,1.2166725332338717,-1.0372775596540444,-0.9117509933353064,7.0321,1.0124,1.4903,-1.6248,0.0,0.0,False,0.3889299019006439,-0.3786061793957497,157.13966987040624,12.899596,77.465421,Bengaluru-Mysuru Expressway,highway,765155350,"{'access': 'private', 'highway': 'service'}",,,False,0,below flyover
2023-11-29 09:15:52,,,682.7947,5,1.2166725332338717,-1.0371728679710417,-0.9117509933353064,7.032,1.0124,1.4906,-1.6246,0.0,0.0,False,0.3758485339401414,-0.0130813679605025,22.446487117711968,12.899597,77.465423,Bengaluru-Mysuru Expressway,highway,765155350,"{'access': 'private', 'highway': 'service'}",,,False,0,below flyover
2023-11-29 09:15:53,,,682.1831,5,1.2166725332338717,-1.0371728679710417,-0.9117509933353064,7.0319,1.0124,1.4909,-1.6244,0.0,0.0,False,0.2962687950653783,-0.079579738874763,259.3151409060362,12.899596,77.465421,Bengaluru-Mysuru Expressway,highway,765155350,"{'access': 'private', 'highway': 'service'}",,,False,0,below flyover
2023-11-29 09:15:54,,,682.2415,5,1.2166725332338717,-1.0371728679710417,-0.9117509933353064,7.0318,1.0124,1.4911,-1.6242,0.0,0.0,False,0.4863787778637099,0.1901099827983315,130.50418850106348,12.899597,77.465423,Bengaluru-Mysuru Expressway,highway,765155350,"{'access': 'private', 'highway': 'service'}",,,False,0,below flyover
2023-11-29 09:15:55,,,682.034,5,1.2166725332338717,-1.0370681762880392,-0.9117509933353064,7.0317,1.0124,1.4914,-1.624,0.0,0.0,False,0.3698779483181346,-0.1165008295455752,140.86083000444626,12.899597,77.465422,Bengaluru-Mysuru Expressway,highway,765155350,"{'access': 'private', 'highway': 'service'}",,,False,0,below flyover
2023-11-29 09:15:56,,,681.8688,5,1.2166725332338717,-1.0370681762880392,-0.9117509933353064,7.0316,1.0124,1.4917,-1.6238,0.0,0.0,False,0.6328961898619946,0.2630182415438599,298.2839719424562,12.899595,77.46542,Bengaluru-Mysuru Expressway,highway,765155350,"{'access': 'private', 'highway': 'service'}",,,False,0,below flyover
2023-11-29 09:15:57,,,681.4219,5,1.2166725332338717,-1.0370681762880392,-0.9117509933353064,7.0315,1.0123,1.492,-1.6236,0.0,0.0,False,0.3599472514331331,-0.2729489384288615,131.21805174893575,12.899596,77.465421,Bengaluru-Mysuru Expressway,highway,765155350,"{'access': 'private', 'highway': 'service'}",,,False,0,below flyover
2023-11-29 09:15:58,,,681.8726,5,1.2166725332338717,-1.0369634846050364,-0.9117509933353064,7.0314,1.0123,1.4922,-1.6234,0.0,0.0,False,0.3556603567502489,-0.0042868946828841,74.83007004963298,12.899598,77.465424,Bengaluru-Mysuru Expressway,highway,765155350,"{'access': 'private', 'highway': 'service'}",,,False,0,below flyover
2023-11-29 09:15:59,,,682.6932,5,1.2166725332338717,-1.0369634846050364,-0.9117509933353064,7.0313,1.0123,1.4925,-1.6232,0.0,0.0,False,1.0921312803250125,0.7364709235747633,328.1507416809063,12.899598,77.465424,Bengaluru-Mysuru Expressway,highway,765155350,"{'access': 'private', 'highway': 'service'}",,,False,0,below flyover
2023-11-29 09:16:00,,,681.7537,5,1.2166725332338717,-1.0369634846050364,-0.9117509933353064,7.0312,1.0123,1.4928,-1.623,0.0,0.0,False,1.0313511943228408,-0.0607800860021714,158.15250168434068,12.899597,77.465422,Bengaluru-Mysuru Expressway,highway,765155350,"{'access': 'private', 'highway': 'service'}",,,False,0,below flyover
2023-11-29 09:16:01,,,682.0059,5,1.2166725332338717,-1.0369634846050364,-0.9117509933353064,7.0311,1.0123,1.4931,-1.6228,0.0,0.0,False,0.5881339478500203,-0.4432172464728205,359.4825928567208,12.899598,77.465425,Bengaluru-Mysuru Expressway,highway,765155350,"{'access': 'private', 'highway': 'service'}",,,False,0,below flyover
2023-11-29 09:16:02,,,680.3949,5,1.0517226424394748,-1.016234531370515,-0.8557477495616703,7.2175,1.1222,1.0995,-1.801,0.0,0.0,False,0.4065688899641913,-0.1815650578858289,197.24463623664508,12.899597,77.465423,Bengaluru-Mysuru Expressway,highway,765155350,"{'access': 'private', 'highway': 'service'}",,,False,0,below flyover
2023-11-29 09:16:03,,,681.3929,5,1.0517226424394748,-1.0161298396875127,-0.8557477495616703,7.2173,1.1222,1.1,-1.8009,0.0,0.0,False,0.4010586941903937,-0.0055101957737975,14.109233439285902,12.899598,77.465424,Bengaluru-Mysuru Expressway,highway,765155350,"{'access': 'private', 'highway': 'service'}",,,False,0,below flyover
2023-11-29 09:16:04,,,681.2263,5,1.0517226424394748,-1.0161298396875127,-0.8557477495616703,7.2172,1.1222,1.1004,-1.8007,0.0,0.0,False,0.6417048799435736,0.2406461857531798,163.94849229322915,12.899597,77.465423,Bengaluru-Mysuru Expressway,highway,765155350,"{'access': 'private', 'highway': 'service'}",,,False,0,below flyover
2023-11-29 09:16:05,,,681.6726,5,1.0517226424394748,-1.01602514800451,-0.8557477495616703,7.2171,1.1222,1.1009,-1.8006,0.0,0.0,False,0.4615646224807255,-0.1801402574628481,333.3510312795766,12.899597,77.465423,Bengaluru-Mysuru Expressway,highway,765155350,"{'access': 'private', 'highway': 'service'}",,,False,0,below flyover
2023-11-29 09:16:06,,,681.3838,5,1.0517226424394748,-1.01602514800451,-0.8557477495616703,7.217,1.1222,1.1013,-1.8004,0.0,0.0,False,0.1601442754412154,-0.30142034703951,172.5333398442649,12.899597,77.465423,Bengaluru-Mysuru Expressway,highway,765155350,"{'access': 'private', 'highway': 'service'}",,,False,0,below flyover
2023-11-29 09:16:07,,,681.6927,5,1.0517226424394748,-1.01602514800451,-0.8557477495616703,7.2169,1.1222,1.1018,-1.8003,0.0,0.0,False,0.0669390080692099,-0.0932052673720054,264.75799947295707,12.899597,77.465423,Bengaluru-Mysuru Expressway,highway,765155350,"{'access': 'private', 'highway': 'service'}",,,False,0,below flyover
2023-11-29 09:16:08,,,682.8978,5,1.0517226424394748,-1.0159204563215074,-0.8558443068785216,7.2168,1.1222,1.1022,-1.8001,0.0,0.0,False,0.704703970333905,0.637764962264695,343.2292700857364,12.899598,77.465424,Bengaluru-Mysuru Expressway,highway,765155350,"{'access': 'private', 'highway': 'service'}",,,False,0,below flyover
2023-11-29 09:16:09,,,682.5697,5,1.0517226424394748,-1.0159204563215074,-0.8558443068785216,7.2166,1.1222,1.1027,-1.8,0.0,0.0,False,0.4950307698903953,-0.2096732004435096,263.86219214521145,12.899595,77.46542,Bengaluru-Mysuru Expressway,highway,765155350,"{'access': 'private', 'highway': 'service'}",,,False,0,below flyover
2023-11-29 09:16:10,,,683.0793,5,1.0517226424394748,-1.0159204563215074,-0.8558443068785216,7.2165,1.1222,1.1031,-1.7999,0.0,0.0,False,0.5852098120195649,0.0901790421291695,115.40662136830616,12.899597,77.465423,Bengaluru-Mysuru Expressway,highway,765155350,"{'access': 'private', 'highway': 'service'}",,,False,0,below flyover
2023-11-29 09:16:11,,,683.1446,5,1.0517226424394748,-1.0158157646385046,-0.8558443068785216,7.2164,1.1222,1.1036,-1.7997,0.0,0.0,False,0.4544765535026003,-0.1307332585169645,56.093565672189925,12.899599,77.465427,Bengaluru-Mysuru Expressway,highway,765155350,"{'access': 'private', 'highway': 'service'}",,,False,0,below flyover
2023-11-29 09:16:12,,,684.1837,5,1.0517226424394748,-1.0158157646385046,-0.8558443068785216,7.2163,1.1222,1.104,-1.7996,0.0,0.0,False,0.600626880862918,0.1461503273603177,303.17845807785915,12.899598,77.465425,Bengaluru-Mysuru Expressway,highway,765155350,"{'access': 'private', 'highway': 'service'}",,,False,0,below flyover
2023-11-29 09:16:13,,,684.2,5,1.0517226424394748,-1.015711072955502,-0.8558443068785216,7.2162,1.1222,1.1045,-1.7994,0.0,0.0,False,0.3924799389803579,-0.2081469418825601,47.930094748034094,12.8996,77.465428,Bengaluru-Mysuru Expressway,highway,765155350,"{'access': 'private', 'highway': 'service'}",,,False,0,below flyover
2023-11-29 09:16:14,,,683.2021,5,1.0517226424394748,-1.015711072955502,-0.8559408641953725,7.2161,1.1222,1.1049,-1.7993,0.0,0.0,False,0.7317818325445116,0.3393018935641537,168.81181097677882,12.899599,77.465426,Bengaluru-Mysuru Expressway,highway,765155350,"{'access': 'private', 'highway': 'service'}",,,False,0,below flyover
2023-11-29 09:16:15,,,684.6148,5,1.0517226424394748,-1.015711072955502,-0.8559408641953725,7.2159,1.1222,1.1054,-1.7991,0.0,0.0,False,0.69799011032335,-0.0337917222211615,326.4925929789147,12.899599,77.465426,Bengaluru-Mysuru Expressway,highway,765155350,"{'access': 'private', 'highway': 'service'}",,,False,0,below flyover
2023-11-29 09:16:16,,,684.707,5,1.0517226424394748,-1.0156063812724994,-0.8559408641953725,7.2158,1.1222,1.1058,-1.799,0.0,0.0,False,0.1592081169135211,-0.5387819934098289,59.29961689248984,12.8996,77.465427,Bengaluru-Mysuru Expressway,highway,765155350,"{'access': 'private', 'highway': 'service'}",,,False,0,below flyover
2023-11-29 09:16:17,,,684.9345,5,1.0517226424394748,-1.0156063812724994,-0.8559408641953725,7.2157,1.1222,1.1063,-1.7988,0.0,0.0,False,0.3011430893051794,0.1419349723916583,71.84185015976061,12.899601,77.465429,Bengaluru-Mysuru Expressway,highway,765155350,"{'access': 'private', 'highway': 'service'}",,,False,0,below flyover
2023-11-29 09:16:18,,,683.7591,5,1.0517226424394748,-1.0156063812724994,-0.8559408641953725,7.2156,1.1222,1.1067,-1.7987,0.0,0.0,False,0.3599460762334238,0.0588029869282444,277.5620821095269,12.8996,77.465427,Bengaluru-Mysuru Expressway,highway,765155350,"{'access': 'private', 'highway': 'service'}",,,False,0,below flyover
2023-11-29 09:16:19,,,684.6913,5,1.0517226424394748,-1.015501689589497,-0.8559408641953725,7.2155,1.1222,1.1072,-1.7985,0.0,0.0,False,0.3594004084403143,-0.0005456677931094,132.79838683103264,12.8996,77.465428,Bengaluru-Mysuru Expressway,highway,765155350,"{'access': 'private', 'highway': 'service'}",,,False,0,below flyover
2023-11-29 09:16:20,,,685.3888,5,1.0517226424394748,-1.015501689589497,-0.8560374215122237,7.2154,1.1222,1.1076,-1.7984,0.0,0.0,False,0.7426646356151227,0.3832642271748084,314.85791442844464,12.899599,77.465426,Bengaluru-Mysuru Expressway,highway,765155350,"{'access': 'private', 'highway': 'service'}",,,False,0,below flyover
2023-11-29 09:16:21,,,685.5888,5,1.0517226424394748,-1.015396997906494,-0.8560374215122237,7.2152,1.1222,1.1081,-1.7982,0.0,0.0,False,0.2300685300966421,-0.5125961055184807,289.2456471958356,12.899599,77.465425,Bengaluru-Mysuru Expressway,highway,765155350,"{'access': 'private', 'highway': 'service'}",,,False,0,below flyover
2023-11-29 09:16:22,,,685.8012,5,1.0517226424394748,-1.015396997906494,-0.8560374215122237,7.2151,1.1222,1.1085,-1.7981,0.0,0.0,False,0.0946311269167808,-0.1354374031798612,154.63568175486273,12.899598,77.465425,Bengaluru-Mysuru Expressway,highway,765155350,"{'access': 'private', 'highway': 'service'}",,,False,0,below flyover
2023-11-29 09:16:23,,,686.5442,5,1.0517226424394748,-1.015396997906494,-0.8560374215122237,7.215,1.1222,1.109,-1.7979,0.0,0.0,False,0.8075597526727623,0.7129286257559814,20.514352701771315,12.899602,77.46543,Bengaluru-Mysuru Expressway,highway,765155350,"{'access': 'private', 'highway': 'service'}",,,False,0,below flyover
2023-11-29 09:16:24,,,686.3913,5,1.0517226424394748,-1.0152923062234918,-0.8560374215122237,7.2149,1.1222,1.1094,-1.7978,0.0,0.0,False,0.3607018577027748,-0.4468578949699874,201.7470067151561,12.8996,77.465428,Bengaluru-Mysuru Expressway,highway,765155350,"{'access': 'private', 'highway': 'service'}",,,False,0,below flyover
2023-11-29 09:16:25,,,683.9611,5,1.2166725332338717,-1.0362306428240178,-0.9118475506521572,7.0287,1.0119,1.4997,-1.618,0.0,0.0,False,1.6548100209108594,1.2941081632080846,175.5898282453669,12.899596,77.465422,Bengaluru-Mysuru Expressway,highway,765155350,"{'access': 'private', 'highway': 'service'}",,,False,0,below flyover
2023-11-29 09:16:26,,,683.7832,5,1.2166725332338717,-1.0361259511410157,-0.9118475506521572,7.0286,1.0119,1.4999,-1.6178,0.0,0.0,False,0.1064698514965582,-1.548340169414301,162.46221823719077,12.899596,77.465421,Bengaluru-Mysuru Expressway,highway,765155350,"{'access': 'private', 'highway': 'service'}",,,False,0,below flyover
2023-11-29 09:16:27,,,683.6864,5,1.2166725332338717,-1.0361259511410157,-0.9118475506521572,7.0285,1.0118,1.5002,-1.6176,0.0,0.0,False,0.4194635518619186,0.3129937003653603,312.24205952823144,12.899596,77.465421,Bengaluru-Mysuru Expressway,highway,765155350,"{'access': 'private', 'highway': 'service'}",,,False,0,below flyover
2023-11-29 09:16:28,,,683.0994,5,1.0517226424394748,-1.0151876145404888,-0.8561339788290746,7.2144,1.1222,1.1112,-1.7972,0.0,0.0,False,0.5780236914625922,0.1585601396006736,139.520162291524,12.899596,77.465422,Bengaluru-Mysuru Expressway,highway,765155350,"{'access': 'private', 'highway': 'service'}",,,False,0,below flyover
2023-11-29 09:16:29,,,684.0293,5,1.0517226424394748,-1.015082922857486,-0.8561339788290746,7.2143,1.1221,1.1117,-1.797,0.0,0.0,False,0.4131089982704095,-0.1649146931921827,8.221095661394145,12.899597,77.465423,Bengaluru-Mysuru Expressway,highway,765155350,"{'access': 'private', 'highway': 'service'}",,,False,0,below flyover
2023-11-29 09:16:30,,,683.4808,5,1.0517226424394748,-1.015082922857486,-0.8561339788290746,7.2142,1.1221,1.1121,-1.7969,0.0,0.0,False,0.3618623096090407,-0.0512466886613688,231.2036260742861,12.899595,77.46542,Bengaluru-Mysuru Expressway,highway,765155350,"{'access': 'private', 'highway': 'service'}",,,False,0,below flyover
2023-11-29 09:16:31,,,684.0373,5,1.0517226424394748,-1.015082922857486,-0.8561339788290746,7.2141,1.1221,1.1126,-1.7967,0.0,0.0,False,0.535816317243837,0.1739540076347963,54.488902457452525,12.899598,77.465425,Bengaluru-Mysuru Expressway,highway,765155350,"{'access': 'private', 'highway': 'service'}",,,False,0,below flyover
2023-11-29 09:16:32,,,685.1741,5,1.0517226424394748,-1.0149782311744835,-0.8562305361459259,7.214,1.1221,1.113,-1.7966,0.0,0.0,False,0.6683931127377145,0.1325767954938774,321.8649583308211,12.899598,77.465424,Bengaluru-Mysuru Expressway,highway,765155350,"{'access': 'private', 'highway': 'service'}",,,False,0,below flyover
2023-11-29 09:16:33,,,684.4278,5,1.0517226424394748,-1.0149782311744835,-0.8562305361459259,7.2139,1.1221,1.1135,-1.7964,0.0,0.0,False,0.2425033532270295,-0.425889759510685,15.555667732445444,12.899599,77.465425,Bengaluru-Mysuru Expressway,highway,765155350,"{'access': 'private', 'highway': 'service'}",,,False,0,below flyover
2023-11-29 09:16:34,,,685.4361,5,0.8867727516450783,-0.8759476761469878,-0.819055969158254,7.4018,1.328,0.6237,-2.2032,0.0,0.0,False,0.0754115047829816,-0.1670918484440479,59.42235543937932,12.899599,77.465427,Bengaluru-Mysuru Expressway,highway,765155350,"{'access': 'private', 'highway': 'service'}",,,False,0,below flyover
2023-11-29 09:16:35,,,685.553,5,0.8867727516450783,-0.8758429844639849,-0.819055969158254,7.4016,1.328,0.6245,-2.203,0.0,0.0,False,0.2671999423118016,0.19178843752882,104.18843023157478,12.8996,77.465427,Bengaluru-Mysuru Expressway,highway,765155350,"{'access': 'private', 'highway': 'service'}",,,False,0,below flyover
2023-11-29 09:16:36,,,685.643,5,0.8867727516450783,-0.8758429844639849,-0.819055969158254,7.4015,1.328,0.6253,-2.2029,0.0,0.0,False,0.3870237974668853,0.1198238551550836,294.8917890303809,12.899599,77.465426,Bengaluru-Mysuru Expressway,highway,765155350,"{'access': 'private', 'highway': 'service'}",,,False,0,below flyover
2023-11-29 09:16:37,,,683.7847,5,0.8867727516450783,-0.8758429844639849,-0.819055969158254,7.4014,1.328,0.6261,-2.2027,0.0,0.0,False,0.3410192841498569,-0.0460045133170284,139.55587522855888,12.899599,77.465426,Bengaluru-Mysuru Expressway,highway,765155350,"{'access': 'private', 'highway': 'service'}",,,False,0,below flyover
2023-11-29 09:16:38,,,684.6439,5,0.8867727516450783,-0.8758429844639849,-0.819055969158254,7.4013,1.328,0.6269,-2.2026,0.0,0.0,False,0.5045824099923679,0.163563125842511,171.76245982294083,12.899598,77.465425,Bengaluru-Mysuru Expressway,highway,765155350,"{'access': 'private', 'highway': 'service'}",,,False,0,below flyover
2023-11-29 09:16:39,,,685.444,5,0.8867727516450783,-0.8758429844639849,-0.8191525264751048,7.4012,1.328,0.6277,-2.2024,0.0,0.0,False,0.7768331141507995,0.2722507041584315,333.84737868900595,12.899599,77.465426,Bengaluru-Mysuru Expressway,highway,765155350,"{'access': 'private', 'highway': 'service'}",,,False,0,below flyover
2023-11-29 09:16:40,,,685.3416,5,0.8867727516450783,-0.8758429844639849,-0.8191525264751048,7.401,1.328,0.6285,-2.2023,0.0,0.0,False,0.2411854304655178,-0.5356476836852816,148.2780335212517,12.899599,77.465426,Bengaluru-Mysuru Expressway,highway,765155350,"{'access': 'private', 'highway': 'service'}",,,False,0,below flyover
2023-11-29 09:16:41,,,685.4054,5,0.8867727516450783,-0.8757382927809825,-0.8191525264751048,7.4009,1.3279,0.6293,-2.2021,0.0,0.0,False,0.3695249201578799,0.1283394896923621,179.3445539429522,12.899598,77.465424,Bengaluru-Mysuru Expressway,highway,765155350,"{'access': 'private', 'highway': 'service'}",,,False,0,below flyover
2023-11-29 09:16:42,,,684.9152,5,1.0517226424394748,-1.0146641561254754,-0.8563270934627768,7.2128,1.1221,1.1175,-1.7951,0.0,0.0,False,0.3277160859914149,-0.041808834166465,191.79420734055543,12.899596,77.465422,Bengaluru-Mysuru Expressway,highway,765155350,"{'access': 'private', 'highway': 'service'}",,,False,0,below flyover
2023-11-29 09:16:43,,,686.1135,5,1.0517226424394748,-1.0145594644424731,-0.8563270934627768,7.2127,1.1221,1.118,-1.7949,0.0,0.0,False,0.2292044344931064,-0.0985116514983084,78.07288696933142,12.899597,77.465423,Bengaluru-Mysuru Expressway,highway,765155350,"{'access': 'private', 'highway': 'service'}",,,False,0,below flyover
2023-11-29 09:16:44,,,686.7328,5,1.0517226424394748,-1.0145594644424731,-0.8564236507796281,7.2126,1.1221,1.1184,-1.7948,0.0,0.0,False,0.4420509705958743,0.2128465361027679,312.2895908130495,12.899597,77.465423,Bengaluru-Mysuru Expressway,highway,765155350,"{'access': 'private', 'highway': 'service'}",,,False,0,below flyover
2023-11-29 09:16:45,,,683.9785,5,1.0517226424394748,-1.0144547727594704,-0.8564236507796281,7.2125,1.1221,1.1189,-1.7946,0.0,0.0,False,0.9653001452622888,0.5232491746664143,178.4557838668527,12.899594,77.465419,Bengaluru-Mysuru Expressway,highway,765155350,"{'access': 'private', 'highway': 'service'}",,,False,0,below flyover
2023-11-29 09:16:46,,,684.3622,5,0.8867727516450783,-0.8756336010979796,-0.8192490837919562,7.4003,1.3279,0.6332,-2.2013,0.0,0.0,False,0.7894929267207388,-0.1758072185415499,352.9895758674855,12.899596,77.465422,Bengaluru-Mysuru Expressway,highway,765155350,"{'access': 'private', 'highway': 'service'}",,,False,0,below flyover
2023-11-29 09:16:47,,,683.8759,5,0.8867727516450783,-0.8756336010979796,-0.8192490837919562,7.4002,1.3279,0.634,-2.2012,0.0,0.0,False,0.3658145319500391,-0.4236783947706997,174.9344354164532,12.899595,77.46542,Bengaluru-Mysuru Expressway,highway,765155350,"{'access': 'private', 'highway': 'service'}",,,False,0,below flyover
2023-11-29 09:16:48,,,684.1597,5,0.8867727516450783,-0.8756336010979796,-0.8192490837919562,7.4001,1.3279,0.6348,-2.201,0.0,0.0,False,0.5115064154084256,0.1456918834583864,12.445054226978757,12.899597,77.465424,Bengaluru-Mysuru Expressway,highway,765155350,"{'access': 'private', 'highway': 'service'}",,,False,0,below flyover
2023-11-29 09:16:49,,,684.8328,5,0.8867727516450783,-0.8756336010979796,-0.8192490837919562,7.4,1.3279,0.6356,-2.2008,0.0,0.0,False,0.3638319994540556,-0.1476744159543699,112.81978133661336,12.899598,77.465425,Bengaluru-Mysuru Expressway,highway,765155350,"{'access': 'private', 'highway': 'service'}",,,False,0,below flyover
2023-11-29 09:16:50,,,684.5229,5,0.8867727516450783,-0.8756336010979796,-0.8192490837919562,7.3999,1.3278,0.6364,-2.2007,0.0,0.0,False,0.6430245549826614,0.2791925555286058,228.51108729176565,12.899595,77.46542,Bengaluru-Mysuru Expressway,highway,765155350,"{'access': 'private', 'highway': 'service'}",,,False,0,below flyover
2023-11-29 09:16:51,,,684.299,5,0.8867727516450783,-0.8756336010979796,-0.8192490837919562,7.3997,1.3278,0.6372,-2.2005,0.0,0.0,False,0.4639291764138181,-0.1790953785688432,15.002680744764064,12.899597,77.465423,Bengaluru-Mysuru Expressway,highway,765155350,"{'access': 'private', 'highway': 'service'}",,,False,0,below flyover
2023-11-29 09:16:52,,,684.7668,5,0.8867727516450783,-0.8755289094149773,-0.8192490837919562,7.3996,1.3278,0.6379,-2.2004,0.0,0.0,False,0.0722832848946726,-0.3916458915191455,179.22674162179703,12.899597,77.465423,Bengaluru-Mysuru Expressway,highway,765155350,"{'access': 'private', 'highway': 'service'}",,,False,0,below flyover
2023-11-29 09:16:53,,,685.3105,5,1.0517226424394748,-0.9148929822239668,-0.8875151068056811,7.1614,1.1823,1.3042,-1.9652,0.0,0.0,False,0.554058317459933,0.4817750325652603,314.9455861540897,12.899596,77.465421,Bengaluru-Mysuru Expressway,highway,765155350,"{'access': 'private', 'highway': 'service'}",,,False,0,below flyover
2023-11-29 09:16:54,,,684.8751,5,1.0517226424394748,-0.9148929822239668,-0.8875151068056811,7.1613,1.1823,1.3045,-1.965,0.0,0.0,False,0.5054073625236771,-0.0486509549362558,147.79647510149923,12.899596,77.465422,Bengaluru-Mysuru Expressway,highway,765155350,"{'access': 'private', 'highway': 'service'}",,,False,0,below flyover
2023-11-29 09:16:55,,,684.8955,5,1.0517226424394748,-0.9148929822239668,-0.8875151068056811,7.1612,1.1823,1.3048,-1.9648,0.0,0.0,False,1.0037000022016496,0.4982926396779724,153.52680011056896,12.899595,77.46542,Bengaluru-Mysuru Expressway,highway,765155350,"{'access': 'private', 'highway': 'service'}",,,False,0,below flyover
2023-11-29 09:16:56,,,684.826,5,1.0517226424394748,-0.9148929822239668,-0.8875151068056811,7.1611,1.1823,1.3051,-1.9646,0.0,0.0,False,0.6673094461918382,-0.3363905560098114,312.0176623690111,12.899594,77.465419,Bengaluru-Mysuru Expressway,highway,765155350,"{'access': 'private', 'highway': 'service'}",,,False,0,below flyover
2023-11-29 09:16:57,,,684.8963,5,1.0517226424394748,-0.9148929822239668,-0.8875151068056811,7.161,1.1823,1.3055,-1.9644,0.0,0.0,False,0.3944560828069381,-0.2728533633849,52.0822513352482,12.899597,77.465422,Bengaluru-Mysuru Expressway,highway,765155350,"{'access': 'private', 'highway': 'service'}",,,False,0,below flyover
2023-11-29 09:16:58,,,685.3696,5,1.0517226424394748,-0.9148929822239668,-0.8875151068056811,7.1609,1.1822,1.3058,-1.9642,0.0,0.0,False,0.3613930415470432,-0.0330630412598949,345.39036990594207,12.899597,77.465423,Bengaluru-Mysuru Expressway,highway,765155350,"{'access': 'private', 'highway': 'service'}",,,False,0,below flyover
2023-11-29 09:16:59,,,683.7379,5,1.0517226424394748,-0.9148929822239668,-0.8875151068056811,7.1608,1.1822,1.3061,-1.964,0.0,0.0,False,0.8336850945499779,0.4722920530029346,189.3453244058857,12.899594,77.465419,Bengaluru-Mysuru Expressway,highway,765155350,"{'access': 'private', 'highway': 'service'}",,,False,0,below flyover
2023-11-29 09:17:00,,,684.8441,5,1.0517226424394748,-0.9148929822239668,-0.8875151068056811,7.1607,1.1822,1.3064,-1.9638,0.0,0.0,False,0.6720756550656036,-0.1616094394843742,2.578928460739519,12.899596,77.465421,Bengaluru-Mysuru Expressway,highway,765155350,"{'access': 'private', 'highway': 'service'}",,,False,0,below flyover
2023-11-29 09:17:01,,,684.0255,5,1.0517226424394748,-0.9148929822239668,-0.8875151068056811,7.1606,1.1822,1.3067,-1.9636,0.0,0.0,False,0.5910469662341908,-0.0810286888314127,147.0617903605413,12.899596,77.465422,Bengaluru-Mysuru Expressway,highway,765155350,"{'access': 'private', 'highway': 'service'}",,,False,0,below flyover
2023-11-29 09:17:02,,,685.0842,5,1.2166725332338717,-1.0350790343109892,-0.9119441079690084,7.025,1.0112,1.5099,-1.6106,0.0,0.0,False,0.2745601140819438,-0.316486852152247,184.6646198265061,12.899595,77.46542,Bengaluru-Mysuru Expressway,highway,765155350,"{'access': 'private', 'highway': 'service'}",,,False,0,below flyover
2023-11-29 09:17:03,,,691.1452,5,1.381622424028268,-1.0849122754202425,-0.9237241006248422,6.9202,1.0899,1.6205,-1.8146,0.0,0.0,False,3.82196814331204,3.547408029230096,337.96014571416333,12.899599,77.465426,Bengaluru-Mysuru Expressway,highway,765155350,"{'access': 'private', 'highway': 'service'}",,,False,0,below flyover
2023-11-29 09:17:04,,,685.5097,5,1.2166725332338717,-1.0350790343109892,-0.9119441079690084,7.0248,1.0112,1.5105,-1.6102,0.0,0.0,False,2.4429026724618,-1.3790654708502394,151.46057380313965,12.899598,77.465424,Bengaluru-Mysuru Expressway,highway,765155350,"{'access': 'private', 'highway': 'service'}",,,False,0,below flyover
2023-11-29 09:17:05,,,689.6765,5,1.2166725332338717,-1.0599956548656158,-0.8709072483072927,7.0945,1.1981,1.2954,-1.9824,0.0,0.0,False,2.54574288965376,0.1028402171919595,324.864937699106,12.899598,77.465424,Bengaluru-Mysuru Expressway,highway,765155350,"{'access': 'private', 'highway': 'service'}",,,False,0,below flyover
2023-11-29 09:17:06,,,682.5502,5,1.0517226424394748,-1.0137219309784522,-0.8567133227301816,7.2101,1.122,1.1283,-1.7914,0.0,0.0,False,3.712923566712455,1.1671806770586954,154.079401096232,12.899595,77.46542,Bengaluru-Mysuru Expressway,highway,765155350,"{'access': 'private', 'highway': 'service'}",,,False,0,below flyover
2023-11-29 09:17:07,,,682.6736,5,1.0517226424394748,-1.0136172392954492,-0.8568098800470325,7.21,1.122,1.1288,-1.7913,0.0,0.0,False,0.4127406742975167,-3.3001828924149383,3.221602688224493,12.899596,77.465422,Bengaluru-Mysuru Expressway,highway,765155350,"{'access': 'private', 'highway': 'service'}",,,False,0,below flyover
2023-11-29 09:17:08,,,683.7821,5,1.0517226424394748,-1.0136172392954492,-0.8568098800470325,7.2099,1.1219,1.1292,-1.7911,0.0,0.0,False,0.2608046488750662,-0.1519360254224505,163.50986170284511,12.899596,77.465422,Bengaluru-Mysuru Expressway,highway,765155350,"{'access': 'private', 'highway': 'service'}",,,False,0,below flyover
2023-11-29 09:17:09,,,684.0558,5,1.0517226424394748,-1.0136172392954492,-0.8568098800470325,7.2098,1.1219,1.1296,-1.791,0.0,0.0,False,0.6949411582677821,0.4341365093927159,20.315240867946383,12.899599,77.465426,Bengaluru-Mysuru Expressway,highway,765155350,"{'access': 'private', 'highway': 'service'}",,,False,0,below flyover
2023-11-29 09:17:10,,,684.4134,5,1.0517226424394748,-1.013512547612447,-0.8568098800470325,7.2097,1.1219,1.1301,-1.7908,0.0,0.0,False,0.1720008307472225,-0.5229403275205595,134.69794117273773,12.899599,77.465426,Bengaluru-Mysuru Expressway,highway,765155350,"{'access': 'private', 'highway': 'service'}",,,False,0,below flyover
2023-11-29 09:17:11,,,683.8451,5,1.0517226424394748,-1.013512547612447,-0.8568098800470325,7.2096,1.1219,1.1305,-1.7907,0.0,0.0,False,0.2143173014416438,0.0423164706944212,87.2343194169722,12.8996,77.465427,Bengaluru-Mysuru Expressway,highway,765155350,"{'access': 'private', 'highway': 'service'}",,,False,0,below flyover
2023-11-29 09:17:12,,,685.2774,5,1.0517226424394748,-1.013512547612447,-0.8568098800470325,7.2094,1.1219,1.131,-1.7905,0.0,0.0,False,0.4938991740849517,0.2795818726433079,14.358263137643746,12.899602,77.46543,Bengaluru-Mysuru Expressway,highway,765155350,"{'access': 'private', 'highway': 'service'}",,,False,0,below flyover
2023-11-29 09:17:13,,,684.8797,5,1.0517226424394748,-1.0134078559294442,-0.8569064373638837,7.2093,1.1219,1.1314,-1.7903,0.0,0.0,False,0.0900188279562764,-0.4038803461286753,85.53671991789076,12.899602,77.465431,Bengaluru-Mysuru Expressway,highway,765155350,"{'access': 'private', 'highway': 'service'}",,,False,0,below flyover
2023-11-29 09:17:14,,,684.1281,5,1.0517226424394748,-1.0134078559294442,-0.8569064373638837,7.2092,1.1219,1.1319,-1.7902,0.0,0.0,False,0.4574161951270225,0.367397367170746,224.5011425996634,12.8996,77.465427,Bengaluru-Mysuru Expressway,highway,765155350,"{'access': 'private', 'highway': 'service'}",,,False,0,below flyover
2023-11-29 09:17:15,,,683.9669,5,1.0517226424394748,-1.0133031642464416,-0.8569064373638837,7.2091,1.1219,1.1323,-1.79,0.0,0.0,False,0.1027856322559848,-0.3546305628710376,192.05165126790305,12.8996,77.465427,Bengaluru-Mysuru Expressway,highway,765155350,"{'access': 'private', 'highway': 'service'}",,,False,0,below flyover
2023-11-29 09:17:16,,,687.4508,5,1.2166725332338717,-1.0776885492930603,-0.8645344653951201,7.0249,1.188,1.2877,-2.0666,0.0,0.0,False,1.3027349546968912,1.1999493224409064,339.5721452547744,12.899601,77.46543,Bengaluru-Mysuru Expressway,highway,765155350,"{'access': 'private', 'highway': 'service'}",,,False,0,below flyover
2023-11-29 09:17:17,,,686.9298,5,1.2166725332338717,-1.0776885492930603,-0.8645344653951201,7.0248,1.188,1.2882,-2.0665,0.0,0.0,False,0.3652838956288892,-0.937451059068002,241.6884367283311,12.899599,77.465427,Bengaluru-Mysuru Expressway,highway,765155350,"{'access': 'private', 'highway': 'service'}",,,False,0,below flyover
2023-11-29 09:17:18,,,685.7471,5,1.2166725332338717,-1.0776885492930603,-0.8645344653951201,7.0247,1.1881,1.2886,-2.0664,0.0,0.0,False,0.7406247268597205,0.3753408312308313,145.07441675569282,12.8996,77.465427,Bengaluru-Mysuru Expressway,highway,765155350,"{'access': 'private', 'highway': 'service'}",,,False,0,below flyover
2023-11-29 09:17:19,,,686.2628,5,1.5465723148226649,-1.144691226414745,-0.9280691798831412,6.7685,1.1389,1.6996,-2.0464,0.0,0.0,False,0.61555387987583,-0.1250708469838904,292.41642607093166,12.899598,77.465424,Bengaluru-Mysuru Expressway,highway,765155350,"{'access': 'private', 'highway': 'service'}",,,False,0,below flyover
2023-11-29 09:17:20,,,684.2863,5,1.5465723148226649,-1.144691226414745,-0.9280691798831412,6.7684,1.1389,1.6999,-2.0463,0.0,0.0,False,0.8595793740418689,0.2440254941660389,160.27960744137297,12.899596,77.465422,Bengaluru-Mysuru Expressway,highway,765155350,"{'access': 'private', 'highway': 'service'}",,,False,0,below flyover
2023-11-29 09:17:21,,,683.5695,5,1.2166725332338717,-1.0594721964506024,-0.8710038056241436,7.0924,1.1978,1.3014,-1.9805,0.0,0.0,False,0.7052150527439139,-0.1543643212979549,116.92624584958388,12.899599,77.465425,Bengaluru-Mysuru Expressway,highway,765155350,"{'access': 'private', 'highway': 'service'}",,,False,0,below flyover
2023-11-29 09:17:22,,,683.8488,5,1.2166725332338717,-1.0594721964506024,-0.8711003629409948,7.0923,1.1978,1.3018,-1.9803,0.0,0.0,False,0.3289686119230134,-0.3762464408209005,358.9616623014953,12.899599,77.465426,Bengaluru-Mysuru Expressway,highway,765155350,"{'access': 'private', 'highway': 'service'}",,,False,0,below flyover
2023-11-29 09:17:23,,,684.5227,5,1.2166725332338717,-1.0593675047675994,-0.8711003629409948,7.0922,1.1978,1.3021,-1.9802,0.0,0.0,False,0.0907611978651379,-0.2382074140578755,339.5914584310264,12.899599,77.465427,Bengaluru-Mysuru Expressway,highway,765155350,"{'access': 'private', 'highway': 'service'}",,,False,0,below flyover
2023-11-29 09:17:24,,,686.7539,5,1.381622424028268,-1.1152728634910056,-0.8769903592689117,6.9303,1.2487,1.4156,-2.2001,0.0,0.0,False,1.0987203737663938,1.0079591759012558,329.5711001460509,12.8996,77.465427,Bengaluru-Mysuru Expressway,highway,765155350,"{'access': 'private', 'highway': 'service'}",,,False,0,below flyover
2023-11-29 09:17:25,,,685.4829,5,1.2166725332338717,-1.0593675047675994,-0.8711003629409948,7.0919,1.1978,1.3029,-1.98,0.0,0.0,False,1.0898061968965451,-0.0089141768698486,168.55562911090828,12.899597,77.465423,Bengaluru-Mysuru Expressway,highway,765155350,"{'access': 'private', 'highway': 'service'}",,,False,0,below flyover
2023-11-29 09:17:26,,,686.485,5,1.2166725332338717,-1.0592628130845971,-0.8711003629409948,7.0918,1.1977,1.3032,-1.9799,0.0,0.0,False,0.4299605951452155,-0.6598456017513297,358.8877663988276,12.899599,77.465425,Bengaluru-Mysuru Expressway,highway,765155350,"{'access': 'private', 'highway': 'service'}",,,False,0,below flyover
2023-11-29 09:17:27,,,688.197,5,1.381622424028268,-1.1151681718080029,-0.8770869165857625,6.9299,1.2487,1.4166,-2.1998,0.0,0.0,False,1.1516245955660582,0.7216640004208428,341.5417714247127,12.8996,77.465428,Bengaluru-Mysuru Expressway,highway,765155350,"{'access': 'private', 'highway': 'service'}",,,False,0,below flyover
2023-11-29 09:17:28,,,685.4184,5,1.2166725332338717,-1.0592628130845971,-0.8711003629409948,7.0915,1.1977,1.304,-1.9796,0.0,0.0,False,1.306899605239021,0.1552750096729627,191.79652092159031,12.899596,77.465421,Bengaluru-Mysuru Expressway,highway,765155350,"{'access': 'private', 'highway': 'service'}",,,False,0,below flyover
2023-11-29 09:17:29,,,688.5503,5,1.381622424028268,-1.1150634801250003,-0.8770869165857625,6.9297,1.2487,1.4174,-2.1995,0.0,0.0,False,1.2762707097301074,-0.0306288955089135,355.474869721195,12.899599,77.465426,Bengaluru-Mysuru Expressway,highway,765155350,"{'access': 'private', 'highway': 'service'}",,,False,0,below flyover
2023-11-29 09:17:30,,,689.3473,5,1.381622424028268,-1.1150634801250003,-0.8770869165857625,6.9296,1.2487,1.4177,-2.1994,0.0,0.0,False,0.8359228702240642,-0.4403478395060431,100.0896022271496,12.899602,77.46543,Bengaluru-Mysuru Expressway,highway,765155350,"{'access': 'private', 'highway': 'service'}",,,False,0,below flyover
2023-11-29 09:17:31,,,686.6932,5,1.2166725332338717,-1.0591581214015944,-0.8711969202578457,7.0911,1.1977,1.3051,-1.9793,0.0,0.0,False,0.9481642291819936,0.1122413589579294,179.10265103524603,12.899599,77.465426,Bengaluru-Mysuru Expressway,highway,765155350,"{'access': 'private', 'highway': 'service'}",,,False,0,below flyover
2023-11-29 09:17:32,,,686.4861,5,1.2166725332338717,-1.0590534297185918,-0.8711969202578457,7.091,1.1976,1.3055,-1.9791,0.0,0.0,False,0.6799992911406391,-0.2681649380413545,295.57539388985987,12.899598,77.465424,Bengaluru-Mysuru Expressway,highway,765155350,"{'access': 'private', 'highway': 'service'}",,,False,0,below flyover
2023-11-29 09:17:33,,,690.6161,5,1.381622424028268,-1.1149587884419976,-0.8770869165857625,6.9293,1.2487,1.4188,-2.1991,0.0,0.0,False,1.09129683865169,0.4112975475110511,9.836203207036364,12.899601,77.465429,Bengaluru-Mysuru Expressway,highway,765155350,"{'access': 'private', 'highway': 'service'}",,,False,0,below flyover
2023-11-29 09:17:34,,,686.6985,5,1.381622424028268,-1.0841794336392236,-0.923627543307991,6.9166,1.089,1.6282,-1.8097,0.0,0.0,False,1.2002806886646415,0.1089838500129514,173.6905358592389,12.899599,77.465426,Bengaluru-Mysuru Expressway,highway,765155350,"{'access': 'private', 'highway': 'service'}",,,False,0,below flyover
2023-11-29 09:17:35,,,686.6929,5,1.381622424028268,-1.0841794336392236,-0.923627543307991,6.9165,1.089,1.6285,-1.8095,0.0,0.0,False,0.6182393436133355,-0.582041345051306,136.73927040066678,12.899599,77.465426,Bengaluru-Mysuru Expressway,highway,765155350,"{'access': 'private', 'highway': 'service'}",,,False,0,below flyover
2023-11-29 09:17:36,,,685.6467,5,1.381622424028268,-1.0840747419562209,-0.923627543307991,6.9164,1.089,1.6287,-1.8094,0.0,0.0,False,0.7605964185387989,0.1423570749254633,223.4843192878364,12.899596,77.465421,Bengaluru-Mysuru Expressway,highway,765155350,"{'access': 'private', 'highway': 'service'}",,,False,0,below flyover
2023-11-29 09:17:37,,,689.1645,5,1.5465723148226649,-1.1442724596827347,-0.9280691798831412,6.7667,1.1387,1.7043,-2.0437,0.0,0.0,False,0.6581164625956388,-0.10247995594316,188.98240555846823,12.899593,77.465417,Bengaluru-Mysuru Expressway,highway,765155350,"{'access': 'private', 'highway': 'service'}",,,False,0,below flyover
2023-11-29 09:17:38,,,690.8945,5,1.5465723148226649,-1.1442724596827347,-0.9280691798831412,6.7666,1.1387,1.7045,-2.0435,0.0,0.0,False,4.811231179387523,4.153114716791884,308.1501987994421,12.899586,77.465405,Bengaluru-Mysuru Expressway,highway,765155350,"{'access': 'private', 'highway': 'service'}",,,False,0,below flyover
2023-11-29 09:17:39,,,688.6357,5,1.5465723148226649,-1.1442724596827347,-0.9280691798831412,6.7665,1.1387,1.7048,-2.0434,0.0,0.0,False,2.3993003401028976,-2.4119308392846253,190.6606742717174,12.899577,77.465392,Bengaluru-Mysuru Expressway,highway,765155350,"{'access': 'private', 'highway': 'service'}",,,False,0,below flyover
2023-11-29 09:17:40,,,686.015,5,1.5465723148226649,-1.1442724596827347,-0.9281657371999926,6.7665,1.1387,1.705,-2.0432,0.0,0.0,False,3.141860889413821,0.7425605493109235,224.8495618353417,12.899562,77.465368,Bengaluru-Mysuru Expressway,highway,765155350,"{'access': 'private', 'highway': 'service'}",,,False,0,below flyover
2023-11-29 09:17:41,,,688.1747,5,1.5465723148226649,-1.1441677679997322,-0.9281657371999926,6.7664,1.1387,1.7053,-2.0431,0.0,0.0,False,0.9512115694998848,-2.1906493199139363,315.1431092432663,12.899561,77.465367,Bengaluru-Mysuru Expressway,highway,765155350,"{'access': 'private', 'highway': 'service'}",,,False,0,below flyover
2023-11-29 09:17:42,,,685.8962,5,1.381622424028268,-1.0839700502732186,-0.923627543307991,6.9157,1.0888,1.6302,-1.8084,0.0,0.0,False,2.5732540984191745,1.6220425289192897,212.6546007932024,12.899549,77.465349,Bengaluru-Mysuru Expressway,highway,765155350,"{'access': 'private', 'highway': 'service'}",,,False,0,below flyover
2023-11-29 09:17:43,,,683.4369,5,1.381622424028268,-1.0839700502732186,-0.923627543307991,6.9156,1.0888,1.6305,-1.8083,0.0,0.0,False,2.7076414399820377,0.1343873415628631,232.9482464068488,12.899536,77.465328,Bengaluru-Mysuru Expressway,highway,765155350,"{'access': 'private', 'highway': 'service'}",,,False,0,below flyover
2023-11-29 09:17:44,,,682.3063,5,1.2166725332338717,-1.0149782311744835,-0.9231447567237356,7.0669,1.0693,1.6029,-1.509,0.0,0.0,False,1.9296846107636567,-0.7779568292183809,230.7713707345593,12.899527,77.465314,Bengaluru-Mysuru Expressway,highway,765155350,"{'access': 'private', 'highway': 'service'}",,,False,0,below flyover
2023-11-29 09:17:45,,,685.5355,5,1.381622424028268,-1.0838653585902156,-0.923627543307991,6.9154,1.0887,1.631,-1.8079,0.0,0.0,False,1.4527391662941322,-0.4769454444695244,289.2716430100045,12.899522,77.465307,Bengaluru-Mysuru Expressway,highway,765155350,"{'access': 'private', 'highway': 'service'}",,,False,0,below flyover
2023-11-29 09:17:46,,,685.2221,5,1.381622424028268,-1.0838653585902156,-0.923627543307991,6.9153,1.0887,1.6312,-1.8078,0.0,0.0,False,2.164759989658497,0.7120208233643652,245.94010465713168,12.899511,77.46529,Bengaluru-Mysuru Expressway,highway,765155350,"{'access': 'private', 'highway': 'service'}",,,False,0,below flyover
2023-11-29 09:17:47,,,689.6396,5,1.5465723148226649,-1.1440630763167294,-0.9281657371999926,6.7658,1.1386,1.7068,-2.0422,0.0,0.0,False,2.4359358874369508,0.2711758977784533,281.357158930737,12.899503,77.465277,Bengaluru-Mysuru Expressway,highway,765155350,"{'access': 'private', 'highway': 'service'}",,,False,0,below flyover
2023-11-29 09:17:48,,,687.7679,5,1.5465723148226649,-1.1440630763167294,-0.9281657371999926,6.7657,1.1386,1.7071,-2.042,0.0,0.0,False,1.7730815897498189,-0.6628542976871321,262.2728224685609,12.899495,77.465265,Bengaluru-Mysuru Expressway,highway,765155350,"{'access': 'private', 'highway': 'service'}",,,False,0,below flyover
2023-11-29 09:17:49,,,688.9888,5,1.381622424028268,-1.056750212692534,-0.9229516420900336,6.9318,1.2004,1.7892,-1.7377,0.0,0.0,False,1.6892878693885292,-0.0837937203612895,238.42418571546165,12.899487,77.465252,Bengaluru-Mysuru Expressway,highway,765155350,"{'access': 'private', 'highway': 'service'}",,,False,0,below flyover
2023-11-29 09:17:52,,,693.0913,5,1.2166725332338717,-0.9712171076793834,-0.9197652506339472,7.1345,1.1523,1.7185,-1.315,0.0,0.0,False,2.2941385617746657,0.2016168974620455,253.03713675919192,12.899454,77.465201,Bengaluru-Mysuru Expressway,highway,95799644,{'highway': 'track'},,,False,0,below flyover
2023-11-29 09:17:53,,,690.2894,5,1.2166725332338717,-0.9712171076793834,-0.9197652506339472,7.1344,1.1523,1.7187,-1.3148,0.0,0.0,False,3.643688895232093,1.3495503334574268,222.1376010732744,12.899436,77.465174,Bengaluru-Mysuru Expressway,highway,95799644,{'highway': 'track'},,,False,0,below flyover
2023-11-29 09:17:54,,,688.4533,5,1.2166725332338717,-0.9712171076793834,-0.9197652506339472,7.1342,1.1522,1.719,-1.3146,0.0,0.0,False,3.899692733957466,0.2560038387253733,231.0310175961919,12.899417,77.465144,Bengaluru-Mysuru Expressway,highway,95799644,{'highway': 'track'},,,False,0,below flyover
2023-11-29 09:17:55,,,692.5757,5,1.381622424028268,-1.0565408293265286,-0.9229516420900336,6.9312,1.2002,1.7905,-1.7366,0.0,0.0,False,3.510166124364704,-0.3895266095927616,250.3815616320875,12.8994,77.465118,Bengaluru-Mysuru Expressway,highway,95799644,{'highway': 'track'},,,False,0,below flyover
2023-11-29 09:17:56,,,687.7123,5,1.381622424028268,-1.0836559752242103,-0.923627543307991,6.9141,1.0884,1.6338,-1.8062,0.0,0.0,False,4.855126733868889,1.3449606095041844,220.60245869304845,12.899377,77.465082,Bengaluru-Mysuru Expressway,highway,95799644,{'highway': 'track'},,,False,0,below flyover
2023-11-29 09:17:57,,,685.2951,5,1.2166725332338717,-0.9711124159963808,-0.9197652506339472,7.1339,1.1521,1.7196,-1.3139,0.0,0.0,False,6.14604903087545,1.2909222970065617,220.6541491116696,12.899329,77.465049,,unknown,95799644,{'highway': 'track'},,,False,0,below flyover
2023-11-29 09:17:58,,,683.3734,5,1.2166725332338717,-0.9710077243133782,-0.9197652506339472,7.1337,1.152,1.7198,-1.3136,0.0,0.0,False,5.236108488635633,-0.9099405422398172,229.4121871983889,12.899322,77.464997,Bengaluru-Mysuru Expressway,highway,95799644,{'highway': 'track'},,,False,0,below flyover
2023-11-29 09:17:59,,,683.656,5,1.0517226424394748,-0.9710077243133782,-0.8795008495070399,7.3064,1.1524,1.4566,-1.3146,0.0,0.0,False,6.894691586851288,1.6585830982156553,234.20406670428173,12.899288,77.464943,Bengaluru-Mysuru Expressway,highway,95799644,{'highway': 'track'},,,False,0,below flyover
2023-11-29 09:18:00,,,683.2524,5,1.0517226424394748,-0.9710077243133782,-0.8795008495070399,7.3062,1.1524,1.4568,-1.3144,0.0,0.0,False,8.054932712809551,1.1602411259582626,234.47860779360823,12.899249,77.464882,Bengaluru-Mysuru Expressway,highway,95799644,{'highway': 'track'},,,False,0,below flyover
2023-11-29 09:18:01,,,682.247,5,0.8867727516450783,-0.9496506209808409,-0.8205043289110204,7.5166,1.2554,0.9909,-1.5509,0.0,0.0,False,6.954860486009224,-1.100072226800327,235.39964374276184,12.899214,77.464828,Bengaluru-Mysuru Expressway,highway,95799644,{'highway': 'track'},,,False,0,below flyover
2023-11-29 09:18:02,,,681.3899,5,1.0517226424394748,-0.9497553126638436,-0.8685898727028661,7.3154,1.2471,1.4111,-1.5309,0.0,0.0,False,7.576145083013738,0.6212845970045136,230.5865881401484,12.899174,77.464769,Bengaluru-Mysuru Expressway,highway,95799644,{'highway': 'track'},,,False,0,below flyover
2023-11-29 09:18:03,,,686.6621,5,1.2166725332338717,-1.0298444501608572,-0.87332118122857,7.0971,1.2996,1.5206,-1.9123,0.0,0.0,False,7.105842656053807,-0.4703024269599307,252.4665525914647,12.899138,77.464719,Bengaluru-Mysuru Expressway,highway,95799644,{'highway': 'track'},,,False,0,below flyover
2023-11-29 09:18:04,,,688.4356,5,1.2166725332338717,-1.0298444501608572,-0.87332118122857,7.097,1.2996,1.5209,-1.9122,0.0,0.0,False,7.936853753939025,0.8310110978852183,238.8156301494534,12.899097,77.46466,Bengaluru-Mysuru Expressway,highway,95799644,{'highway': 'track'},,,False,0,below flyover
2023-11-29 09:18:05,,,686.202,5,1.2166725332338717,-1.0297397584778547,-0.87332118122857,7.0969,1.2996,1.5212,-1.912,0.0,0.0,False,9.312441440854531,1.375587686915508,229.6998875935757,12.899047,77.46459,Bengaluru-Mysuru Expressway,highway,95799644,{'highway': 'track'},,,False,0,below flyover
2023-11-29 09:18:06,,,687.1478,5,1.2166725332338717,-1.0297397584778547,-0.87332118122857,7.0968,1.2996,1.5215,-1.9119,0.0,0.0,False,10.024608704363208,0.7121672635086735,233.29365241741675,12.898979,77.464533,,unknown,789197304,"{'highway': 'service', 'source': 'digitalglobe'}",,,False,0,below flyover
2023-11-29 09:18:07,,,687.8771,5,1.2166725332338717,-1.0297397584778547,-0.87332118122857,7.0967,1.2995,1.5219,-1.9118,0.0,0.0,False,9.724378105330455,-0.3002305990327496,237.592941509146,12.898945,77.464442,Bengaluru-Mysuru Expressway,highway,789197304,"{'highway': 'service', 'source': 'digitalglobe'}",,,False,0,below flyover
2023-11-29 09:18:08,,,683.1563,5,1.0517226424394748,-0.9494412376148356,-0.8686864300197175,7.3145,1.2469,1.4131,-1.5299,0.0,0.0,False,11.018039463540822,1.2936613582103649,224.7126832935417,12.898889,77.46436,Bengaluru-Mysuru Expressway,highway,765155723,"{'access': 'private', 'highway': 'service'}",,,False,0,below flyover
2023-11-29 09:18:09,,,683.5148,5,1.0517226424394748,-0.9494412376148356,-0.8686864300197175,7.3144,1.2469,1.4134,-1.5297,0.0,0.0,False,10.85174089815776,-0.1662985653830624,232.61926077473743,12.898832,77.464279,Bengaluru-Mysuru Expressway,highway,765155723,"{'access': 'private', 'highway': 'service'}",,,False,0,below flyover
2023-11-29 09:18:10,,,683.8051,5,1.0517226424394748,-0.9494412376148356,-0.8687829873365683,7.3142,1.2469,1.4137,-1.5296,0.0,0.0,False,11.163754392532692,0.3120134943749342,233.1471112385421,12.89871,77.464203,,unknown,765155723,"{'access': 'private', 'highway': 'service'}",,,False,0,below flyover
2023-11-29 09:18:11,,,684.1887,5,1.0517226424394748,-0.9493365459318333,-0.8687829873365683,7.3141,1.2468,1.414,-1.5294,0.0,0.0,False,11.462580856263829,0.2988264637311353,238.0936672906049,12.898713,77.464109,Bengaluru-Mysuru Expressway,highway,765155723,"{'access': 'private', 'highway': 'service'}",,,False,0,below flyover
2023-11-29 09:18:12,,,682.8831,5,0.7218228608506817,-0.7280183280642679,-0.8309325191309386,7.6943,1.416,1.0204,-1.6081,0.0,0.0,False,11.971123995327495,0.5085431390636685,230.1435367080645,12.89865,77.46402,Bengaluru-Mysuru Expressway,highway,765155723,"{'access': 'private', 'highway': 'service'}",,,False,0,below flyover
2023-11-29 09:18:13,,,683.9642,5,0.8867727516450783,-0.8102012992213344,-0.8317049776657477,7.491,1.4359,1.0824,-1.9854,0.0,0.0,False,10.791442917110642,-1.1796810782168556,235.68362611858043,12.898594,77.463939,Bengaluru-Mysuru Expressway,highway,765155723,"{'access': 'private', 'highway': 'service'}",,,False,0,below flyover
2023-11-29 09:18:14,,,684.2942,5,0.8867727516450783,-0.8102012992213344,-0.8317049776657477,7.4908,1.4359,1.0828,-1.9852,0.0,0.0,False,11.730359225292167,0.9389163081815272,236.39955176037623,12.898532,77.463852,Bengaluru-Mysuru Expressway,highway,765155723,"{'access': 'private', 'highway': 'service'}",,,False,0,below flyover
2023-11-29 09:18:15,,,682.4631,5,0.7218228608506817,-0.7280183280642679,-0.8309325191309386,7.6938,1.4159,1.0216,-1.6075,0.0,0.0,False,12.860647772763327,1.13028854747116,229.29071636265465,12.898464,77.463756,Bengaluru-Mysuru Expressway,highway,765155723,"{'access': 'private', 'highway': 'service'}",,,False,0,below flyover
2023-11-29 09:18:16,,,682.9923,5,0.5568729700562852,-0.6481385739332596,-0.8165454789201253,7.901,1.3261,0.6848,-1.0959,0.0,0.0,False,12.536497805046745,-0.3241499677165844,237.4638514234965,12.898398,77.463662,Bengaluru-Mysuru Expressway,highway,765155724,"{'access': 'private', 'highway': 'service'}",,,False,0,below flyover
2023-11-29 09:18:17,,,685.4411,5,0.5568729700562852,-0.6481385739332596,-0.8165454789201253,7.9009,1.326,0.6854,-1.0956,0.0,0.0,False,10.2333908495123,-2.303106955534444,249.7749133932517,12.898349,77.463588,Bengaluru-Mysuru Expressway,highway,765155724,"{'access': 'private', 'highway': 'service'}",,,False,0,below flyover
2023-11-29 09:18:18,,,684.4903,5,0.8867727516450783,-0.810096607538332,-0.8317049776657477,7.4902,1.4357,1.0845,-1.9846,0.0,0.0,False,16.400806475776733,6.167415626264432,228.80985127577003,12.898266,77.463463,Bengaluru-Mysuru Expressway,highway,765155724,"{'access': 'private', 'highway': 'service'}",,,False,0,below flyover
2023-11-29 09:18:19,,,682.9124,5,0.8867727516450783,-0.810096607538332,-0.8317049776657477,7.4901,1.4357,1.085,-1.9844,0.0,0.0,False,13.30254905575278,-3.0982574200239537,235.615987490124,12.898199,77.463362,Bengaluru-Mysuru Expressway,highway,765155724,"{'access': 'private', 'highway': 'service'}",,,False,0,below flyover
2023-11-29 09:18:20,,,684.3284,5,0.8867727516450783,-0.810096607538332,-0.8317049776657477,7.49,1.4357,1.0854,-1.9842,0.0,0.0,False,13.03709335795447,-0.2654556977983091,238.0113020172086,12.898133,77.463263,Bengaluru-Mysuru Expressway,highway,765155724,"{'access': 'private', 'highway': 'service'}",,,False,0,below flyover
2023-11-29 09:18:21,,,682.699,5,0.8867727516450783,-0.810096607538332,-0.8317049776657477,7.4898,1.4356,1.0858,-1.984,0.0,0.0,False,13.342832267530442,0.3057389095759717,235.9506597116195,12.898067,77.463159,Bengaluru-Mysuru Expressway,highway,765155724,"{'access': 'private', 'highway': 'service'}",,,False,0,below flyover
2023-11-29 09:18:22,,,682.9225,5,0.8867727516450783,-0.8099919158553291,-0.8318015349825986,7.4897,1.4356,1.0862,-1.9839,0.0,0.0,False,13.373322146211589,0.0304898786811467,236.11352396536407,12.898002,77.463056,Bengaluru-Mysuru Expressway,highway,1133067307,"{'alt_name': 'Bangalore-Mysore Expressway', 'highway': 'trunk', 'lanes': '2', 'maxspeed': '40', 'name': 'Bengaluru-Mysuru Expressway', 'name:kn': 'ಬೆಂಗಳೂರು-ಮೈಸೂರು ಹೆದ್ದಾರಿ', 'oneway': 'yes', 'ref': 'NH275;EC34', 'ref:old': 'SH17', 'sidewalk': 'none', 'smoothness': 'good', 'surface': 'asphalt'}",,,False,0,below flyover
2023-11-29 09:18:23,,,681.755,5,0.8867727516450783,-0.8099919158553291,-0.8318015349825986,7.4895,1.4355,1.0867,-1.9837,0.0,0.0,False,14.892424182830284,1.5191020366186958,232.1957482809582,12.897929,77.462942,Bengaluru-Mysuru Expressway,highway,1133067307,"{'alt_name': 'Bangalore-Mysore Expressway', 'highway': 'trunk', 'lanes': '2', 'maxspeed': '40', 'name': 'Bengaluru-Mysuru Expressway', 'name:kn': 'ಬೆಂಗಳೂರು-ಮೈಸೂರು ಹೆದ್ದಾರಿ', 'oneway': 'yes', 'ref': 'NH275;EC34', 'ref:old': 'SH17', 'sidewalk': 'none', 'smoothness': 'good', 'surface': 'asphalt'}",,,False,0,below flyover
2023-11-29 09:18:24,,,679.9748,5,1.0517226424394748,-0.8495653720303245,-0.8950465775200667,7.2575,1.3061,1.5544,-1.718,0.0,0.0,False,14.34643821451993,-0.5459859683103545,231.01161399779684,12.897856,77.462832,Bengaluru-Mysuru Expressway,highway,1163884666,"{'alt_name': 'Bangalore-Mysore Expressway', 'bridge': 'yes', 'highway': 'motorway', 'lanes': '3', 'layer': '2', 'maxspeed': '100', 'name': 'Bengaluru-Mysuru Expressway', 'name:kn': 'ಬೆಂಗಳೂರು-ಮೈಸೂರು ಹೆದ್ದಾರಿ', 'oneway': 'yes', 'ref': 'NH275;EC34', 'ref:old': 'SH17', 'sidewalk': 'none', 'smoothness': 'good', 'start_date': '2023-03-12', 'surface': 'asphalt'}",,,True,2,on flyover
2023-11-29 09:18:25,,,678.2788,5,0.8867727516450783,-0.7869597455947502,-0.8847149446169994,7.3927,1.2354,1.4279,-1.417,0.0,0.0,False,14.657856163010669,0.3114179484907389,237.86492845269487,12.897782,77.46272,Bengaluru-Mysuru Expressway,highway,1163884666,"{'alt_name': 'Bangalore-Mysore Expressway', 'bridge': 'yes', 'highway': 'motorway', 'lanes': '3', 'layer': '2', 'maxspeed': '100', 'name': 'Bengaluru-Mysuru Expressway', 'name:kn': 'ಬೆಂಗಳೂರು-ಮೈಸೂರು ಹೆದ್ದಾರಿ', 'oneway': 'yes', 'ref': 'NH275;EC34', 'ref:old': 'SH17', 'sidewalk': 'none', 'smoothness': 'good', 'start_date': '2023-03-12', 'surface': 'asphalt'}",,,True,2,on flyover
2023-11-29 09:18:26,,,679.1323,5,0.7218228608506817,-0.7869597455947502,-0.8349879264386846,7.619,1.2303,0.9736,-1.4032,0.0,0.0,False,14.757378530732574,0.0995223677219048,235.51642641476587,12.897707,77.462608,Bengaluru-Mysuru Expressway,highway,1163884666,"{'alt_name': 'Bangalore-Mysore Expressway', 'bridge': 'yes', 'highway': 'motorway', 'lanes': '3', 'layer': '2', 'maxspeed': '100', 'name': 'Bengaluru-Mysuru Expressway', 'name:kn': 'ಬೆಂಗಳೂರು-ಮೈಸೂರು ಹೆದ್ದಾರಿ', 'oneway': 'yes', 'ref': 'NH275;EC34', 'ref:old': 'SH17', 'sidewalk': 'none', 'smoothness': 'good', 'start_date': '2023-03-12', 'surface': 'asphalt'}",,,True,2,on flyover
2023-11-29 09:18:27,,,677.8377,5,0.8867727516450783,-0.7869597455947502,-0.8847149446169994,7.3925,1.2353,1.4284,-1.4164,0.0,0.0,False,14.452204179134515,-0.3051743515980565,240.4864246857107,12.897635,77.462498,Bengaluru-Mysuru Expressway,highway,1163884666,"{'alt_name': 'Bangalore-Mysore Expressway', 'bridge': 'yes', 'highway': 'motorway', 'lanes': '3', 'layer': '2', 'maxspeed': '100', 'name': 'Bengaluru-Mysuru Expressway', 'name:kn': 'ಬೆಂಗಳೂರು-ಮೈಸೂರು ಹೆದ್ದಾರಿ', 'oneway': 'yes', 'ref': 'NH275;EC34', 'ref:old': 'SH17', 'sidewalk': 'none', 'smoothness': 'good', 'start_date': '2023-03-12', 'surface': 'asphalt'}",,,True,2,on flyover
2023-11-29 09:18:28,,,679.3495,5,1.0517226424394748,-0.8495653720303245,-0.8949500202032153,7.257,1.3059,1.5554,-1.7171,0.0,0.0,False,15.900905039316438,1.448700860181921,233.35124812911323,12.897553,77.462377,Bengaluru-Mysuru Expressway,highway,1163884666,"{'alt_name': 'Bangalore-Mysore Expressway', 'bridge': 'yes', 'highway': 'motorway', 'lanes': '3', 'layer': '2', 'maxspeed': '100', 'name': 'Bengaluru-Mysuru Expressway', 'name:kn': 'ಬೆಂಗಳೂರು-ಮೈಸೂರು ಹೆದ್ದಾರಿ', 'oneway': 'yes', 'ref': 'NH275;EC34', 'ref:old': 'SH17', 'sidewalk': 'none', 'smoothness': 'good', 'start_date': '2023-03-12', 'surface': 'asphalt'}",,,True,2,on flyover
2023-11-29 09:18:29,,,678.5135,5,1.0517226424394748,-0.9486037041508144,-0.8689761019702705,7.3116,1.2462,1.4199,-1.5264,0.0,0.0,False,14.715028806191413,-1.1858762331250254,220.5497524744072,12.897481,77.462269,Bengaluru-Mysuru Expressway,highway,1163884666,"{'alt_name': 'Bangalore-Mysore Expressway', 'bridge': 'yes', 'highway': 'motorway', 'lanes': '3', 'layer': '2', 'maxspeed': '100', 'name': 'Bengaluru-Mysuru Expressway', 'name:kn': 'ಬೆಂಗಳೂರು-ಮೈಸೂರು ಹೆದ್ದಾರಿ', 'oneway': 'yes', 'ref': 'NH275;EC34', 'ref:old': 'SH17', 'sidewalk': 'none', 'smoothness': 'good', 'start_date': '2023-03-12', 'surface': 'asphalt'}",,,True,2,on flyover
2023-11-29 09:18:30,,,684.3202,5,0.5568729700562852,-0.4472352342512075,-0.8542993898089039,7.8682,1.1076,1.1442,1.6648,0.0,0.0,False,12.73495002100056,-1.980078785190852,237.0211875649511,12.897416,77.462172,Bengaluru-Mysuru Expressway,highway,1163884666,"{'alt_name': 'Bangalore-Mysore Expressway', 'bridge': 'yes', 'highway': 'motorway', 'lanes': '3', 'layer': '2', 'maxspeed': '100', 'name': 'Bengaluru-Mysuru Expressway', 'name:kn': 'ಬೆಂಗಳೂರು-ಮೈಸೂರು ಹೆದ್ದಾರಿ', 'oneway': 'yes', 'ref': 'NH275;EC34', 'ref:old': 'SH17', 'sidewalk': 'none', 'smoothness': 'good', 'start_date': '2023-03-12', 'surface': 'asphalt'}",,,True,2,on flyover
2023-11-29 09:18:32,,,689.3867,5,1.0517226424394748,-0.9484990124678122,-0.8689761019702705,7.3112,1.2461,1.4209,-1.5259,0.0,0.0,False,12.330136425527838,-0.2024067977363612,239.784276481106,12.897292,77.461985,Bengaluru-Mysuru Expressway,highway,153208378,"{'alt_name': 'Bangalore-Mysore Expressway', 'highway': 'tertiary', 'lanes': '2', 'maxspeed': '60', 'name': 'Bengaluru-Mysuru Expressway', 'name:kn': 'ಬೆಂಗಳೂರು-ಮೈಸೂರು ಹೆದ್ದಾರಿ', 'oneway': 'yes', 'ref': 'NH275;EC34', 'ref:old': 'SH17', 'sidewalk': 'none', 'smoothness': 'good', 'surface': 'asphalt'}",,,False,0,below flyover
2023-11-29 09:18:33,,,697.4656,5,0.7218228608506817,-0.8496700637133269,-0.727809304733968,7.649,1.3419,0.6884,-1.1826,0.0,0.0,False,12.562465395689877,0.2323289701620368,205.25071623139388,12.897237,77.461902,Bengaluru-Mysuru Expressway,highway,153208378,"{'alt_name': 'Bangalore-Mysore Expressway', 'highway': 'tertiary', 'lanes': '2', 'maxspeed': '60', 'name': 'Bengaluru-Mysuru Expressway', 'name:kn': 'ಬೆಂಗಳೂರು-ಮೈಸೂರು ಹೆದ್ದಾರಿ', 'oneway': 'yes', 'ref': 'NH275;EC34', 'ref:old': 'SH17', 'sidewalk': 'none', 'smoothness': 'good', 'surface': 'asphalt'}",,,False,0,below flyover
2023-11-29 09:18:34,,,687.0682,5,0.3919230792618886,-0.570876111877317,-0.4871884711410362,7.8814,-0.9362,2.1869,-1.7173,0.0,0.0,False,13.293284463906293,0.730819068216416,265.4921948356762,12.897179,77.461814,Bengaluru-Mysuru Expressway,highway,153208378,"{'alt_name': 'Bangalore-Mysore Expressway', 'highway': 'tertiary', 'lanes': '2', 'maxspeed': '60', 'name': 'Bengaluru-Mysuru Expressway', 'name:kn': 'ಬೆಂಗಳೂರು-ಮೈಸೂರು ಹೆದ್ದಾರಿ', 'oneway': 'yes', 'ref': 'NH275;EC34', 'ref:old': 'SH17', 'sidewalk': 'none', 'smoothness': 'good', 'surface': 'asphalt'}",,,False,0,below flyover
2023-11-29 09:18:35,,,684.2791,5,0.0620232976730954,-0.4684876459007426,-0.289149414279438,8.2352,-1.0566,1.4998,-1.2009,0.0,0.0,False,11.442207253723245,-1.8510772101830464,244.32811800269056,12.897068,77.461729,,unknown,153208378,"{'alt_name': 'Bangalore-Mysore Expressway', 'highway': 'tertiary', 'lanes': '2', 'maxspeed': '60', 'name': 'Bengaluru-Mysuru Expressway', 'name:kn': 'ಬೆಂಗಳೂರು-ಮೈಸೂರು ಹೆದ್ದಾರಿ', 'oneway': 'yes', 'ref': 'NH275;EC34', 'ref:old': 'SH17', 'sidewalk': 'none', 'smoothness': 'good', 'surface': 'asphalt'}",,,False,0,below flyover
2023-11-29 09:18:36,,,681.2002,5,0.3919230792618886,-0.5899299981837959,-0.3221720166425127,7.9953,-0.8648,2.3809,-2.726,0.0,0.0,False,7.244553109152044,-4.197654144571201,237.495891081966,12.897076,77.461672,Bengaluru-Mysuru Expressway,highway,153208378,"{'alt_name': 'Bangalore-Mysore Expressway', 'highway': 'tertiary', 'lanes': '2', 'maxspeed': '60', 'name': 'Bengaluru-Mysuru Expressway', 'name:kn': 'ಬೆಂಗಳೂರು-ಮೈಸೂರು ಹೆದ್ದಾರಿ', 'oneway': 'yes', 'ref': 'NH275;EC34', 'ref:old': 'SH17', 'sidewalk': 'none', 'smoothness': 'good', 'surface': 'asphalt'}",,,False,0,below flyover
2023-11-29 09:18:40,,,704.6891,5,-0.1029265931213011,-0.1382900777104395,-0.348435606826011,8.3485,1.054,1.9247,-1.2676,0.0,0.0,False,8.39123066182839,0.2866693881690865,204.294522709566,12.896776,77.46157,,unknown,153208378,"{'alt_name': 'Bangalore-Mysore Expressway', 'highway': 'tertiary', 'lanes': '2', 'maxspeed': '60', 'name': 'Bengaluru-Mysuru Expressway', 'name:kn': 'ಬೆಂಗಳೂರು-ಮೈಸೂರು ಹೆದ್ದಾರಿ', 'oneway': 'yes', 'ref': 'NH275;EC34', 'ref:old': 'SH17', 'sidewalk': 'none', 'smoothness': 'good', 'surface': 'asphalt'}",,,False,0,below flyover
2023-11-29 09:18:41,,,691.8261,5,-0.2678764839156977,0.3035088245606689,-0.2852871216053937,9.2784,0.7769,2.6181,-3.2247,0.0,0.0,False,5.788729875234289,-2.602500786594101,213.5488476803615,12.896726,77.461557,,unknown,153208378,"{'alt_name': 'Bangalore-Mysore Expressway', 'highway': 'tertiary', 'lanes': '2', 'maxspeed': '60', 'name': 'Bengaluru-Mysuru Expressway', 'name:kn': 'ಬೆಂಗಳೂರು-ಮೈಸೂರು ಹೆದ್ದಾರಿ', 'oneway': 'yes', 'ref': 'NH275;EC34', 'ref:old': 'SH17', 'sidewalk': 'none', 'smoothness': 'good', 'surface': 'asphalt'}",,,False,0,below flyover
2023-11-29 09:18:42,,,718.8536,5,-0.1029265931213011,-0.3156377887168993,0.3307485599045999,9.1823,1.8297,4.0165,-1.5889,0.0,0.0,False,5.907016234259079,0.1182863590247906,229.05124879689444,12.896674,77.461529,,unknown,153208378,"{'alt_name': 'Bangalore-Mysore Expressway', 'highway': 'tertiary', 'lanes': '2', 'maxspeed': '60', 'name': 'Bengaluru-Mysuru Expressway', 'name:kn': 'ಬೆಂಗಳೂರು-ಮೈಸೂರು ಹೆದ್ದಾರಿ', 'oneway': 'yes', 'ref': 'NH275;EC34', 'ref:old': 'SH17', 'sidewalk': 'none', 'smoothness': 'good', 'surface': 'asphalt'}",,,False,0,below flyover
2023-11-29 09:18:43,,,689.3673,5,-1.257575828682077,0.7909533006209257,2.052075847409092,12.2605,1.7544,5.2271,-3.4329,0.0,0.0,False,7.330211989901611,1.4231957556425314,224.61152741143883,12.896623,77.461482,,unknown,153208378,"{'alt_name': 'Bangalore-Mysore Expressway', 'highway': 'tertiary', 'lanes': '2', 'maxspeed': '60', 'name': 'Bengaluru-Mysuru Expressway', 'name:kn': 'ಬೆಂಗಳೂರು-ಮೈಸೂರು ಹೆದ್ದಾರಿ', 'oneway': 'yes', 'ref': 'NH275;EC34', 'ref:old': 'SH17', 'sidewalk': 'none', 'smoothness': 'good', 'surface': 'asphalt'}",,,False,0,below flyover
2023-11-29 09:18:44,,,690.6729,5,-1.0926259378876806,0.8467539676613289,1.4063970696258117,11.1886,1.8502,4.3069,-3.8417,0.0,0.0,False,7.515866433005624,0.1856544431040134,234.38410170574213,12.896627,77.461375,,unknown,153208378,"{'alt_name': 'Bangalore-Mysore Expressway', 'highway': 'tertiary', 'lanes': '2', 'maxspeed': '60', 'name': 'Bengaluru-Mysuru Expressway', 'name:kn': 'ಬೆಂಗಳೂರು-ಮೈಸೂರು ಹೆದ್ದಾರಿ', 'oneway': 'yes', 'ref': 'NH275;EC34', 'ref:old': 'SH17', 'sidewalk': 'none', 'smoothness': 'good', 'surface': 'asphalt'}",,,False,0,below flyover
2023-11-29 09:18:45,,,721.0957,5,-0.4328263747100943,-0.097669704705418,0.8575652806441803,9.2801,0.534,4.2379,-2.7008,0.0,0.0,False,13.50036697603657,5.984500543030946,222.37209938224925,12.896531,77.461298,,unknown,153208378,"{'alt_name': 'Bangalore-Mysore Expressway', 'highway': 'tertiary', 'lanes': '2', 'maxspeed': '60', 'name': 'Bengaluru-Mysuru Expressway', 'name:kn': 'ಬೆಂಗಳೂರು-ಮೈಸೂರು ಹೆದ್ದಾರಿ', 'oneway': 'yes', 'ref': 'NH275;EC34', 'ref:old': 'SH17', 'sidewalk': 'none', 'smoothness': 'good', 'surface': 'asphalt'}",,,False,0,below flyover
2023-11-29 09:18:46,,,719.8877,5,-0.4328263747100943,0.183008697424639,1.078971208183744,9.1729,-1.5889,4.41,-2.7449,0.0,0.0,False,11.14419716004437,-2.3561698159921995,199.6528431579658,12.896415,77.46129,,unknown,153208378,"{'alt_name': 'Bangalore-Mysore Expressway', 'highway': 'tertiary', 'lanes': '2', 'maxspeed': '60', 'name': 'Bengaluru-Mysuru Expressway', 'name:kn': 'ಬೆಂಗಳೂರು-ಮೈಸೂರು ಹೆದ್ದಾರಿ', 'oneway': 'yes', 'ref': 'NH275;EC34', 'ref:old': 'SH17', 'sidewalk': 'none', 'smoothness': 'good', 'surface': 'asphalt'}",,,False,0,below flyover
2023-11-29 09:18:47,,,711.8078,5,-0.2678764839156977,-0.0153820418653491,0.6057437982965216,9.1756,1.6272,3.1341,-2.9452,0.0,0.0,False,1.8713831938361023,-9.272813966208268,217.47729618160133,12.896403,77.461279,,unknown,153208378,"{'alt_name': 'Bangalore-Mysore Expressway', 'highway': 'tertiary', 'lanes': '2', 'maxspeed': '60', 'name': 'Bengaluru-Mysuru Expressway', 'name:kn': 'ಬೆಂಗಳೂರು-ಮೈಸೂರು ಹೆದ್ದಾರಿ', 'oneway': 'yes', 'ref': 'NH275;EC34', 'ref:old': 'SH17', 'sidewalk': 'none', 'smoothness': 'good', 'surface': 'asphalt'}",,,False,0,below flyover
2023-11-29 09:18:48,,,701.9886,5,-0.1029265931213011,-0.1172470494269102,0.275517774665773,8.9002,2.4843,3.0435,-1.2832,0.0,0.0,False,9.308859981912368,7.437476788076266,241.26541627411936,12.896381,77.461179,,unknown,153208378,"{'alt_name': 'Bangalore-Mysore Expressway', 'highway': 'tertiary', 'lanes': '2', 'maxspeed': '60', 'name': 'Bengaluru-Mysuru Expressway', 'name:kn': 'ಬೆಂಗಳೂರು-ಮೈಸೂರು ಹೆದ್ದಾರಿ', 'oneway': 'yes', 'ref': 'NH275;EC34', 'ref:old': 'SH17', 'sidewalk': 'none', 'smoothness': 'good', 'surface': 'asphalt'}",,,False,0,below flyover
2023-11-29 09:18:55,,,647.1656,5,-1.0926259378876806,0.6354861513620164,0.9699579974588568,10.6304,1.9194,2.2934,-2.8803,0.0,0.0,False,9.275434648666158,-0.0047750476066014,215.38679574816936,12.895894,77.460845,,unknown,153208378,"{'alt_name': 'Bangalore-Mysore Expressway', 'highway': 'tertiary', 'lanes': '2', 'maxspeed': '60', 'name': 'Bengaluru-Mysuru Expressway', 'name:kn': 'ಬೆಂಗಳೂರು-ಮೈಸೂರು ಹೆದ್ದಾರಿ', 'oneway': 'yes', 'ref': 'NH275;EC34', 'ref:old': 'SH17', 'sidewalk': 'none', 'smoothness': 'good', 'surface': 'asphalt'}",,,False,0,below flyover
2023-11-29 09:18:57,,,646.7197,5,-1.257575828682077,0.8973200505516007,0.4240229279827584,13.8849,-0.944,4.1662,1.4592,0.0,0.0,False,15.628208390394128,3.1763868708639844,249.7463410237364,12.895793,77.460582,Bengaluru-Mysuru Expressway,highway,153208378,"{'alt_name': 'Bangalore-Mysore Expressway', 'highway': 'tertiary', 'lanes': '2', 'maxspeed': '60', 'name': 'Bengaluru-Mysuru Expressway', 'name:kn': 'ಬೆಂಗಳೂರು-ಮೈಸೂರು ಹೆದ್ದಾರಿ', 'oneway': 'yes', 'ref': 'NH275;EC34', 'ref:old': 'SH17', 'sidewalk': 'none', 'smoothness': 'good', 'surface': 'asphalt'}",,,False,0,below flyover
2023-11-29 09:18:58,,,646.6533,5,-0.7627261562988874,0.7987004851631202,0.1322267164587457,9.9481,0.6099,2.4636,2.7099,0.0,0.0,False,15.586136420981603,-0.0420719694125235,221.2847183131185,12.895681,77.460498,Bengaluru-Mysuru Expressway,highway,153208378,"{'alt_name': 'Bangalore-Mysore Expressway', 'highway': 'tertiary', 'lanes': '2', 'maxspeed': '60', 'name': 'Bengaluru-Mysuru Expressway', 'name:kn': 'ಬೆಂಗಳೂರು-ಮೈಸೂರು ಹೆದ್ದಾರಿ', 'oneway': 'yes', 'ref': 'NH275;EC34', 'ref:old': 'SH17', 'sidewalk': 'none', 'smoothness': 'good', 'surface': 'asphalt'}",,,False,0,below flyover
2023-11-29 09:18:59,,,640.7161,5,-0.7627261562988874,0.7988051768461235,0.1322267164587457,9.9481,0.6097,2.4635,2.7103,0.0,0.0,False,12.487355919470682,-3.0987805015109213,238.65806755908187,12.895628,77.460391,Bengaluru-Mysuru Expressway,highway,153208378,"{'alt_name': 'Bangalore-Mysore Expressway', 'highway': 'tertiary', 'lanes': '2', 'maxspeed': '60', 'name': 'Bengaluru-Mysuru Expressway', 'name:kn': 'ಬೆಂಗಳೂರು-ಮೈಸೂರು ಹೆದ್ದಾರಿ', 'oneway': 'yes', 'ref': 'NH275;EC34', 'ref:old': 'SH17', 'sidewalk': 'none', 'smoothness': 'good', 'surface': 'asphalt'}",,,False,0,below flyover
2023-11-29 09:19:00,,,647.5846,5,-0.7627261562988874,0.6920196601834381,0.3488047781557548,10.6976,2.1117,0.4413,-0.8755,0.0,0.0,False,14.974360622305245,2.4870047028345628,220.74447220788548,12.89552,77.460308,Bengaluru-Mysuru Expressway,highway,153208378,"{'alt_name': 'Bangalore-Mysore Expressway', 'highway': 'tertiary', 'lanes': '2', 'maxspeed': '60', 'name': 'Bengaluru-Mysuru Expressway', 'name:kn': 'ಬೆಂಗಳೂರು-ಮೈಸೂರು ಹೆದ್ದಾರಿ', 'oneway': 'yes', 'ref': 'NH275;EC34', 'ref:old': 'SH17', 'sidewalk': 'none', 'smoothness': 'good', 'surface': 'asphalt'}",,,False,0,below flyover
2023-11-29 09:19:01,,,649.0587,5,-0.2678764839156977,0.1375725070014964,-0.0878274086449025,9.1187,1.4941,2.1282,1.2206,0.0,0.0,False,15.463718222042624,0.4893575997373798,212.55535431364584,12.895409,77.460223,Bengaluru-Mysuru Expressway,highway,153208378,"{'alt_name': 'Bangalore-Mysore Expressway', 'highway': 'tertiary', 'lanes': '2', 'maxspeed': '60', 'name': 'Bengaluru-Mysuru Expressway', 'name:kn': 'ಬೆಂಗಳೂರು-ಮೈಸೂರು ಹೆದ್ದಾರಿ', 'oneway': 'yes', 'ref': 'NH275;EC34', 'ref:old': 'SH17', 'sidewalk': 'none', 'smoothness': 'good', 'surface': 'asphalt'}",,,False,0,below flyover
2023-11-29 09:19:02,,,643.2114,5,-0.5977762655044908,0.4583478237215622,0.4618733961883883,10.05,2.1215,1.6887,-2.6635,0.0,0.0,False,15.815407802189291,0.351689580146667,226.2794802018095,12.895327,77.460097,Bengaluru-Mysuru Expressway,highway,153208378,"{'alt_name': 'Bangalore-Mysore Expressway', 'highway': 'tertiary', 'lanes': '2', 'maxspeed': '60', 'name': 'Bengaluru-Mysuru Expressway', 'name:kn': 'ಬೆಂಗಳೂರು-ಮೈಸೂರು ಹೆದ್ದಾರಿ', 'oneway': 'yes', 'ref': 'NH275;EC34', 'ref:old': 'SH17', 'sidewalk': 'none', 'smoothness': 'good', 'surface': 'asphalt'}",,,False,0,below flyover
2023-11-29 09:19:03,,,641.8547,5,-0.5977762655044908,0.463687099554697,0.2137210918810713,11.8145,2.6666,-1.9592,-3.8145,0.0,0.0,False,14.54619618382824,-1.2692116183610516,205.2758537659274,12.895196,77.460056,Bengaluru-Mysuru Expressway,highway,153208378,"{'alt_name': 'Bangalore-Mysore Expressway', 'highway': 'tertiary', 'lanes': '2', 'maxspeed': '60', 'name': 'Bengaluru-Mysuru Expressway', 'name:kn': 'ಬೆಂಗಳೂರು-ಮೈಸೂರು ಹೆದ್ದಾರಿ', 'oneway': 'yes', 'ref': 'NH275;EC34', 'ref:old': 'SH17', 'sidewalk': 'none', 'smoothness': 'good', 'surface': 'asphalt'}",,,False,0,below flyover
2023-11-29 09:19:04,,,632.4455,5,-1.0926259378876806,0.7920002174509524,0.5585272703563359,10.755,2.0407,1.9485,-1.755,0.0,0.0,False,20.34730968616216,5.801113502333919,227.7757670823139,12.89508,77.459907,Bengaluru-Mysuru Expressway,highway,153208378,"{'alt_name': 'Bangalore-Mysore Expressway', 'highway': 'tertiary', 'lanes': '2', 'maxspeed': '60', 'name': 'Bengaluru-Mysuru Expressway', 'name:kn': 'ಬೆಂಗಳೂರು-ಮೈಸೂರು ಹೆದ್ದಾರಿ', 'oneway': 'yes', 'ref': 'NH275;EC34', 'ref:old': 'SH17', 'sidewalk': 'none', 'smoothness': 'good', 'surface': 'asphalt'}",,,False,0,below flyover
2023-11-29 09:19:05,,,634.353,5,-1.0926259378876806,0.8109494120744285,0.5469403923342039,11.576,2.1355,2.7421,-1.0997,0.0,0.0,False,13.692497934297725,-6.654811751864434,207.30301298277007,12.894957,77.459868,Bengaluru-Mysuru Expressway,highway,153208378,"{'alt_name': 'Bangalore-Mysore Expressway', 'highway': 'tertiary', 'lanes': '2', 'maxspeed': '60', 'name': 'Bengaluru-Mysuru Expressway', 'name:kn': 'ಬೆಂಗಳೂರು-ಮೈಸೂರು ಹೆದ್ದಾರಿ', 'oneway': 'yes', 'ref': 'NH275;EC34', 'ref:old': 'SH17', 'sidewalk': 'none', 'smoothness': 'good', 'surface': 'asphalt'}",,,False,0,below flyover
2023-11-29 09:19:06,,,635.0158,5,-1.0926259378876806,0.7243693902312515,0.5486784240375239,13.0623,1.8066,1.2954,-2.3767,0.0,0.0,False,17.993480757624074,4.300982823326349,221.99744372056168,12.894855,77.459733,Bengaluru-Mysuru Expressway,highway,153208378,"{'alt_name': 'Bangalore-Mysore Expressway', 'highway': 'tertiary', 'lanes': '2', 'maxspeed': '60', 'name': 'Bengaluru-Mysuru Expressway', 'name:kn': 'ಬೆಂಗಳೂರು-ಮೈಸೂರು ಹೆದ್ದಾರಿ', 'oneway': 'yes', 'ref': 'NH275;EC34', 'ref:old': 'SH17', 'sidewalk': 'none', 'smoothness': 'good', 'surface': 'asphalt'}",,,False,0,below flyover
2023-11-29 09:19:07,,,637.6843,5,-0.5977762655044908,0.1275221054332439,0.0963073945901384,11.9399,1.3369,4.3548,-3.0844,0.0,0.0,False,10.734166106273577,-7.259314651350499,197.18692444237053,12.894757,77.459712,Bengaluru-Mysuru Expressway,highway,153208378,"{'alt_name': 'Bangalore-Mysore Expressway', 'highway': 'tertiary', 'lanes': '2', 'maxspeed': '60', 'name': 'Bengaluru-Mysuru Expressway', 'name:kn': 'ಬೆಂಗಳೂರು-ಮೈಸೂರು ಹೆದ್ದಾರಿ', 'oneway': 'yes', 'ref': 'NH275;EC34', 'ref:old': 'SH17', 'sidewalk': 'none', 'smoothness': 'good', 'surface': 'asphalt'}",,,False,0,below flyover
2023-11-29 09:19:09,,,632.2637,5,-0.5977762655044908,0.0857501239151933,0.2216387918628607,9.6593,1.8352,3.1109,-1.7152,0.0,0.0,False,17.164744082296863,3.215288988011644,218.9162607179468,12.894511,77.459519,Bengaluru-Mysuru Expressway,highway,153208378,"{'alt_name': 'Bangalore-Mysore Expressway', 'highway': 'tertiary', 'lanes': '2', 'maxspeed': '60', 'name': 'Bengaluru-Mysuru Expressway', 'name:kn': 'ಬೆಂಗಳೂರು-ಮೈಸೂರು ಹೆದ್ದಾರಿ', 'oneway': 'yes', 'ref': 'NH275;EC34', 'ref:old': 'SH17', 'sidewalk': 'none', 'smoothness': 'good', 'surface': 'asphalt'}",,,False,0,below flyover
2023-11-29 09:19:10,,,668.8701,5,-0.927676047093284,0.5093326733438445,0.9106718049122836,12.1596,1.6802,3.0044,-2.8079,0.0,0.0,False,20.55016765222102,3.385423569924157,230.6452883433108,12.894391,77.459376,Bengaluru-Mysuru Expressway,highway,153208378,"{'alt_name': 'Bangalore-Mysore Expressway', 'highway': 'tertiary', 'lanes': '2', 'maxspeed': '60', 'name': 'Bengaluru-Mysuru Expressway', 'name:kn': 'ಬೆಂಗಳೂರು-ಮೈಸೂರು ಹೆದ್ದಾರಿ', 'oneway': 'yes', 'ref': 'NH275;EC34', 'ref:old': 'SH17', 'sidewalk': 'none', 'smoothness': 'good', 'surface': 'asphalt'}",,,False,0,below flyover
2023-11-29 09:19:11,,,622.6365,5,-0.5977762655044908,0.3623455504081488,0.2167143687034552,10.4687,2.5371,2.0236,-2.5028,0.0,0.0,False,20.57329137588463,0.023123723663609,203.8612386285428,12.894224,77.459296,Bengaluru-Mysuru Expressway,highway,153208378,"{'alt_name': 'Bangalore-Mysore Expressway', 'highway': 'tertiary', 'lanes': '2', 'maxspeed': '60', 'name': 'Bengaluru-Mysuru Expressway', 'name:kn': 'ಬೆಂಗಳೂರು-ಮೈಸೂರು ಹೆದ್ದಾರಿ', 'oneway': 'yes', 'ref': 'NH275;EC34', 'ref:old': 'SH17', 'sidewalk': 'none', 'smoothness': 'good', 'surface': 'asphalt'}",,,False,0,below flyover
2023-11-29 09:19:12,,,618.0794,5,-1.0926259378876806,0.3132451510799143,0.630559028727253,11.2927,1.6879,3.9642,-1.635,0.0,0.0,False,9.67668223906799,-10.89660913681664,199.67654839627733,12.894158,77.459245,Bengaluru-Mysuru Expressway,highway,153208378,"{'alt_name': 'Bangalore-Mysore Expressway', 'highway': 'tertiary', 'lanes': '2', 'maxspeed': '60', 'name': 'Bengaluru-Mysuru Expressway', 'name:kn': 'ಬೆಂಗಳೂರು-ಮೈಸೂರು ಹೆದ್ದಾರಿ', 'oneway': 'yes', 'ref': 'NH275;EC34', 'ref:old': 'SH17', 'sidewalk': 'none', 'smoothness': 'good', 'surface': 'asphalt'}",,,False,0,below flyover
2023-11-29 09:19:13,,,647.0739,5,-0.4328263747100943,0.2451955571282028,0.1341578627957674,11.153,2.3613,1.7595,-3.8445,0.0,0.0,False,18.134064623483148,8.457382384415158,226.10900353710733,12.894029,77.459148,Bengaluru-Mysuru Expressway,highway,153208378,"{'alt_name': 'Bangalore-Mysore Expressway', 'highway': 'tertiary', 'lanes': '2', 'maxspeed': '60', 'name': 'Bengaluru-Mysuru Expressway', 'name:kn': 'ಬೆಂಗಳೂರು-ಮೈಸೂರು ಹೆದ್ದಾರಿ', 'oneway': 'yes', 'ref': 'NH275;EC34', 'ref:old': 'SH17', 'sidewalk': 'none', 'smoothness': 'good', 'surface': 'asphalt'}",,,False,0,below flyover
2023-11-29 09:19:14,,,637.9553,5,-0.927676047093284,0.4040128402431961,0.889042965937638,12.677,2.9313,3.7112,-3.5007,0.0,0.0,False,20.283517347419284,2.149452723936136,216.9129425786085,12.893881,77.459038,Bengaluru-Mysuru Expressway,highway,153208378,"{'alt_name': 'Bangalore-Mysore Expressway', 'highway': 'tertiary', 'lanes': '2', 'maxspeed': '60', 'name': 'Bengaluru-Mysuru Expressway', 'name:kn': 'ಬೆಂಗಳೂರು-ಮೈಸೂರು ಹೆದ್ದಾರಿ', 'oneway': 'yes', 'ref': 'NH275;EC34', 'ref:old': 'SH17', 'sidewalk': 'none', 'smoothness': 'good', 'surface': 'asphalt'}",,,False,0,below flyover
2023-11-29 09:19:15,,,628.2702,5,-0.4328263747100943,0.3365913963895008,0.2571718844640646,9.6428,2.2013,2.0463,-2.6632,0.0,0.0,False,20.54740820066476,0.2638908532454778,230.8196097186461,12.893763,77.458892,Bengaluru-Mysuru Expressway,highway,153208378,"{'alt_name': 'Bangalore-Mysore Expressway', 'highway': 'tertiary', 'lanes': '2', 'maxspeed': '60', 'name': 'Bengaluru-Mysuru Expressway', 'name:kn': 'ಬೆಂಗಳೂರು-ಮೈಸೂರು ಹೆದ್ದಾರಿ', 'oneway': 'yes', 'ref': 'NH275;EC34', 'ref:old': 'SH17', 'sidewalk': 'none', 'smoothness': 'good', 'surface': 'asphalt'}",,,False,0,below flyover
2023-11-29 09:19:16,,,656.5759,5,-0.7627261562988874,0.3753273191004748,0.304002183136846,12.5469,2.2866,1.269,-3.2454,0.0,0.0,False,14.69928882626374,-5.848119374401023,191.3138343701137,12.893639,77.458858,Bengaluru-Mysuru Expressway,highway,153208378,"{'alt_name': 'Bangalore-Mysore Expressway', 'highway': 'tertiary', 'lanes': '2', 'maxspeed': '60', 'name': 'Bengaluru-Mysuru Expressway', 'name:kn': 'ಬೆಂಗಳೂರು-ಮೈಸೂರು ಹೆದ್ದಾರಿ', 'oneway': 'yes', 'ref': 'NH275;EC34', 'ref:old': 'SH17', 'sidewalk': 'none', 'smoothness': 'good', 'surface': 'asphalt'}",,,False,0,below flyover
2023-11-29 09:19:17,,,639.8384,5,-0.927676047093284,0.6724423154619459,0.4596525779008131,13.2322,2.8967,3.0247,-4.4206,0.0,0.0,False,17.040516242891623,2.341227416627884,208.06275726449832,12.893517,77.458766,Bengaluru-Mysuru Expressway,highway,153208378,"{'alt_name': 'Bangalore-Mysore Expressway', 'highway': 'tertiary', 'lanes': '2', 'maxspeed': '60', 'name': 'Bengaluru-Mysuru Expressway', 'name:kn': 'ಬೆಂಗಳೂರು-ಮೈಸೂರು ಹೆದ್ದಾರಿ', 'oneway': 'yes', 'ref': 'NH275;EC34', 'ref:old': 'SH17', 'sidewalk': 'none', 'smoothness': 'good', 'surface': 'asphalt'}",,,False,0,below flyover
2023-11-29 09:19:18,,,645.6503,5,-1.0926259378876806,0.821837347106702,0.4543419254740031,13.0891,2.7426,1.0561,-2.8489,0.0,0.0,False,21.06416920240178,4.023652959510155,232.8140679792216,12.893401,77.458613,Bengaluru-Mysuru Expressway,highway,153208378,"{'alt_name': 'Bangalore-Mysore Expressway', 'highway': 'tertiary', 'lanes': '2', 'maxspeed': '60', 'name': 'Bengaluru-Mysuru Expressway', 'name:kn': 'ಬೆಂಗಳೂರು-ಮೈಸೂರು ಹೆದ್ದಾರಿ', 'oneway': 'yes', 'ref': 'NH275;EC34', 'ref:old': 'SH17', 'sidewalk': 'none', 'smoothness': 'good', 'surface': 'asphalt'}",,,False,0,below flyover
2023-11-29 09:19:19,,,683.5685,5,-1.4225257194764738,1.29064670359249,1.4522617951300825,49.1325,2.1557,11.3298,-10.3633,0.0,0.0,False,13.470451118118536,-7.593718084283243,193.36459828643723,12.893279,77.458588,Bengaluru-Mysuru Expressway,highway,153208378,"{'alt_name': 'Bangalore-Mysore Expressway', 'highway': 'tertiary', 'lanes': '2', 'maxspeed': '60', 'name': 'Bengaluru-Mysuru Expressway', 'name:kn': 'ಬೆಂಗಳೂರು-ಮೈಸೂರು ಹೆದ್ದಾರಿ', 'oneway': 'yes', 'ref': 'NH275;EC34', 'ref:old': 'SH17', 'sidewalk': 'none', 'smoothness': 'good', 'surface': 'asphalt'}",,,False,0,below flyover
2023-11-29 09:19:21,,,643.571,5,-1.5874756102708705,1.8259352787849497,1.4075557574280244,27.6298,3.7943,-5.4823,-9.3124,0.0,0.0,False,19.237153594692646,2.883351238287055,218.144717818422,12.893006,77.458372,Bengaluru-Mysuru Expressway,highway,153208378,"{'alt_name': 'Bangalore-Mysore Expressway', 'highway': 'tertiary', 'lanes': '2', 'maxspeed': '60', 'name': 'Bengaluru-Mysuru Expressway', 'name:kn': 'ಬೆಂಗಳೂರು-ಮೈಸೂರು ಹೆದ್ದಾರಿ', 'oneway': 'yes', 'ref': 'NH275;EC34', 'ref:old': 'SH17', 'sidewalk': 'none', 'smoothness': 'good', 'surface': 'asphalt'}",,,False,0,below flyover
2023-11-29 09:19:22,,,649.5986,5,-1.5874756102708705,0.9073704521198532,1.717021957935788,15.7016,2.7158,-4.7296,-4.0194,0.0,0.0,False,22.336436986642724,3.099283391950077,241.0319137672519,12.892897,77.458206,Bengaluru-Mysuru Expressway,highway,153208378,"{'alt_name': 'Bangalore-Mysore Expressway', 'highway': 'tertiary', 'lanes': '2', 'maxspeed': '60', 'name': 'Bengaluru-Mysuru Expressway', 'name:kn': 'ಬೆಂಗಳೂರು-ಮೈಸೂರು ಹೆದ್ದಾರಿ', 'oneway': 'yes', 'ref': 'NH275;EC34', 'ref:old': 'SH17', 'sidewalk': 'none', 'smoothness': 'good', 'surface': 'asphalt'}",,,False,0,below flyover
2023-11-29 09:19:23,,,576.6805,5,-1.5874756102708705,0.9557380096670692,1.708814586003445,12.9578,2.7566,-1.5467,-3.8617,0.0,0.0,False,11.84863693149505,-10.487800055147671,240.0891762700839,12.892823,77.458134,Bengaluru-Mysuru Expressway,highway,153208378,"{'alt_name': 'Bangalore-Mysore Expressway', 'highway': 'tertiary', 'lanes': '2', 'maxspeed': '60', 'name': 'Bengaluru-Mysuru Expressway', 'name:kn': 'ಬೆಂಗಳೂರು-ಮೈಸೂರು ಹೆದ್ದಾರಿ', 'oneway': 'yes', 'ref': 'NH275;EC34', 'ref:old': 'SH17', 'sidewalk': 'none', 'smoothness': 'good', 'surface': 'asphalt'}",,,False,0,below flyover
2023-11-29 09:19:24,,,563.615,5,-1.7524255010652667,1.4276881166429365,1.887059392910568,15.0662,3.9995,-3.8166,-5.1149,0.0,0.0,False,20.285028561322555,8.436391629827504,220.9879918994466,12.892692,77.458001,Bengaluru-Mysuru Expressway,highway,153208378,"{'alt_name': 'Bangalore-Mysore Expressway', 'highway': 'tertiary', 'lanes': '2', 'maxspeed': '60', 'name': 'Bengaluru-Mysuru Expressway', 'name:kn': 'ಬೆಂಗಳೂರು-ಮೈಸೂರು ಹೆದ್ದಾರಿ', 'oneway': 'yes', 'ref': 'NH275;EC34', 'ref:old': 'SH17', 'sidewalk': 'none', 'smoothness': 'good', 'surface': 'asphalt'}",,,False,0,below flyover
2023-11-29 09:19:25,,,661.2216,5,-1.0926259378876806,0.531003851725389,0.5859495483420467,14.898,2.6833,1.3267,-3.5443,0.0,0.0,False,20.589392318338746,0.304363757016187,212.5043036858418,12.892569,77.457866,Bengaluru-Mysuru Expressway,highway,153208378,"{'alt_name': 'Bangalore-Mysore Expressway', 'highway': 'tertiary', 'lanes': '2', 'maxspeed': '60', 'name': 'Bengaluru-Mysuru Expressway', 'name:kn': 'ಬೆಂಗಳೂರು-ಮೈಸೂರು ಹೆದ್ದಾರಿ', 'oneway': 'yes', 'ref': 'NH275;EC34', 'ref:old': 'SH17', 'sidewalk': 'none', 'smoothness': 'good', 'surface': 'asphalt'}",,,False,0,below flyover
2023-11-29 09:19:26,,,638.8108,5,-1.0926259378876806,0.6474210032243165,0.8214528441418704,12.8766,2.2796,-3.2348,-3.6864,0.0,0.0,False,17.72134149426114,-2.868050824077603,235.6765944584561,12.892466,77.457744,Bengaluru-Mysuru Expressway,highway,153208378,"{'alt_name': 'Bangalore-Mysore Expressway', 'highway': 'tertiary', 'lanes': '2', 'maxspeed': '60', 'name': 'Bengaluru-Mysuru Expressway', 'name:kn': 'ಬೆಂಗಳೂರು-ಮೈಸೂರು ಹೆದ್ದಾರಿ', 'oneway': 'yes', 'ref': 'NH275;EC34', 'ref:old': 'SH17', 'sidewalk': 'none', 'smoothness': 'good', 'surface': 'asphalt'}",,,False,0,below flyover
2023-11-29 09:19:27,,,643.2451,5,-1.257575828682077,0.9602397520361822,0.9726616023306872,13.9518,3.3988,-2.8625,-3.7604,0.0,0.0,False,15.809442802228991,-1.911898692032148,241.3271580485149,12.892378,77.457631,Bengaluru-Mysuru Expressway,highway,153208378,"{'alt_name': 'Bangalore-Mysore Expressway', 'highway': 'tertiary', 'lanes': '2', 'maxspeed': '60', 'name': 'Bengaluru-Mysuru Expressway', 'name:kn': 'ಬೆಂಗಳೂರು-ಮೈಸೂರು ಹೆದ್ದಾರಿ', 'oneway': 'yes', 'ref': 'NH275;EC34', 'ref:old': 'SH17', 'sidewalk': 'none', 'smoothness': 'good', 'surface': 'asphalt'}",,,False,0,below flyover
2023-11-29 09:19:29,,,594.4234,5,-1.0926259378876806,0.7704337307524093,0.7528005918607414,11.315,2.9689,1.4672,-3.263,0.0,0.0,False,16.18111854542568,0.1858378715983439,231.9641622975418,12.892211,77.457385,Bengaluru-Mysuru Expressway,highway,153208378,"{'alt_name': 'Bangalore-Mysore Expressway', 'highway': 'tertiary', 'lanes': '2', 'maxspeed': '60', 'name': 'Bengaluru-Mysuru Expressway', 'name:kn': 'ಬೆಂಗಳೂರು-ಮೈಸೂರು ಹೆದ್ದಾರಿ', 'oneway': 'yes', 'ref': 'NH275;EC34', 'ref:old': 'SH17', 'sidewalk': 'none', 'smoothness': 'good', 'surface': 'asphalt'}",,,False,0,below flyover
2023-11-29 09:19:30,,,643.3277,5,-0.927676047093284,0.766978905213323,0.4791571559047345,13.3625,2.8466,-0.455,-3.3626,0.0,0.0,False,5.993103571790225,-10.188014973635454,206.3579484639431,12.892186,77.457345,Bengaluru-Mysuru Expressway,highway,153208378,"{'alt_name': 'Bangalore-Mysore Expressway', 'highway': 'tertiary', 'lanes': '2', 'maxspeed': '60', 'name': 'Bengaluru-Mysuru Expressway', 'name:kn': 'ಬೆಂಗಳೂರು-ಮೈಸೂರು ಹೆದ್ದಾರಿ', 'oneway': 'yes', 'ref': 'NH275;EC34', 'ref:old': 'SH17', 'sidewalk': 'none', 'smoothness': 'good', 'surface': 'asphalt'}",,,False,0,below flyover
2023-11-29 09:19:31,,,655.1888,5,-0.7627261562988874,0.7569285036450705,0.4670874912983473,12.807,2.8271,-1.2369,-3.5406,0.0,0.0,False,15.81545908323602,9.822355511445796,242.1922862044752,12.89211,77.457223,Bengaluru-Mysuru Expressway,highway,153208378,"{'alt_name': 'Bangalore-Mysore Expressway', 'highway': 'tertiary', 'lanes': '2', 'maxspeed': '60', 'name': 'Bengaluru-Mysuru Expressway', 'name:kn': 'ಬೆಂಗಳೂರು-ಮೈಸೂರು ಹೆದ್ದಾರಿ', 'oneway': 'yes', 'ref': 'NH275;EC34', 'ref:old': 'SH17', 'sidewalk': 'none', 'smoothness': 'good', 'surface': 'asphalt'}",,,False,0,below flyover
2023-11-29 09:19:32,,,646.0464,5,-0.927676047093284,0.7816357408336918,0.6521878677018987,12.2228,2.9488,-2.4991,-3.8757,0.0,0.0,False,18.572032942697103,2.7565738594610867,227.6759387594,12.891985,77.457104,Bengaluru-Mysuru Expressway,highway,153208378,"{'alt_name': 'Bangalore-Mysore Expressway', 'highway': 'tertiary', 'lanes': '2', 'maxspeed': '60', 'name': 'Bengaluru-Mysuru Expressway', 'name:kn': 'ಬೆಂಗಳೂರು-ಮೈಸೂರು ಹೆದ್ದಾರಿ', 'oneway': 'yes', 'ref': 'NH275;EC34', 'ref:old': 'SH17', 'sidewalk': 'none', 'smoothness': 'good', 'surface': 'asphalt'}",,,False,0,below flyover
2023-11-29 09:19:33,,,641.4077,5,-1.5874756102708705,1.8521081995356083,1.5720894253422923,15.8328,4.3004,-2.4322,-5.2156,0.0,0.0,False,16.3819303012481,-2.190102641449005,259.1375281358229,12.891947,77.456962,Bengaluru-Mysuru Expressway,highway,153208378,"{'alt_name': 'Bangalore-Mysore Expressway', 'highway': 'tertiary', 'lanes': '2', 'maxspeed': '60', 'name': 'Bengaluru-Mysuru Expressway', 'name:kn': 'ಬೆಂಗಳೂರು-ಮೈಸೂರು ಹೆದ್ದಾರಿ', 'oneway': 'yes', 'ref': 'NH275;EC34', 'ref:old': 'SH17', 'sidewalk': 'none', 'smoothness': 'good', 'surface': 'asphalt'}",,,False,0,below flyover
2023-11-29 09:19:37,,,626.4646,5,-1.4225257194764738,1.2290879939869424,1.8080755077263715,15.1658,4.0174,-5.1949,-5.5617,0.0,0.0,False,15.171708819875589,-0.302555370343128,236.4705310826089,12.891654,77.45649,Bengaluru-Mysuru Expressway,highway,153208378,"{'alt_name': 'Bangalore-Mysore Expressway', 'highway': 'tertiary', 'lanes': '2', 'maxspeed': '60', 'name': 'Bengaluru-Mysuru Expressway', 'name:kn': 'ಬೆಂಗಳೂರು-ಮೈಸೂರು ಹೆದ್ದಾರಿ', 'oneway': 'yes', 'ref': 'NH275;EC34', 'ref:old': 'SH17', 'sidewalk': 'none', 'smoothness': 'good', 'surface': 'asphalt'}",,,False,0,below flyover
2023-11-29 09:19:38,,,650.1756,5,-1.5874756102708705,2.63007209592817,2.630840404614562,16.1525,3.6403,-5.2082,-7.6604,0.0,0.0,False,19.618392979123183,4.446684159247594,226.94476950145824,12.891561,77.45634,Bengaluru-Mysuru Expressway,highway,153208378,"{'alt_name': 'Bangalore-Mysore Expressway', 'highway': 'tertiary', 'lanes': '2', 'maxspeed': '60', 'name': 'Bengaluru-Mysuru Expressway', 'name:kn': 'ಬೆಂಗಳೂರು-ಮೈಸೂರು ಹೆದ್ದಾರಿ', 'oneway': 'yes', 'ref': 'NH275;EC34', 'ref:old': 'SH17', 'sidewalk': 'none', 'smoothness': 'good', 'surface': 'asphalt'}",,,False,0,below flyover
2023-11-29 09:19:39,,,598.8398,5,-1.4225257194764738,1.8952411729326928,1.351455956337538,14.8633,4.1843,-4.3239,-6.1659,0.0,0.0,False,8.790374923569464,-10.828018055553718,300.7680306085096,12.891541,77.456309,Bengaluru-Mysuru Expressway,highway,153208378,"{'alt_name': 'Bangalore-Mysore Expressway', 'highway': 'tertiary', 'lanes': '2', 'maxspeed': '60', 'name': 'Bengaluru-Mysuru Expressway', 'name:kn': 'ಬೆಂಗಳೂರು-ಮೈಸೂರು ಹೆದ್ದಾರಿ', 'oneway': 'yes', 'ref': 'NH275;EC34', 'ref:old': 'SH17', 'sidewalk': 'none', 'smoothness': 'good', 'surface': 'asphalt'}",,,False,0,below flyover
2023-11-29 09:19:40,,,605.092,5,-1.0926259378876806,0.9637992692582718,0.8343915245999172,13.6833,3.117,-3.0981,-4.9866,0.0,0.0,False,23.23364959866475,14.443274675095289,234.3098628450682,12.891429,77.456129,Bengaluru-Mysuru Expressway,highway,153208378,"{'alt_name': 'Bangalore-Mysore Expressway', 'highway': 'tertiary', 'lanes': '2', 'maxspeed': '60', 'name': 'Bengaluru-Mysuru Expressway', 'name:kn': 'ಬೆಂಗಳೂರು-ಮೈಸೂರು ಹೆದ್ದಾರಿ', 'oneway': 'yes', 'ref': 'NH275;EC34', 'ref:old': 'SH17', 'sidewalk': 'none', 'smoothness': 'good', 'surface': 'asphalt'}",,,False,0,below flyover
2023-11-29 09:19:41,,,621.9272,5,-1.257575828682077,2.2507741284096325,1.4896294767514562,15.9998,4.5917,-5.9872,-7.3806,0.0,0.0,False,26.106617388880096,2.8729677902153448,239.3960512443312,12.891303,77.455926,Bengaluru-Mysuru Expressway,highway,153208378,"{'alt_name': 'Bangalore-Mysore Expressway', 'highway': 'tertiary', 'lanes': '2', 'maxspeed': '60', 'name': 'Bengaluru-Mysuru Expressway', 'name:kn': 'ಬೆಂಗಳೂರು-ಮೈಸೂರು ಹೆದ್ದಾರಿ', 'oneway': 'yes', 'ref': 'NH275;EC34', 'ref:old': 'SH17', 'sidewalk': 'none', 'smoothness': 'good', 'surface': 'asphalt'}",,,False,0,below flyover
2023-11-29 09:19:42,,,594.4346,5,-1.257575828682077,0.9895534232769196,1.321330073479996,13.235,3.4863,-3.2148,-4.5798,0.0,0.0,False,5.070606779496411,-21.036010609383684,15.64309440917549,12.891416,77.455894,Bengaluru-Mysuru Expressway,highway,153208378,"{'alt_name': 'Bangalore-Mysore Expressway', 'highway': 'tertiary', 'lanes': '2', 'maxspeed': '60', 'name': 'Bengaluru-Mysuru Expressway', 'name:kn': 'ಬೆಂಗಳೂರು-ಮೈಸೂರು ಹೆದ್ದಾರಿ', 'oneway': 'yes', 'ref': 'NH275;EC34', 'ref:old': 'SH17', 'sidewalk': 'none', 'smoothness': 'good', 'surface': 'asphalt'}",,,False,0,below flyover
2023-11-29 09:19:44,,,618.8148,5,-1.257575828682077,0.8313642902599416,0.843178240433367,15.1394,2.397,-2.8314,-3.745,0.0,0.0,False,22.518636742885267,8.724014981694427,233.039897614572,12.891101,77.455611,Bengaluru-Mysuru Expressway,highway,675662530,"{'alt_name': 'Bangalore-Mysore Expressway', 'bridge': 'yes', 'highway': 'tertiary', 'lanes': '2', 'layer': '1', 'maxspeed': '60', 'name': 'Bengaluru-Mysuru Expressway', 'name:kn': 'ಬೆಂಗಳೂರು-ಮೈಸೂರು ಹೆದ್ದಾರಿ', 'oneway': 'yes', 'ref': 'NH275;EC34', 'ref:old': 'SH17', 'sidewalk': 'none', 'smoothness': 'good', 'surface': 'asphalt'}",,,True,1,on flyover
2023-11-29 09:19:45,,,577.9307,5,-1.257575828682077,0.9848422975418012,0.7156260248730695,14.7781,3.0316,-3.728,-4.7865,0.0,0.0,False,17.851986034437928,-4.666650708447339,231.12497402221592,12.891009,77.455475,Bengaluru-Mysuru Expressway,highway,675662530,"{'alt_name': 'Bangalore-Mysore Expressway', 'bridge': 'yes', 'highway': 'tertiary', 'lanes': '2', 'layer': '1', 'maxspeed': '60', 'name': 'Bengaluru-Mysuru Expressway', 'name:kn': 'ಬೆಂಗಳೂರು-ಮೈಸೂರು ಹೆದ್ದಾರಿ', 'oneway': 'yes', 'ref': 'NH275;EC34', 'ref:old': 'SH17', 'sidewalk': 'none', 'smoothness': 'good', 'surface': 'asphalt'}",,,True,1,on flyover
2023-11-29 09:19:46,,,581.2187,5,-1.5874756102708705,1.844779781725424,0.8798700208367838,29.9723,3.4841,-5.6641,-9.9702,0.0,0.0,False,18.77896400600781,0.9269779715698868,226.23451024110287,12.890914,77.455335,Bengaluru-Mysuru Expressway,highway,675662530,"{'alt_name': 'Bangalore-Mysore Expressway', 'bridge': 'yes', 'highway': 'tertiary', 'lanes': '2', 'layer': '1', 'maxspeed': '60', 'name': 'Bengaluru-Mysuru Expressway', 'name:kn': 'ಬೆಂಗಳೂರು-ಮೈಸೂರು ಹೆದ್ದಾರಿ', 'oneway': 'yes', 'ref': 'NH275;EC34', 'ref:old': 'SH17', 'sidewalk': 'none', 'smoothness': 'good', 'surface': 'asphalt'}",,,True,1,on flyover
2023-11-29 09:19:50,,,622.3459,5,-0.7627261562988874,0.7437373515867388,0.8708901903696322,11.932,2.1902,2.2725,-3.9322,0.0,0.0,False,16.078505974510353,-0.6751145078743654,237.02718552697195,12.890573,77.454859,Bengaluru-Mysuru Expressway,highway,799836247,"{'access': 'private', 'highway': 'service', 'source': 'digitalglobe'}",,,False,0,below flyover
2023-11-29 09:19:52,,,623.4635,5,-0.5977762655044908,0.3596235666500803,0.4603284791187709,11.4943,2.3274,1.6881,-3.0699,0.0,0.0,False,10.612250750936408,-2.7331276117869727,222.15361285851736,12.89046,77.454705,Bengaluru-Mysuru Expressway,highway,799836247,"{'access': 'private', 'highway': 'service', 'source': 'digitalglobe'}",,,False,0,below flyover
2023-11-29 09:19:53,,,622.4022,5,-0.5977762655044908,0.3710349600973666,0.3623228025149085,12.6242,2.3136,2.9305,-2.538,0.0,0.0,False,17.38543080306302,6.773180052126612,255.15421911985945,12.89046,77.454518,Bengaluru-Mysuru Expressway,highway,799836247,"{'access': 'private', 'highway': 'service', 'source': 'digitalglobe'}",,,False,0,below flyover
2023-11-29 09:19:54,,,648.4071,5,-1.0926259378876806,1.1762186940706134,0.8816080525401038,12.6733,2.8637,-2.0953,-3.0515,0.0,0.0,False,9.878372365603145,-7.507058437459875,213.0474587184348,12.89032,77.454521,Bengaluru-Mysuru Expressway,highway,799836247,"{'access': 'private', 'highway': 'service', 'source': 'digitalglobe'}",,,False,0,below flyover
2023-11-29 09:19:55,,,608.1923,5,-0.927676047093284,0.8505228682494234,0.6952524310174876,13.2321,3.0321,1.6612,-3.4555,0.0,0.0,False,11.496561834168938,1.6181894685657934,250.2997978279968,12.890348,77.454371,Bengaluru-Mysuru Expressway,highway,799836247,"{'access': 'private', 'highway': 'service', 'source': 'digitalglobe'}",,,False,0,below flyover
2023-11-29 09:19:58,,,616.1463,5,-0.927676047093284,0.81618399622456,1.0717294094199117,12.0901,3.1531,-1.7809,-3.7916,0.0,0.0,False,17.565108460966506,2.0228488755991894,230.6266467087034,12.890052,77.453991,Bengaluru-Mysuru Expressway,highway,1163884666,"{'alt_name': 'Bangalore-Mysore Expressway', 'bridge': 'yes', 'highway': 'motorway', 'lanes': '3', 'layer': '2', 'maxspeed': '100', 'name': 'Bengaluru-Mysuru Expressway', 'name:kn': 'ಬೆಂಗಳೂರು-ಮೈಸೂರು ಹೆದ್ದಾರಿ', 'oneway': 'yes', 'ref': 'NH275;EC34', 'ref:old': 'SH17', 'sidewalk': 'none', 'smoothness': 'good', 'start_date': '2023-03-12', 'surface': 'asphalt'}",,,True,2,on flyover
2023-11-29 09:19:59,,,627.5477,5,-1.4225257194764738,1.3484365126099431,1.44675802806957,49.6965,2.0958,11.3587,-10.725,0.0,0.0,False,15.4366145706223,-2.128493890344206,226.03374761792588,12.889966,77.45388,Bengaluru-Mysuru Expressway,highway,1163884666,"{'alt_name': 'Bangalore-Mysore Expressway', 'bridge': 'yes', 'highway': 'motorway', 'lanes': '3', 'layer': '2', 'maxspeed': '100', 'name': 'Bengaluru-Mysuru Expressway', 'name:kn': 'ಬೆಂಗಳೂರು-ಮೈಸೂರು ಹೆದ್ದಾರಿ', 'oneway': 'yes', 'ref': 'NH275;EC34', 'ref:old': 'SH17', 'sidewalk': 'none', 'smoothness': 'good', 'start_date': '2023-03-12', 'surface': 'asphalt'}",,,True,2,on flyover
2023-11-29 09:20:00,,,637.9282,5,-1.5874756102708705,2.002026689595377,1.9165093745501525,49.8363,3.3298,11.7313,-10.2677,0.0,0.0,False,21.74538094686673,6.308766376244432,224.1372331601257,12.889757,77.453796,Bengaluru-Mysuru Expressway,highway,799836249,"{'access': 'private', 'highway': 'service', 'source': 'digitalglobe'}",,,False,0,below flyover
2023-11-29 09:20:01,,,674.001,5,-1.4225257194764738,1.0681768772118967,1.5178242132719766,26.1373,2.9816,6.6563,-6.2751,0.0,0.0,False,16.737367669186067,-5.008013277680664,216.0100296896325,12.889667,77.45368,Bengaluru-Mysuru Expressway,highway,799836249,"{'access': 'private', 'highway': 'service', 'source': 'digitalglobe'}",,,False,0,below flyover
2023-11-29 09:20:03,,,628.5126,5,-1.0926259378876806,0.513729724029955,1.0674808874784638,13.5659,2.8697,2.7618,-2.7047,0.0,0.0,False,12.219567302951992,-2.2589001831170377,251.44125620186333,12.889624,77.453443,Bengaluru-Mysuru Expressway,highway,799836249,"{'access': 'private', 'highway': 'service', 'source': 'digitalglobe'}",,,False,0,below flyover
2023-11-29 09:20:04,,,615.1984,5,-1.0926259378876806,0.4906975537693755,1.5945872801685976,12.7063,2.2963,2.5707,-3.598,0.0,0.0,False,16.553202131239296,4.333634828287304,227.4983239495202,12.889527,77.453325,Bengaluru-Mysuru Expressway,highway,799836249,"{'access': 'private', 'highway': 'service', 'source': 'digitalglobe'}",,,False,0,below flyover
2023-11-29 09:20:05,,,645.7802,5,-1.4225257194764738,1.7140198696551363,1.529314533977257,13.7132,3.7885,-2.718,-4.7159,0.0,0.0,False,21.05978977330568,4.5065876420663855,187.23564184380547,12.889304,77.453332,Bengaluru-Mysuru Expressway,highway,765175972,{'highway': 'service'},,,False,0,below flyover
2023-11-29 09:20:06,,,624.8259,5,-1.0926259378876806,0.8359707243120579,0.8169146502498691,12.4304,2.8415,1.8837,-2.8578,0.0,0.0,False,20.06397557517797,-0.9958141981277108,246.6087491318464,12.889229,77.453166,Bengaluru-Mysuru Expressway,highway,765175972,{'highway': 'service'},,,False,0,below flyover
2023-11-29 09:20:08,,,615.9183,5,-1.4225257194764738,0.94265154929174,1.953877056171527,13.2197,3.0107,1.8442,-3.2128,0.0,0.0,False,11.768597758992165,-4.147688908092904,224.85701245540173,12.889075,77.453017,Bengaluru-Mysuru Expressway,highway,765175972,{'highway': 'service'},,,False,0,below flyover
2023-11-29 09:20:09,,,619.2412,5,-1.257575828682077,0.9318683059424688,1.090751200839578,13.1186,3.1875,-1.3721,-3.1278,0.0,0.0,False,19.090515275306508,7.321917516314345,230.35721798405345,12.888948,77.452903,Bengaluru-Mysuru Expressway,highway,765175971,"{'highway': 'service', 'service': 'parking_aisle'}",,,False,0,below flyover
2023-11-29 09:20:10,,,648.7186,5,-0.927676047093284,0.8792083893921447,0.392255570738748,13.2953,2.7989,2.2507,-1.9346,0.0,0.0,False,20.647675473924483,1.557160198617975,162.3958833463346,12.888794,77.452933,Bengaluru-Mysuru Expressway,highway,765175971,"{'highway': 'service', 'service': 'parking_aisle'}",,,False,0,below flyover
2023-11-29 09:20:11,,,634.9263,5,-0.5977762655044908,0.4587665904535727,0.1828227504887205,11.8349,2.1416,1.3857,-2.6389,0.0,0.0,False,8.791853881583203,-11.85582159234128,225.2534362258725,12.888735,77.452879,Bengaluru-Mysuru Expressway,highway,765175971,"{'highway': 'service', 'service': 'parking_aisle'}",,,False,0,below flyover
2023-11-29 09:20:12,,,664.7228,5,-1.0926259378876806,1.3584869141781957,0.8375779160560036,13.1325,2.2495,-2.6529,-4.9098,0.0,0.0,False,22.87354586116285,14.081691979579649,198.40105834076883,12.888497,77.45277,,unknown,765175971,"{'highway': 'service', 'service': 'parking_aisle'}",,,False,0,below flyover
2023-11-29 09:20:13,,,637.5214,5,-0.4328263747100943,0.5134156489809468,0.2496404137496786,9.8755,2.3764,-1.5009,-2.6279,0.0,0.0,False,9.439980634792736,-13.433565226370114,225.63633358048023,12.888503,77.452762,,unknown,765175971,"{'highway': 'service', 'service': 'parking_aisle'}",,,False,0,below flyover
2023-11-29 09:20:14,,,649.214,5,-1.0926259378876806,0.952806642542996,0.725861100459285,13.5754,2.1624,1.5098,-1.527,0.0,0.0,False,20.280414454267483,10.840433819474748,234.12994893678368,12.888388,77.452581,Bengaluru-Mysuru Expressway,highway,765175971,"{'highway': 'service', 'service': 'parking_aisle'}",,,False,0,below flyover
2023-11-29 09:20:15,,,650.0697,5,-0.5977762655044908,0.5306897766763818,0.2759040039331773,12.1098,2.4186,-2.3938,-3.1198,0.0,0.0,False,12.62236470025113,-7.6580497540163535,226.08386876773736,12.888301,77.452507,Bengaluru-Mysuru Expressway,highway,765175971,"{'highway': 'service', 'service': 'parking_aisle'}",,,False,0,below flyover
2023-11-29 09:20:16,,,650.8307,5,-0.5977762655044908,0.531003851725389,0.2760005612500282,12.1097,2.4189,-2.3937,-3.1209,0.0,0.0,False,12.934401218784815,0.3120365185336879,218.519342389451,12.888211,77.452431,Bengaluru-Mysuru Expressway,highway,765175971,"{'highway': 'service', 'service': 'parking_aisle'}",,,False,0,below flyover
2023-11-29 09:20:17,,,649.0799,5,-0.7627261562988874,0.4810659189331335,0.8022379380885024,12.2363,2.1764,0.493,-3.5577,0.0,0.0,False,11.804362234303026,-1.130038984481791,225.4287997199432,12.88813,77.452363,Bengaluru-Mysuru Expressway,highway,799836240,"{'access': 'private', 'highway': 'residential', 'oneway': 'yes'}",,,False,0,below flyover
2023-11-29 09:20:18,,,648.6279,5,-0.927676047093284,0.8873743406663506,1.4928158682075428,12.6095,-0.9374,2.9617,-4.3328,0.0,0.0,False,12.974388124763475,1.170025890460451,178.98037078218067,12.888062,77.452304,Bengaluru-Mysuru Expressway,highway,799836240,"{'access': 'private', 'highway': 'residential', 'oneway': 'yes'}",,,False,0,below flyover
2023-11-29 09:20:19,,,644.6759,5,-1.257575828682077,0.672756390510954,1.215020467626939,14.0415,2.2716,3.3063,-2.3031,0.0,0.0,False,8.178783148273151,-4.795604976490326,244.52816138722528,12.888007,77.452259,Bengaluru-Mysuru Expressway,highway,799836240,"{'access': 'private', 'highway': 'residential', 'oneway': 'yes'}",,,False,0,below flyover
2023-11-29 09:20:20,,,635.7743,5,-1.4225257194764738,0.9515503423469636,0.9457221109292314,14.5806,3.1368,2.897,-2.5949,0.0,0.0,False,15.110998630638372,6.932215482365221,262.09287687488643,12.88796,77.452162,Bengaluru-Mysuru Expressway,highway,799836240,"{'access': 'private', 'highway': 'residential', 'oneway': 'yes'}",,,False,0,below flyover
2023-11-29 09:20:21,,,658.584,5,-0.927676047093284,0.8172309130545866,0.6527672116030057,12.2853,3.044,-2.688,-3.8183,0.0,0.0,False,12.563748447945724,-2.547250182692647,199.0198215312085,12.887845,77.452136,Bengaluru-Mysuru Expressway,highway,799836240,"{'access': 'private', 'highway': 'residential', 'oneway': 'yes'}",,,False,0,below flyover
2023-11-29 09:20:22,,,650.7778,5,-1.257575828682077,1.018762402834654,1.3442141575737054,12.5372,2.776,-1.0148,-3.7938,0.0,0.0,False,13.10170597828937,0.537957530343645,239.7876699857343,12.887789,77.452028,Bengaluru-Mysuru Expressway,highway,799836240,"{'access': 'private', 'highway': 'residential', 'oneway': 'yes'}",,,False,0,below flyover
2023-11-29 09:20:23,,,654.4468,5,-0.927676047093284,0.8178590631526019,0.6529603262367074,12.2854,3.0445,-2.689,-3.821,0.0,0.0,False,12.874816134371232,-0.226889843918137,177.65451263352634,12.887689,77.452011,Bengaluru-Mysuru Expressway,highway,799836240,"{'access': 'private', 'highway': 'residential', 'oneway': 'yes'}",,,False,0,below flyover
2023-11-29 09:20:24,,,651.8571,5,-0.927676047093284,0.5110077402718863,0.469597981536476,13.6119,2.5731,-2.2374,-4.0887,0.0,0.0,False,6.819451847357918,-6.055364287013315,257.95699985648986,12.88768,77.451944,Bengaluru-Mysuru Expressway,highway,799836240,"{'access': 'private', 'highway': 'residential', 'oneway': 'yes'}",,,False,0,below flyover
2023-11-29 09:20:25,,,630.4957,5,-0.927676047093284,0.4518569393753993,0.5548580923159941,12.8864,2.4761,1.3403,-3.5695,0.0,0.0,False,9.073415489874844,2.2539636425169274,244.990173480318,12.887649,77.451864,Bengaluru-Mysuru Expressway,highway,799836240,"{'access': 'private', 'highway': 'residential', 'oneway': 'yes'}",,,False,0,below flyover
2023-11-29 09:20:26,,,644.1168,5,-0.927676047093284,0.8188012882996262,0.65315344087041,12.2855,3.0453,-2.6905,-3.8251,0.0,0.0,False,17.972221904754687,8.898806414879841,220.35403000841583,12.887521,77.451762,Bengaluru-Mysuru Expressway,highway,799836240,"{'access': 'private', 'highway': 'residential', 'oneway': 'yes'}",,,False,0,below flyover
2023-11-29 09:20:27,,,634.0011,5,-0.4328263747100943,0.4047456820242147,0.2771592490522412,11.7514,2.4149,-2.4128,-3.6131,0.0,0.0,False,6.983351046568695,-10.98887085818599,189.8019315174366,12.887451,77.451762,Bengaluru-Mysuru Expressway,highway,799767680,"{'highway': 'service', 'source': 'digitalglobe'}",,,False,0,below flyover
2023-11-29 09:20:28,,,637.1857,5,-0.7627261562988874,0.6941134938434905,0.4137878523965421,17.5706,2.573,-3.2312,-5.8958,0.0,0.0,False,13.020068122036005,6.036717075467307,227.09677838329569,12.88736,77.451689,Bengaluru-Mysuru Expressway,highway,799767680,"{'highway': 'service', 'source': 'digitalglobe'}",,,False,0,below flyover
2023-11-29 09:20:29,,,638.7768,5,-0.927676047093284,0.5912015694519028,0.4701773254375829,12.651,2.6035,-2.2828,-2.8946,0.0,0.0,False,18.64990223144341,5.629834109407403,230.0731140255129,12.887257,77.451552,Bengaluru-Mysuru Expressway,highway,799767680,"{'highway': 'service', 'source': 'digitalglobe'}",,,False,0,below flyover
2023-11-29 09:20:30,,,637.3772,5,-1.4225257194764738,0.849894718151408,2.2912483212492574,27.8494,1.2973,8.9208,-7.0029,0.0,0.0,False,8.076242963380796,-10.57365926806261,200.023489385972,12.887202,77.451508,Bengaluru-Mysuru Expressway,highway,799767680,"{'highway': 'service', 'source': 'digitalglobe'}",,,False,0,below flyover
2023-11-29 09:20:31,,,648.5912,5,-1.4225257194764738,0.9614960522322136,1.2151170249437897,13.8548,2.7704,0.3107,-1.5527,0.0,0.0,False,7.154613864313248,-0.9216290990675482,197.97641065419563,12.88713,77.451503,Bengaluru-Mysuru Expressway,highway,799767680,"{'highway': 'service', 'source': 'digitalglobe'}",,,False,0,below flyover
2023-11-29 09:20:32,,,637.4975,5,-1.4225257194764738,1.67601678872518,0.9587573487041292,15.1887,3.7572,-4.0706,-5.4655,0.0,0.0,False,12.756256649882587,5.601642785569339,225.2538129508605,12.887064,77.451398,Bengaluru-Mysuru Expressway,highway,799767680,"{'highway': 'service', 'source': 'digitalglobe'}",,,False,0,below flyover
2023-11-29 09:20:33,,,658.7389,5,-1.5874756102708705,1.967792509253517,2.888165654022734,15.2402,4.5697,-5.9581,-6.3714,0.0,0.0,False,13.019608465575882,0.2633518156932943,210.34884359415383,12.886949,77.451357,Bengaluru-Mysuru Expressway,highway,799767680,"{'highway': 'service', 'source': 'digitalglobe'}",,,False,0,below flyover
2023-11-29 09:20:34,,,665.5181,5,-1.0926259378876806,0.7835201911277385,0.6340350921338929,15.7972,2.6175,0.457,-4.3885,0.0,0.0,False,4.906394584242737,-8.113213881333145,249.4246321785556,12.886943,77.451301,Bengaluru-Mysuru Expressway,highway,799767680,"{'highway': 'service', 'source': 'digitalglobe'}",,,False,0,below flyover
2023-11-29 09:20:35,,,655.8141,5,-0.927676047093284,0.414167933494452,0.5670243142392323,12.6696,2.4647,-2.4312,-3.8514,0.0,0.0,False,12.971215797513798,8.064821213271061,231.8432238179344,12.886854,77.45123,Bengaluru-Mysuru Expressway,highway,799767680,"{'highway': 'service', 'source': 'digitalglobe'}",,,False,0,below flyover
2023-11-29 09:20:36,,,663.1543,5,-1.0926259378876806,0.4822175274461626,0.5887497105307289,13.0502,2.3874,-2.7156,-3.5113,0.0,0.0,False,8.981401434159807,-3.9898143633539913,170.7043991192644,12.886787,77.451227,Bengaluru-Mysuru Expressway,highway,799767680,"{'highway': 'service', 'source': 'digitalglobe'}",,,False,0,below flyover
2023-11-29 09:20:37,,,659.9344,5,-1.0926259378876806,0.791581450718941,0.5558236654845046,13.233,2.7476,-3.0613,-4.0236,0.0,0.0,False,9.02194837403499,0.0405469398751829,234.9912895315244,12.88675,77.451147,Bengaluru-Mysuru Expressway,highway,1112997174,"{'highway': 'secondary', 'oneway': 'yes'}",,,False,0,below flyover
2023-11-29 09:20:38,,,642.0542,5,-1.257575828682077,0.68573815920328,0.4118567060595203,14.5341,2.3102,-1.8421,-1.6271,0.0,0.0,False,19.936537416438814,10.914589042403824,226.958898909684,12.88661,77.451036,Bengaluru-Mysuru Expressway,highway,799767681,"{'access': 'private', 'highway': 'service', 'source': 'digitalglobe'}",,,False,0,below flyover
2023-11-29 09:20:39,,,641.2119,5,-1.257575828682077,0.8980528923326183,1.4784288279967297,12.6299,3.4454,-1.9357,-3.8057,0.0,0.0,False,19.66924113250745,-0.2672962839313619,231.1055173155174,12.886474,77.450927,Bengaluru-Mysuru Expressway,highway,799767681,"{'access': 'private', 'highway': 'service', 'source': 'digitalglobe'}",,,False,0,below flyover
2023-11-29 09:20:40,,,636.8089,5,-1.257575828682077,1.0641985932577964,1.4275431220162011,13.8965,3.6272,-3.7277,-4.8057,0.0,0.0,False,5.5659726288782885,-14.103268503629163,229.020759661598,12.886504,77.450805,Bengaluru-Mysuru Expressway,highway,799767681,"{'access': 'private', 'highway': 'service', 'source': 'digitalglobe'}",,,False,0,below flyover
2023-11-29 09:20:41,,,643.8844,5,-1.257575828682077,1.0331051634060149,0.7220953651020924,14.1402,2.484,2.2159,-2.3488,0.0,0.0,False,9.327771788822124,3.761799159943836,206.4188527057943,12.88637,77.450845,Bengaluru-Mysuru Expressway,highway,799767681,"{'access': 'private', 'highway': 'service', 'source': 'digitalglobe'}",,,False,0,below flyover
2023-11-29 09:20:42,,,619.0502,5,-0.927676047093284,0.7113876215389255,0.5186490984968326,12.3468,2.6042,2.0952,-3.6565,0.0,0.0,False,7.178997978210936,-2.148773810611188,218.57260460067369,12.886319,77.450804,Bengaluru-Mysuru Expressway,highway,799767681,"{'access': 'private', 'highway': 'service', 'source': 'digitalglobe'}",,,False,0,below flyover
2023-11-29 09:20:43,,,595.7598,5,-1.0926259378876806,1.0422133398272435,0.686272600550336,18.1588,1.7843,4.1584,-5.4738,0.0,0.0,False,17.560044256149975,10.381046277939038,220.65299705819547,12.886194,77.450704,Bengaluru-Mysuru Expressway,highway,799767681,"{'access': 'private', 'highway': 'service', 'source': 'digitalglobe'}",,,False,0,below flyover
2023-11-29 09:20:44,,,627.1153,5,-0.7627261562988874,0.5457653790287602,0.4948959985514634,11.8902,1.7043,2.1189,-3.0068,0.0,0.0,False,13.490242018295122,-4.069802237854853,197.80613250308087,12.886105,77.450633,Bengaluru-Mysuru Expressway,highway,799767681,"{'access': 'private', 'highway': 'service', 'source': 'digitalglobe'}",,,False,0,below flyover
2023-11-29 09:20:45,,,642.7622,5,-0.927676047093284,0.5321554602384181,1.016788296131638,11.7083,1.8674,2.4145,-2.7983,0.0,0.0,False,23.96315394356048,10.47291192526536,237.69374298225355,12.886014,77.450414,Bengaluru-Mysuru Expressway,highway,799767681,"{'access': 'private', 'highway': 'service', 'source': 'digitalglobe'}",,,False,0,below flyover
2023-11-29 09:20:46,,,623.4166,5,-0.927676047093284,0.4026518483641623,1.095675623998983,12.2943,1.8357,3.6183,-3.174,0.0,0.0,False,11.805891231197956,-12.157262712362526,153.026426038439,12.885908,77.450477,Bengaluru-Mysuru Expressway,highway,1163884666,"{'alt_name': 'Bangalore-Mysore Expressway', 'bridge': 'yes', 'highway': 'motorway', 'lanes': '3', 'layer': '2', 'maxspeed': '100', 'name': 'Bengaluru-Mysuru Expressway', 'name:kn': 'ಬೆಂಗಳೂರು-ಮೈಸೂರು ಹೆದ್ದಾರಿ', 'oneway': 'yes', 'ref': 'NH275;EC34', 'ref:old': 'SH17', 'sidewalk': 'none', 'smoothness': 'good', 'start_date': '2023-03-12', 'surface': 'asphalt'}",,,True,2,on flyover
2023-11-29 09:20:47,,,639.4582,5,-0.5977762655044908,0.3548077492319592,0.3055471002064633,11.3984,2.3394,0.3107,-2.836,0.0,0.0,False,16.514527183337226,4.70863595213927,215.3978317960058,12.885791,77.450383,Bengaluru-Mysuru Expressway,highway,1163884666,"{'alt_name': 'Bangalore-Mysore Expressway', 'bridge': 'yes', 'highway': 'motorway', 'lanes': '3', 'layer': '2', 'maxspeed': '100', 'name': 'Bengaluru-Mysuru Expressway', 'name:kn': 'ಬೆಂಗಳೂರು-ಮೈಸೂರು ಹೆದ್ದಾರಿ', 'oneway': 'yes', 'ref': 'NH275;EC34', 'ref:old': 'SH17', 'sidewalk': 'none', 'smoothness': 'good', 'start_date': '2023-03-12', 'surface': 'asphalt'}",,,True,2,on flyover
2023-11-29 09:20:48,,,628.0773,5,-0.7627261562988874,0.5129968822489364,0.3085403770288472,11.7783,2.3819,0.7628,-2.1026,0.0,0.0,False,18.0209724174272,1.5064452340899734,225.75714791097155,12.885665,77.450282,Bengaluru-Mysuru Expressway,highway,799767681,"{'access': 'private', 'highway': 'service', 'source': 'digitalglobe'}",,,False,0,below flyover
2023-11-29 09:20:49,,,626.5524,5,-1.0926259378876806,0.8413100001451917,0.4723981437251581,19.105,2.6093,-2.2945,-5.5622,0.0,0.0,False,13.839049949080286,-4.181922468346913,218.5136928150513,12.885567,77.450204,Bengaluru-Mysuru Expressway,highway,799767681,"{'access': 'private', 'highway': 'service', 'source': 'digitalglobe'}",,,False,0,below flyover
2023-11-29 09:20:50,,,634.6148,5,-1.4225257194764738,1.673190113284109,1.0439209021667963,19.4923,3.7596,-1.9559,-5.5545,0.0,0.0,False,9.701492333040672,-4.137557616039613,209.2637068436128,12.885498,77.450149,Bengaluru-Mysuru Expressway,highway,799767681,"{'access': 'private', 'highway': 'service', 'source': 'digitalglobe'}",,,False,0,below flyover
2023-11-29 09:20:51,,,592.6182,5,-0.7627261562988874,0.4564633734275155,0.393993602442068,12.7251,2.4452,-0.8863,-3.6391,0.0,0.0,False,6.948342239222296,-2.753150093818376,260.1069838455237,12.885462,77.450121,Bengaluru-Mysuru Expressway,highway,799767681,"{'access': 'private', 'highway': 'service', 'source': 'digitalglobe'}",,,False,0,below flyover
2023-11-29 09:20:52,,,630.9456,5,-1.0926259378876806,0.5248270424282342,1.0724053106378697,13.542,2.8792,2.7371,-2.7818,0.0,0.0,False,15.600115842420395,8.651773603198102,215.19329011878568,12.885351,77.450032,Bengaluru-Mysuru Expressway,highway,1163884666,"{'alt_name': 'Bangalore-Mysore Expressway', 'bridge': 'yes', 'highway': 'motorway', 'lanes': '3', 'layer': '2', 'maxspeed': '100', 'name': 'Bengaluru-Mysuru Expressway', 'name:kn': 'ಬೆಂಗಳೂರು-ಮೈಸೂರು ಹೆದ್ದಾರಿ', 'oneway': 'yes', 'ref': 'NH275;EC34', 'ref:old': 'SH17', 'sidewalk': 'none', 'smoothness': 'good', 'start_date': '2023-03-12', 'surface': 'asphalt'}",,,True,2,on flyover
2023-11-29 09:20:53,,,636.0979,5,-1.257575828682077,0.5767541171975397,1.7148011396482126,13.6409,2.5177,3.4686,-2.9847,0.0,0.0,False,9.529697986239675,-6.07041785618072,213.3607090455056,12.885283,77.449978,Bengaluru-Mysuru Expressway,highway,1163884666,"{'alt_name': 'Bangalore-Mysore Expressway', 'bridge': 'yes', 'highway': 'motorway', 'lanes': '3', 'layer': '2', 'maxspeed': '100', 'name': 'Bengaluru-Mysuru Expressway', 'name:kn': 'ಬೆಂಗಳೂರು-ಮೈಸೂರು ಹೆದ್ದಾರಿ', 'oneway': 'yes', 'ref': 'NH275;EC34', 'ref:old': 'SH17', 'sidewalk': 'none', 'smoothness': 'good', 'start_date': '2023-03-12', 'surface': 'asphalt'}",,,True,2,on flyover
2023-11-29 09:20:54,,,633.0538,5,-0.927676047093284,0.4992822717755918,0.9824138913326482,12.3164,2.2944,-1.3521,-3.6568,0.0,0.0,False,10.329215124486137,0.7995171382464576,216.7456361995008,12.88521,77.44992,Bengaluru-Mysuru Expressway,highway,1163884666,"{'alt_name': 'Bangalore-Mysore Expressway', 'bridge': 'yes', 'highway': 'motorway', 'lanes': '3', 'layer': '2', 'maxspeed': '100', 'name': 'Bengaluru-Mysuru Expressway', 'name:kn': 'ಬೆಂಗಳೂರು-ಮೈಸೂರು ಹೆದ್ದಾರಿ', 'oneway': 'yes', 'ref': 'NH275;EC34', 'ref:old': 'SH17', 'sidewalk': 'none', 'smoothness': 'good', 'start_date': '2023-03-12', 'surface': 'asphalt'}",,,True,2,on flyover
2023-11-29 09:20:55,,,637.5098,5,-1.0926259378876806,0.653807195887477,1.1442439543750849,12.4888,2.1881,0.8009,-3.5488,0.0,0.0,False,9.11572101137872,-1.213494113107414,234.0729108729206,12.885148,77.44987,Bengaluru-Mysuru Expressway,highway,1163884666,"{'alt_name': 'Bangalore-Mysore Expressway', 'bridge': 'yes', 'highway': 'motorway', 'lanes': '3', 'layer': '2', 'maxspeed': '100', 'name': 'Bengaluru-Mysuru Expressway', 'name:kn': 'ಬೆಂಗಳೂರು-ಮೈಸೂರು ಹೆದ್ದಾರಿ', 'oneway': 'yes', 'ref': 'NH275;EC34', 'ref:old': 'SH17', 'sidewalk': 'none', 'smoothness': 'good', 'start_date': '2023-03-12', 'surface': 'asphalt'}",,,True,2,on flyover
2023-11-29 09:20:56,,,645.9774,5,-0.7627261562988874,0.5050403143407363,0.5796733227467256,10.1762,2.7251,1.2368,-2.5953,0.0,0.0,False,10.199093249859722,1.083372238481001,159.6089816260477,12.885088,77.44987,Bengaluru-Mysuru Expressway,highway,1163884666,"{'alt_name': 'Bangalore-Mysore Expressway', 'bridge': 'yes', 'highway': 'motorway', 'lanes': '3', 'layer': '2', 'maxspeed': '100', 'name': 'Bengaluru-Mysuru Expressway', 'name:kn': 'ಬೆಂಗಳೂರು-ಮೈಸೂರು ಹೆದ್ದಾರಿ', 'oneway': 'yes', 'ref': 'NH275;EC34', 'ref:old': 'SH17', 'sidewalk': 'none', 'smoothness': 'good', 'start_date': '2023-03-12', 'surface': 'asphalt'}",,,True,2,on flyover
2023-11-29 09:20:57,,,641.2517,5,-0.4328263747100943,0.3506200819118534,0.3017813648492708,9.3296,2.3304,1.2265,-2.5624,0.0,0.0,False,8.723033845070063,-1.476059404789659,164.67863351372466,12.885029,77.449867,Bengaluru-Mysuru Expressway,highway,1163884666,"{'alt_name': 'Bangalore-Mysore Expressway', 'bridge': 'yes', 'highway': 'motorway', 'lanes': '3', 'layer': '2', 'maxspeed': '100', 'name': 'Bengaluru-Mysuru Expressway', 'name:kn': 'ಬೆಂಗಳೂರು-ಮೈಸೂರು ಹೆದ್ದಾರಿ', 'oneway': 'yes', 'ref': 'NH275;EC34', 'ref:old': 'SH17', 'sidewalk': 'none', 'smoothness': 'good', 'start_date': '2023-03-12', 'surface': 'asphalt'}",,,True,2,on flyover
2023-11-29 09:20:58,,,655.8559,5,-0.7627261562988874,0.5905734193538875,0.4126291645943291,10.4004,2.5565,2.4017,0.1069,0.0,0.0,False,5.0247000797474,-3.698333765322663,244.4691338718277,12.884998,77.449843,Bengaluru-Mysuru Expressway,highway,1163884666,"{'alt_name': 'Bangalore-Mysore Expressway', 'bridge': 'yes', 'highway': 'motorway', 'lanes': '3', 'layer': '2', 'maxspeed': '100', 'name': 'Bengaluru-Mysuru Expressway', 'name:kn': 'ಬೆಂಗಳೂರು-ಮೈಸೂರು ಹೆದ್ದಾರಿ', 'oneway': 'yes', 'ref': 'NH275;EC34', 'ref:old': 'SH17', 'sidewalk': 'none', 'smoothness': 'good', 'start_date': '2023-03-12', 'surface': 'asphalt'}",,,True,2,on flyover
2023-11-29 09:21:01,,,670.3907,5,-0.7627261562988874,0.7672929802623312,0.6922591541951038,10.1951,1.5909,2.8419,-2.86,0.0,0.0,False,3.274162593396626,-0.583512495450258,168.80195466512407,12.88495,77.449806,Bengaluru-Mysuru Expressway,highway,1163884666,"{'alt_name': 'Bangalore-Mysore Expressway', 'bridge': 'yes', 'highway': 'motorway', 'lanes': '3', 'layer': '2', 'maxspeed': '100', 'name': 'Bengaluru-Mysuru Expressway', 'name:kn': 'ಬೆಂಗಳೂರು-ಮೈಸೂರು ಹೆದ್ದಾರಿ', 'oneway': 'yes', 'ref': 'NH275;EC34', 'ref:old': 'SH17', 'sidewalk': 'none', 'smoothness': 'good', 'start_date': '2023-03-12', 'surface': 'asphalt'}",,,True,2,on flyover
2023-11-29 09:21:02,,,673.6385,5,-0.927676047093284,0.9439078494877714,2.0906987741495304,11.1136,-1.7497,5.1934,-3.6221,0.0,0.0,False,4.338627372469619,1.0644647790729933,124.3519532948207,12.884951,77.449807,Bengaluru-Mysuru Expressway,highway,1163884666,"{'alt_name': 'Bangalore-Mysore Expressway', 'bridge': 'yes', 'highway': 'motorway', 'lanes': '3', 'layer': '2', 'maxspeed': '100', 'name': 'Bengaluru-Mysuru Expressway', 'name:kn': 'ಬೆಂಗಳೂರು-ಮೈಸೂರು ಹೆದ್ದಾರಿ', 'oneway': 'yes', 'ref': 'NH275;EC34', 'ref:old': 'SH17', 'sidewalk': 'none', 'smoothness': 'good', 'start_date': '2023-03-12', 'surface': 'asphalt'}",,,True,2,on flyover
2023-11-29 09:21:03,,,670.8517,5,-0.5977762655044908,0.4056879071712381,0.5711762788638292,9.7693,2.7367,2.8948,-2.126,0.0,0.0,False,6.001538740301895,1.6629113678322751,180.371507023698,12.884916,77.44978,Bengaluru-Mysuru Expressway,highway,1163884666,"{'alt_name': 'Bangalore-Mysore Expressway', 'bridge': 'yes', 'highway': 'motorway', 'lanes': '3', 'layer': '2', 'maxspeed': '100', 'name': 'Bengaluru-Mysuru Expressway', 'name:kn': 'ಬೆಂಗಳೂರು-ಮೈಸೂರು ಹೆದ್ದಾರಿ', 'oneway': 'yes', 'ref': 'NH275;EC34', 'ref:old': 'SH17', 'sidewalk': 'none', 'smoothness': 'good', 'start_date': '2023-03-12', 'surface': 'asphalt'}",,,True,2,on flyover
2023-11-29 09:21:04,,,667.3789,5,-0.5977762655044908,0.507238839683792,0.4233470267648006,9.9294,2.3678,2.4522,-1.6437,0.0,0.0,False,15.431864456561106,9.430325716259212,276.4740138448639,12.88486,77.449738,Bengaluru-Mysuru Expressway,highway,1163884666,"{'alt_name': 'Bangalore-Mysore Expressway', 'bridge': 'yes', 'highway': 'motorway', 'lanes': '3', 'layer': '2', 'maxspeed': '100', 'name': 'Bengaluru-Mysuru Expressway', 'name:kn': 'ಬೆಂಗಳೂರು-ಮೈಸೂರು ಹೆದ್ದಾರಿ', 'oneway': 'yes', 'ref': 'NH275;EC34', 'ref:old': 'SH17', 'sidewalk': 'none', 'smoothness': 'good', 'start_date': '2023-03-12', 'surface': 'asphalt'}",,,True,2,on flyover
2023-11-29 09:21:05,,,665.1805,5,-0.7627261562988874,0.5203253000591213,0.7171709419426868,9.9297,2.493,2.4903,-1.6318,0.0,0.0,False,8.872220557041642,-6.559643899519465,271.46577852906296,12.884847,77.449678,Bengaluru-Mysuru Expressway,highway,1163884666,"{'alt_name': 'Bangalore-Mysore Expressway', 'bridge': 'yes', 'highway': 'motorway', 'lanes': '3', 'layer': '2', 'maxspeed': '100', 'name': 'Bengaluru-Mysuru Expressway', 'name:kn': 'ಬೆಂಗಳೂರು-ಮೈಸೂರು ಹೆದ್ದಾರಿ', 'oneway': 'yes', 'ref': 'NH275;EC34', 'ref:old': 'SH17', 'sidewalk': 'none', 'smoothness': 'good', 'start_date': '2023-03-12', 'surface': 'asphalt'}",,,True,2,on flyover
2023-11-29 09:21:06,,,682.1304,5,-0.7627261562988874,0.6724423154619459,0.2258873138043094,10.015,2.2153,-1.7578,-3.3356,0.0,0.0,False,5.941117002154801,-2.9311035548868407,124.83123520548008,12.884825,77.449711,Bengaluru-Mysuru Expressway,highway,1163884666,"{'alt_name': 'Bangalore-Mysore Expressway', 'bridge': 'yes', 'highway': 'motorway', 'lanes': '3', 'layer': '2', 'maxspeed': '100', 'name': 'Bengaluru-Mysuru Expressway', 'name:kn': 'ಬೆಂಗಳೂರು-ಮೈಸೂರು ಹೆದ್ದಾರಿ', 'oneway': 'yes', 'ref': 'NH275;EC34', 'ref:old': 'SH17', 'sidewalk': 'none', 'smoothness': 'good', 'start_date': '2023-03-12', 'surface': 'asphalt'}",,,True,2,on flyover
2023-11-29 09:21:07,,,661.5484,5,-0.4328263747100943,0.505249697706742,0.2004927394724711,9.6753,2.3207,1.661,-1.7436,0.0,0.0,False,16.099713251447657,10.158596249292856,231.6251895990712,12.884737,77.449591,Bengaluru-Mysuru Expressway,highway,1163884666,"{'alt_name': 'Bangalore-Mysore Expressway', 'bridge': 'yes', 'highway': 'motorway', 'lanes': '3', 'layer': '2', 'maxspeed': '100', 'name': 'Bengaluru-Mysuru Expressway', 'name:kn': 'ಬೆಂಗಳೂರು-ಮೈಸೂರು ಹೆದ್ದಾರಿ', 'oneway': 'yes', 'ref': 'NH275;EC34', 'ref:old': 'SH17', 'sidewalk': 'none', 'smoothness': 'good', 'start_date': '2023-03-12', 'surface': 'asphalt'}",,,True,2,on flyover
2023-11-29 09:21:08,,,649.563,5,-1.257575828682077,1.5811661239247956,0.9568262023671074,12.516,2.9436,1.2166,-3.5531,0.0,0.0,False,8.520361684442797,-7.57935156700486,232.0079200318084,12.884679,77.449544,Bengaluru-Mysuru Expressway,highway,1163884666,"{'alt_name': 'Bangalore-Mysore Expressway', 'bridge': 'yes', 'highway': 'motorway', 'lanes': '3', 'layer': '2', 'maxspeed': '100', 'name': 'Bengaluru-Mysuru Expressway', 'name:kn': 'ಬೆಂಗಳೂರು-ಮೈಸೂರು ಹೆದ್ದಾರಿ', 'oneway': 'yes', 'ref': 'NH275;EC34', 'ref:old': 'SH17', 'sidewalk': 'none', 'smoothness': 'good', 'start_date': '2023-03-12', 'surface': 'asphalt'}",,,True,2,on flyover
2023-11-29 09:21:09,,,646.2214,5,-0.7627261562988874,0.8064476697053156,0.4026837609586661,10.2018,2.6662,1.6871,-2.6134,0.0,0.0,False,12.308133264717735,3.78777158027494,238.0735953932775,12.88462,77.449449,Bengaluru-Mysuru Expressway,highway,1163884666,"{'alt_name': 'Bangalore-Mysore Expressway', 'bridge': 'yes', 'highway': 'motorway', 'lanes': '3', 'layer': '2', 'maxspeed': '100', 'name': 'Bengaluru-Mysuru Expressway', 'name:kn': 'ಬೆಂಗಳೂರು-ಮೈಸೂರು ಹೆದ್ದಾರಿ', 'oneway': 'yes', 'ref': 'NH275;EC34', 'ref:old': 'SH17', 'sidewalk': 'none', 'smoothness': 'good', 'start_date': '2023-03-12', 'surface': 'asphalt'}",,,True,2,on flyover
2023-11-29 09:21:10,,,646.8993,5,-1.257575828682077,1.1157069012950915,1.4120939513200257,10.6278,2.7666,-1.1977,-3.0468,0.0,0.0,False,11.491944844207636,-0.8161884205101018,192.6369299130545,12.884523,77.44942,Bengaluru-Mysuru Expressway,highway,1163884666,"{'alt_name': 'Bangalore-Mysore Expressway', 'bridge': 'yes', 'highway': 'motorway', 'lanes': '3', 'layer': '2', 'maxspeed': '100', 'name': 'Bengaluru-Mysuru Expressway', 'name:kn': 'ಬೆಂಗಳೂರು-ಮೈಸೂರು ಹೆದ್ದಾರಿ', 'oneway': 'yes', 'ref': 'NH275;EC34', 'ref:old': 'SH17', 'sidewalk': 'none', 'smoothness': 'good', 'start_date': '2023-03-12', 'surface': 'asphalt'}",,,True,2,on flyover
2023-11-29 09:21:11,,,649.7497,5,-0.5977762655044908,0.512892190565934,0.3062230014244211,9.7064,2.3768,1.4048,-1.8014,0.0,0.0,False,10.42021092339698,-1.0717339208106544,240.94763350501503,12.884478,77.449336,Bengaluru-Mysuru Expressway,highway,1163884666,"{'alt_name': 'Bangalore-Mysore Expressway', 'bridge': 'yes', 'highway': 'motorway', 'lanes': '3', 'layer': '2', 'maxspeed': '100', 'name': 'Bengaluru-Mysuru Expressway', 'name:kn': 'ಬೆಂಗಳೂರು-ಮೈಸೂರು ಹೆದ್ದಾರಿ', 'oneway': 'yes', 'ref': 'NH275;EC34', 'ref:old': 'SH17', 'sidewalk': 'none', 'smoothness': 'good', 'start_date': '2023-03-12', 'surface': 'asphalt'}",,,True,2,on flyover
2023-11-29 09:21:12,,,652.6253,5,-1.0926259378876806,0.8406818500471765,1.0276992729358123,11.8708,2.5495,1.5592,-2.6125,0.0,0.0,False,12.90413333407244,2.483922410675458,201.10952018863748,12.884367,77.449296,Bengaluru-Mysuru Expressway,highway,1163884666,"{'alt_name': 'Bangalore-Mysore Expressway', 'bridge': 'yes', 'highway': 'motorway', 'lanes': '3', 'layer': '2', 'maxspeed': '100', 'name': 'Bengaluru-Mysuru Expressway', 'name:kn': 'ಬೆಂಗಳೂರು-ಮೈಸೂರು ಹೆದ್ದಾರಿ', 'oneway': 'yes', 'ref': 'NH275;EC34', 'ref:old': 'SH17', 'sidewalk': 'none', 'smoothness': 'good', 'start_date': '2023-03-12', 'surface': 'asphalt'}",,,True,2,on flyover
2023-11-29 09:21:13,,,637.8017,5,-0.5977762655044908,0.5084951398798234,0.4243125999333119,9.9268,2.3692,2.4533,-1.6421,0.0,0.0,False,20.438616742171707,7.534483408099268,252.21590297239183,12.884339,77.449079,Bengaluru-Mysuru Expressway,highway,1163884666,"{'alt_name': 'Bangalore-Mysore Expressway', 'bridge': 'yes', 'highway': 'motorway', 'lanes': '3', 'layer': '2', 'maxspeed': '100', 'name': 'Bengaluru-Mysuru Expressway', 'name:kn': 'ಬೆಂಗಳೂರು-ಮೈಸೂರು ಹೆದ್ದಾರಿ', 'oneway': 'yes', 'ref': 'NH275;EC34', 'ref:old': 'SH17', 'sidewalk': 'none', 'smoothness': 'good', 'start_date': '2023-03-12', 'surface': 'asphalt'}",,,True,2,on flyover
2023-11-29 09:21:14,,,645.8748,5,-0.5977762655044908,0.5085998315628258,0.4245057145670145,9.9265,2.3693,2.4534,-1.6419,0.0,0.0,False,14.655066641961335,-5.783550100210372,169.87830708242234,12.884177,77.449146,Bengaluru-Mysuru Expressway,highway,1163884666,"{'alt_name': 'Bangalore-Mysore Expressway', 'bridge': 'yes', 'highway': 'motorway', 'lanes': '3', 'layer': '2', 'maxspeed': '100', 'name': 'Bengaluru-Mysuru Expressway', 'name:kn': 'ಬೆಂಗಳೂರು-ಮೈಸೂರು ಹೆದ್ದಾರಿ', 'oneway': 'yes', 'ref': 'NH275;EC34', 'ref:old': 'SH17', 'sidewalk': 'none', 'smoothness': 'good', 'start_date': '2023-03-12', 'surface': 'asphalt'}",,,True,2,on flyover
2023-11-29 09:21:15,,,646.5769,5,-0.7627261562988874,0.7235318567672305,0.4090565438708391,11.7045,1.8408,1.1644,-1.9327,0.0,0.0,False,13.34335784987831,-1.3117087920830262,216.8458349087184,12.884081,77.449072,Bengaluru-Mysuru Expressway,highway,1163884666,"{'alt_name': 'Bangalore-Mysore Expressway', 'bridge': 'yes', 'highway': 'motorway', 'lanes': '3', 'layer': '2', 'maxspeed': '100', 'name': 'Bengaluru-Mysuru Expressway', 'name:kn': 'ಬೆಂಗಳೂರು-ಮೈಸೂರು ಹೆದ್ದಾರಿ', 'oneway': 'yes', 'ref': 'NH275;EC34', 'ref:old': 'SH17', 'sidewalk': 'none', 'smoothness': 'good', 'start_date': '2023-03-12', 'surface': 'asphalt'}",,,True,2,on flyover
2023-11-29 09:21:16,,,647.0343,5,-0.927676047093284,0.5424152451726764,0.3209962709026387,12.9941,2.3555,1.4921,-2.6981,0.0,0.0,False,16.42716511022532,3.083807260347012,220.50006399805864,12.883964,77.448982,Bengaluru-Mysuru Expressway,highway,799752139,"{'highway': 'service', 'source': 'digitalglobe'}",,,False,0,below flyover
2023-11-29 09:21:17,,,644.3478,5,-1.257575828682077,1.0483901491243988,0.7928718783539465,13.7348,3.2563,-1.1143,-2.4952,0.0,0.0,False,16.71768715289404,0.2905220426687194,220.40651702565512,12.883866,77.448857,Bengaluru-Mysuru Expressway,highway,799752139,"{'highway': 'service', 'source': 'digitalglobe'}",,,False,0,below flyover
2023-11-29 09:21:18,,,636.1323,5,-1.0926259378876806,0.6467928531263012,0.4763569937160524,14.1652,2.6053,-2.1716,-3.6018,0.0,0.0,False,17.823718560331535,1.106031407437495,213.888977486824,12.883734,77.448763,Bengaluru-Mysuru Expressway,highway,799752139,"{'highway': 'service', 'source': 'digitalglobe'}",,,False,0,below flyover
2023-11-29 09:21:19,,,643.3623,5,-0.7627261562988874,0.5778010340275664,0.5488715386712256,10.3305,2.5534,1.6857,-2.2412,0.0,0.0,False,19.70336968443532,1.879651124103784,204.67958401318327,12.883561,77.448706,Bengaluru-Mysuru Expressway,highway,799752139,"{'highway': 'service', 'source': 'digitalglobe'}",,,False,0,below flyover
2023-11-29 09:21:20,,,645.858,5,-1.257575828682077,1.068595643943907,1.71103540429102,12.7433,-0.8357,0.5468,-3.3525,0.0,0.0,False,22.02116431794597,2.3177946335106547,215.69947066671435,12.883392,77.448603,Bengaluru-Mysuru Expressway,highway,799836237,"{'highway': 'residential', 'source': 'digitalglobe'}",,,False,0,below flyover
2023-11-29 09:21:21,,,657.8771,5,-1.0926259378876806,0.6593558550866166,0.995352571790695,11.0157,2.2213,1.7611,-2.9689,0.0,0.0,False,21.52548069273553,-0.495683625210443,212.05969540502736,12.883253,77.448452,Bengaluru-Mysuru Expressway,highway,799836237,"{'highway': 'residential', 'source': 'digitalglobe'}",,,False,0,below flyover
2023-11-29 09:21:22,,,650.499,5,-1.4225257194764738,1.123558777520289,1.457862119507446,11.6553,2.7947,1.1187,-1.589,0.0,0.0,False,18.33517497303759,-3.1903057196979425,209.1144493143977,12.883085,77.448412,Bengaluru-Mysuru Expressway,highway,799836237,"{'highway': 'residential', 'source': 'digitalglobe'}",,,False,0,below flyover
2023-11-29 09:21:23,,,640.9829,5,-1.0926259378876806,0.6594605467696191,0.9960284730086528,11.0148,2.2219,1.7607,-2.9683,0.0,0.0,False,17.913202486626727,-0.421972486410862,203.24801012400823,12.882948,77.448328,Bengaluru-Mysuru Expressway,highway,799836237,"{'highway': 'residential', 'source': 'digitalglobe'}",,,False,0,below flyover
2023-11-29 09:21:24,,,640.9474,5,-0.927676047093284,1.0522637413954965,1.461338182914085,10.2127,-0.9162,2.2038,-2.8409,0.0,0.0,False,20.559578461593645,2.6463759749669187,209.0002179112544,12.882791,77.44823,Bengaluru-Mysuru Expressway,highway,1163884666,"{'alt_name': 'Bangalore-Mysore Expressway', 'bridge': 'yes', 'highway': 'motorway', 'lanes': '3', 'layer': '2', 'maxspeed': '100', 'name': 'Bengaluru-Mysuru Expressway', 'name:kn': 'ಬೆಂಗಳೂರು-ಮೈಸೂರು ಹೆದ್ದಾರಿ', 'oneway': 'yes', 'ref': 'NH275;EC34', 'ref:old': 'SH17', 'sidewalk': 'none', 'smoothness': 'good', 'start_date': '2023-03-12', 'surface': 'asphalt'}",,,True,2,on flyover
2023-11-29 09:21:25,,,645.8727,5,-0.7627261562988874,0.5910968777689004,0.3447493708480088,12.5136,2.5369,-1.8148,-2.8651,0.0,0.0,False,20.3456479651872,-0.2139304964064514,220.72208274984183,12.882658,77.448096,Bengaluru-Mysuru Expressway,highway,1163884666,"{'alt_name': 'Bangalore-Mysore Expressway', 'bridge': 'yes', 'highway': 'motorway', 'lanes': '3', 'layer': '2', 'maxspeed': '100', 'name': 'Bengaluru-Mysuru Expressway', 'name:kn': 'ಬೆಂಗಳೂರು-ಮೈಸೂರು ಹೆದ್ದಾರಿ', 'oneway': 'yes', 'ref': 'NH275;EC34', 'ref:old': 'SH17', 'sidewalk': 'none', 'smoothness': 'good', 'start_date': '2023-03-12', 'surface': 'asphalt'}",,,True,2,on flyover
2023-11-29 09:21:26,,,644.818,5,-0.927676047093284,0.82414056413276,0.5198077862990464,12.5133,2.1075,-1.8109,-2.8695,0.0,0.0,False,18.02723763172064,-2.318410333466556,217.2383952410377,12.882519,77.448013,Bengaluru-Mysuru Expressway,highway,1163884666,"{'alt_name': 'Bangalore-Mysore Expressway', 'bridge': 'yes', 'highway': 'motorway', 'lanes': '3', 'layer': '2', 'maxspeed': '100', 'name': 'Bengaluru-Mysuru Expressway', 'name:kn': 'ಬೆಂಗಳೂರು-ಮೈಸೂರು ಹೆದ್ದಾರಿ', 'oneway': 'yes', 'ref': 'NH275;EC34', 'ref:old': 'SH17', 'sidewalk': 'none', 'smoothness': 'good', 'start_date': '2023-03-12', 'surface': 'asphalt'}",,,True,2,on flyover
2023-11-29 09:21:27,,,652.0661,5,-1.0926259378876806,0.7984911017971154,0.7637115686649147,10.9466,1.5846,3.3019,-2.6237,0.0,0.0,False,19.111954784877145,1.0847171531565074,216.34182325611363,12.882371,77.447924,Bengaluru-Mysuru Expressway,highway,1163884666,"{'alt_name': 'Bangalore-Mysore Expressway', 'bridge': 'yes', 'highway': 'motorway', 'lanes': '3', 'layer': '2', 'maxspeed': '100', 'name': 'Bengaluru-Mysuru Expressway', 'name:kn': 'ಬೆಂಗಳೂರು-ಮೈಸೂರು ಹೆದ್ದಾರಿ', 'oneway': 'yes', 'ref': 'NH275;EC34', 'ref:old': 'SH17', 'sidewalk': 'none', 'smoothness': 'good', 'start_date': '2023-03-12', 'surface': 'asphalt'}",,,True,2,on flyover
2023-11-29 09:21:28,,,654.004,5,-0.5977762655044908,0.5150907159089897,0.3079610331277411,9.7017,2.3786,1.4081,-1.7988,0.0,0.0,False,19.60818511180884,0.4962303269316912,206.03328472394395,12.88222,77.447833,Bengaluru-Mysuru Expressway,highway,662043000,{'highway': 'residential'},,,False,0,below flyover
2023-11-29 09:21:29,,,642.0377,5,-0.927676047093284,0.5874326688638084,0.3515083830275852,11.1856,2.2624,2.3538,-2.7936,0.0,0.0,False,17.995470960434737,-1.6127141513740997,224.963027081172,12.882085,77.447752,Bengaluru-Mysuru Expressway,highway,662043000,{'highway': 'residential'},,,False,0,below flyover
2023-11-29 09:21:30,,,638.2746,5,-0.5977762655044908,0.5127874988829316,0.2772558063690921,10.0168,2.2859,2.2279,-1.8897,0.0,0.0,False,16.482277762728028,-1.513193197706709,204.83192981834145,12.881957,77.447675,Bengaluru-Mysuru Expressway,highway,662043000,{'highway': 'residential'},,,False,0,below flyover
2023-11-29 09:21:31,,,635.3277,5,-0.5977762655044908,0.512892190565934,0.2773523636859438,10.0165,2.286,2.228,-1.8896,0.0,0.0,False,19.709004076807904,3.226726314079876,207.50862142684457,12.881805,77.447584,Bengaluru-Mysuru Expressway,highway,662043000,{'highway': 'residential'},,,False,0,below flyover
2023-11-29 09:21:32,,,638.6017,5,-0.7627261562988874,0.5338305271664601,0.320803156268937,10.3654,2.3483,1.8022,-2.1828,0.0,0.0,False,17.948234899305778,-1.7607691775021266,216.72049439783285,12.881666,77.4475,Bengaluru-Mysuru Expressway,highway,662043000,{'highway': 'residential'},,,False,0,below flyover
2023-11-29 09:21:33,,,643.2863,5,-1.0926259378876806,0.7587082622561148,0.5481956374532686,12.989,1.845,1.3518,-2.6518,0.0,0.0,False,18.58449662218824,0.6362617228824625,204.44938764773,12.881522,77.447414,Bengaluru-Mysuru Expressway,highway,662043000,{'highway': 'residential'},,,False,0,below flyover
2023-11-29 09:21:34,,,641.5255,5,-0.927676047093284,0.5460794540777683,0.3228308599228096,12.986,2.358,1.4878,-2.7232,0.0,0.0,False,19.12329463645712,0.5387980142688811,216.7770458594211,12.881375,77.447326,Bengaluru-Mysuru Expressway,highway,662043000,{'highway': 'residential'},,,False,0,below flyover
2023-11-29 09:21:35,,,630.1695,5,-0.7627261562988874,0.5606315980151347,0.3160718477432332,10.7608,2.1955,2.7104,-2.4945,0.0,0.0,False,15.365262953279808,-3.758031683177313,204.34687434307733,12.881257,77.447255,Bengaluru-Mysuru Expressway,highway,662043000,{'highway': 'residential'},,,False,0,below flyover
2023-11-29 09:21:36,,,636.0341,5,-0.927676047093284,0.4459942051272516,0.418422603605395,11.2972,2.6583,2.4292,1.3346,0.0,0.0,False,23.920073826636845,8.554810873357036,189.49544046831863,12.881056,77.447196,Bengaluru-Mysuru Expressway,highway,798117112,"{'highway': 'residential', 'source': 'digitalglobe'}",,,False,0,below flyover
2023-11-29 09:21:37,,,634.5769,5,-0.927676047093284,0.7510657693969228,0.5448161313634796,10.3638,1.8314,1.8053,-2.1838,0.0,0.0,False,14.678356933740032,-9.241716892896813,225.40254646708027,12.880973,77.447084,Bengaluru-Mysuru Expressway,highway,662043000,{'highway': 'residential'},,,False,0,below flyover
2023-11-29 09:21:38,,,641.0049,5,-1.0926259378876806,0.3843308038387016,2.1797246202862404,10.4302,2.5141,2.4683,-2.1358,0.0,0.0,False,23.529560653083266,8.851203719343234,175.41077146067948,12.880769,77.447089,Bengaluru-Mysuru Expressway,highway,798117111,"{'highway': 'residential', 'source': 'digitalglobe'}",,,False,0,below flyover
2023-11-29 09:21:39,,,639.2257,5,-1.0926259378876806,0.7770293067815756,1.1993781822970608,10.3708,2.1681,1.4849,-2.2294,0.0,0.0,False,20.96217172125945,-2.5673889318238103,243.8577614680263,12.88066,77.446962,Bengaluru-Mysuru Expressway,highway,798117111,"{'highway': 'residential', 'source': 'digitalglobe'}",,,False,0,below flyover
2023-11-29 09:21:40,,,654.7243,5,-1.257575828682077,1.0376069057751276,0.8183630100026357,12.5109,2.2798,2.661,-2.5458,0.0,0.0,False,15.763962821790972,-5.198208899468483,208.1874033774017,12.880539,77.44689,Bengaluru-Mysuru Expressway,highway,798117111,"{'highway': 'residential', 'source': 'digitalglobe'}",,,False,0,below flyover
2023-11-29 09:21:41,,,631.4431,5,-1.257575828682077,1.182918961782781,0.9328799877880356,10.8298,2.5701,1.2134,-3.3174,0.0,0.0,False,18.86307839600164,3.0991155742106606,222.43474896675403,12.880422,77.446754,Bengaluru-Mysuru Expressway,highway,798117111,"{'highway': 'residential', 'source': 'digitalglobe'}",,,False,0,below flyover
2023-11-29 09:21:42,,,635.0172,5,-1.257575828682077,1.0746677615580595,0.7116671748821742,11.6272,2.3721,1.7478,-1.4386,0.0,0.0,False,19.834961887181407,0.9718834911797742,200.35984168853244,12.880245,77.446707,Bengaluru-Mysuru Expressway,highway,798117110,"{'highway': 'residential', 'source': 'digitalglobe', 'surface': 'unpaved'}",,,False,0,below flyover
2023-11-29 09:21:43,,,650.034,5,-1.4225257194764738,1.0554044918855754,0.6899417785906776,14.757,2.0213,-2.5187,-2.8365,0.0,0.0,False,22.29140595768881,2.456444070507402,214.54124478553248,12.8801,77.446556,Bengaluru-Mysuru Expressway,highway,798117109,"{'highway': 'residential', 'source': 'digitalglobe'}",,,False,0,below flyover
2023-11-29 09:21:44,,,634.4466,5,-0.927676047093284,0.6167463401045451,0.4582042181480465,10.8948,2.5581,-0.7881,-2.7839,0.0,0.0,False,14.783762026467556,-7.507643931221253,238.1866520487588,12.879998,77.446493,Bengaluru-Mysuru Expressway,highway,798117103,"{'highway': 'residential', 'source': 'digitalglobe'}",,,False,0,below flyover
2023-11-29 09:21:45,,,633.5194,5,-1.0926259378876806,0.6612403053806643,1.0032702717724844,11.0044,2.2291,1.7565,-2.962,0.0,0.0,False,19.68795906136143,4.904197034893873,206.55677526721163,12.879847,77.4464,Bengaluru-Mysuru Expressway,highway,798117103,"{'highway': 'residential', 'source': 'digitalglobe'}",,,False,0,below flyover
2023-11-29 09:21:46,,,636.8898,5,-1.257575828682077,0.933333989504506,0.887787720818574,10.9296,2.4151,-1.2332,-2.9919,0.0,0.0,False,21.442874534256703,1.7549154728952772,213.4827167867388,12.879683,77.446298,Bengaluru-Mysuru Expressway,highway,798117103,"{'highway': 'residential', 'source': 'digitalglobe'}",,,False,0,below flyover
2023-11-29 09:21:47,,,640.3958,5,-0.927676047093284,0.829479839965894,0.5822803703017051,10.4586,1.9964,1.5226,-2.5766,0.0,0.0,False,18.54460281636112,-2.898271717895589,207.0779733510828,12.87954,77.446209,Bengaluru-Mysuru Expressway,highway,608209225,{'highway': 'residential'},,,False,0,below flyover
2023-11-29 09:21:48,,,658.1346,5,-1.7524255010652667,2.3860357828490333,1.6001876045459618,48.6556,3.467,4.7004,-13.6182,0.0,0.0,False,21.49945588640017,2.954853070039057,223.18552818431053,12.879436,77.44601,Bengaluru-Mysuru Expressway,highway,608209225,{'highway': 'residential'},,,False,0,below flyover
2023-11-29 09:21:49,,,667.7662,5,-1.4225257194764738,1.2081496573864163,0.8805459220547416,16.6624,3.3619,-4.7514,-5.6288,0.0,0.0,False,18.25565680424997,-3.243799082150204,205.3421293598584,12.879238,77.446022,Bengaluru-Mysuru Expressway,highway,608209225,{'highway': 'residential'},,,False,0,below flyover
2023-11-29 09:21:50,,,632.7275,5,-1.0926259378876806,0.7063624207547988,0.6050678970785638,11.5771,2.7716,2.0342,-2.0199,0.0,0.0,False,13.675499274635255,-4.580157529614715,174.3964035830213,12.879154,77.44597,Bengaluru-Mysuru Expressway,highway,608209225,{'highway': 'residential'},,,False,0,below flyover
2023-11-29 09:21:51,,,626.8137,5,-1.4225257194764738,0.8043538360452631,1.1869222884232693,12.6935,2.1521,-2.343,-2.2211,0.0,0.0,False,15.50677980570348,1.8312805310682247,218.04715674855188,12.879036,77.445897,Bengaluru-Mysuru Expressway,highway,608209225,{'highway': 'residential'},,,False,0,below flyover
2023-11-29 09:21:52,,,624.7022,5,-1.5874756102708705,1.064093901574794,1.7038901628440384,12.8676,2.3676,-3.9862,-2.0902,0.0,0.0,False,16.839976620882357,1.3331968151788764,224.6367334177504,12.878909,77.445818,Bengaluru-Mysuru Expressway,highway,608209225,{'highway': 'residential'},,,False,0,below flyover
2023-11-29 09:21:53,,,624.0678,5,-0.927676047093284,0.591829719549919,0.6498704920974727,10.9735,2.6148,-0.9205,-2.4687,0.0,0.0,False,13.233962109467573,-3.606014511414784,222.8492343095905,12.87881,77.445757,Bengaluru-Mysuru Expressway,highway,608209225,{'highway': 'residential'},,,False,0,below flyover
2023-11-29 09:21:54,,,637.9873,5,-1.257575828682077,0.6813411085171693,1.137002155611253,11.9838,2.9514,1.8352,-1.4856,0.0,0.0,False,10.225842418852888,-3.0081196906146843,227.9777021574662,12.878792,77.445612,Bengaluru-Mysuru Expressway,highway,662042999,{'highway': 'residential'},,,False,0,below flyover
2023-11-29 09:21:55,,,638.145,5,-1.4225257194764738,1.8311698629350808,1.9399728025449687,11.6306,4.3847,-3.6591,-4.9042,0.0,0.0,False,13.0781342167319,2.852291797879012,215.8123769318724,12.878692,77.44555,Bengaluru-Mysuru Expressway,highway,662042999,{'highway': 'residential'},,,False,0,below flyover
2023-11-29 09:21:56,,,636.5589,5,-1.0926259378876806,1.3856020600758776,0.7537661650292519,10.9698,3.2833,-0.4584,-3.9601,0.0,0.0,False,11.766334072004014,-1.3118001447278864,116.33167469040006,12.878642,77.445653,Bengaluru-Mysuru Expressway,highway,662042999,{'highway': 'residential'},,,False,0,below flyover
2023-11-29 09:21:57,,,662.5186,5,-1.4225257194764738,1.733178447644618,0.8979262390879387,14.5638,3.1685,-0.612,-4.1113,0.0,0.0,False,6.921487213522782,-4.844846858481232,174.59825760916772,12.878572,77.445673,Bengaluru-Mysuru Expressway,highway,662042999,{'highway': 'residential'},,,False,0,below flyover
2023-11-29 09:21:58,,,636.5542,5,-0.927676047093284,0.97405905419253,1.6479834763872536,10.1622,-1.5693,3.3851,-2.5399,0.0,0.0,False,5.195522193187974,-1.725965020334808,269.4567692259125,12.878578,77.445613,Bengaluru-Mysuru Expressway,highway,662042999,{'highway': 'residential'},,,False,0,below flyover
2023-11-29 09:21:59,,,652.5048,5,-0.5977762655044908,0.993008248816006,0.7901682734821153,9.3179,-0.9264,-0.9243,-3.5631,0.0,0.0,False,2.9242592137840804,-2.271262979403893,43.00479468553863,12.8786,77.445627,Bengaluru-Mysuru Expressway,highway,662042999,{'highway': 'residential'},,,False,0,below flyover
2023-11-29 09:22:00,,,656.0387,5,-0.2678764839156977,0.4457848217612468,-0.0641708660163833,9.1076,1.171,-1.1257,-2.8737,0.0,0.0,False,3.863642956821396,0.9393837430373152,258.31880311415983,12.87858,77.445614,Bengaluru-Mysuru Expressway,highway,662042999,{'highway': 'residential'},,,False,0,below flyover
2023-11-29 09:22:01,,,646.4657,5,-0.2678764839156977,0.2380765226840236,-0.0893723257145199,9.1124,1.8518,-1.2785,-2.8828,0.0,0.0,False,7.074202966235186,3.2105600094137903,305.3461369150197,12.878642,77.445519,Bengaluru-Mysuru Expressway,highway,662042999,{'highway': 'residential'},,,False,0,below flyover
2023-11-29 09:22:02,,,646.2424,5,-0.1029265931213011,0.1220781379171067,-0.0746956135531531,9.0671,1.3334,2.1794,-3.4232,0.0,0.0,False,15.869350458560634,8.795147492325448,148.7174824862185,12.878501,77.445627,Bengaluru-Mysuru Expressway,highway,675662532,"{'alt_name': 'Bangalore-Mysore Expressway', 'highway': 'tertiary', 'lanes': '2', 'maxspeed': '60', 'name': 'Bengaluru-Mysuru Expressway', 'name:kn': 'ಬೆಂಗಳೂರು-ಮೈಸೂರು ಹೆದ್ದಾರಿ', 'oneway': 'yes', 'ref': 'NH275;EC34', 'ref:old': 'SH17', 'sidewalk': 'none', 'smoothness': 'good', 'surface': 'asphalt'}",,,False,0,below flyover
2023-11-29 09:22:03,,,665.1906,5,-0.4328263747100943,0.0789451645200222,-0.0328862953566282,10.3682,1.7447,2.7119,1.2348,0.0,0.0,False,5.747312842173325,-10.12203761638731,7.333732755892697,12.87854,77.445653,Bengaluru-Mysuru Expressway,highway,662042999,{'highway': 'residential'},,,False,0,below flyover
2023-11-29 09:22:04,,,667.2988,5,0.0620232976730954,-0.090341286895234,-0.4360130932099552,8.377,0.989,1.8012,-1.495,0.0,0.0,False,2.176937813615803,-3.570375028557522,268.6155914328286,12.878558,77.445601,Bengaluru-Mysuru Expressway,highway,662042999,{'highway': 'residential'},,,False,0,below flyover
2023-11-29 09:22:05,,,657.1909,5,-0.4328263747100943,0.3993017145080775,-0.0914965866852442,9.2143,-1.4171,2.8537,-2.1172,0.0,0.0,False,12.529640292306944,10.352702478691144,115.72624805636576,12.87851,77.445702,Bengaluru-Mysuru Expressway,highway,675662532,"{'alt_name': 'Bangalore-Mysore Expressway', 'highway': 'tertiary', 'lanes': '2', 'maxspeed': '60', 'name': 'Bengaluru-Mysuru Expressway', 'name:kn': 'ಬೆಂಗಳೂರು-ಮೈಸೂರು ಹೆದ್ದಾರಿ', 'oneway': 'yes', 'ref': 'NH275;EC34', 'ref:old': 'SH17', 'sidewalk': 'none', 'smoothness': 'good', 'surface': 'asphalt'}",,,False,0,below flyover
2023-11-29 09:22:06,,,647.5596,5,-0.2678764839156977,0.0615663451415858,-0.3785614896835531,8.9016,0.8425,2.1091,-0.5597,0.0,0.0,False,7.864406789417883,-4.665233502889063,323.57384601752057,12.878563,77.445668,Bengaluru-Mysuru Expressway,highway,662042999,{'highway': 'residential'},,,False,0,below flyover
2023-11-29 09:22:07,,,643.5341,5,-0.2678764839156977,0.5559204722800161,-0.3546152751044813,8.8798,1.6151,2.1549,2.1121,0.0,0.0,False,0.6337919030697865,-7.230614886348096,316.36131802226566,12.878565,77.445668,Bengaluru-Mysuru Expressway,highway,662042999,{'highway': 'residential'},,,False,0,below flyover
2023-11-29 09:22:08,,,656.0834,5,-0.4328263747100943,0.3993017145080775,-0.091593144002095,9.2141,-1.4176,2.8532,-2.116,0.0,0.0,False,8.723460432165355,8.089668529095569,119.12927899658416,12.878537,77.445718,Bengaluru-Mysuru Expressway,highway,662042999,{'highway': 'residential'},,,False,0,below flyover
2023-11-29 09:22:09,,,658.0635,5,-0.5977762655044908,0.8155558461265447,0.0126887581970884,9.4912,-0.2772,3.2129,0.3386,0.0,0.0,False,2.597347640663635,-6.12611279150172,169.0341577217332,12.878522,77.445709,Bengaluru-Mysuru Expressway,highway,675662532,"{'alt_name': 'Bangalore-Mysore Expressway', 'highway': 'tertiary', 'lanes': '2', 'maxspeed': '60', 'name': 'Bengaluru-Mysuru Expressway', 'name:kn': 'ಬೆಂಗಳೂರು-ಮೈಸೂರು ಹೆದ್ದಾರಿ', 'oneway': 'yes', 'ref': 'NH275;EC34', 'ref:old': 'SH17', 'sidewalk': 'none', 'smoothness': 'good', 'surface': 'asphalt'}",,,False,0,below flyover
2023-11-29 09:22:10,,,648.4583,5,-0.4328263747100943,0.4155289253734858,-0.1068492000645679,9.2937,-1.0398,1.976,-2.2317,0.0,0.0,False,3.751410783339016,1.154063142675381,295.9368423226168,12.87852,77.445708,Bengaluru-Mysuru Expressway,highway,675662532,"{'alt_name': 'Bangalore-Mysore Expressway', 'highway': 'tertiary', 'lanes': '2', 'maxspeed': '60', 'name': 'Bengaluru-Mysuru Expressway', 'name:kn': 'ಬೆಂಗಳೂರು-ಮೈಸೂರು ಹೆದ್ದಾರಿ', 'oneway': 'yes', 'ref': 'NH275;EC34', 'ref:old': 'SH17', 'sidewalk': 'none', 'smoothness': 'good', 'surface': 'asphalt'}",,,False,0,below flyover
2023-11-29 09:22:11,,,645.9197,5,-1.257575828682077,1.1258619945463466,0.3183892233476592,14.1806,2.1224,-3.3867,-4.5115,0.0,0.0,False,11.192455961985424,7.44104517864641,288.2602779785956,12.87853,77.445646,Bengaluru-Mysuru Expressway,highway,662042999,{'highway': 'residential'},,,False,0,below flyover
2023-11-29 09:22:12,,,653.9607,5,-0.7627261562988874,1.2870871863704003,0.164573417603863,10.6443,1.8615,-2.0457,-4.4676,0.0,0.0,False,2.697326902961989,-8.495129059023435,85.21854989499303,12.878543,77.445654,Bengaluru-Mysuru Expressway,highway,662042999,{'highway': 'residential'},,,False,0,below flyover
2023-11-29 09:22:13,,,663.605,5,-0.5977762655044908,0.6479444616393294,-0.1014419903209071,11.561,2.1839,-1.7464,-2.9428,0.0,0.0,False,7.408298958924498,4.710972055962509,197.08879072803973,12.878488,77.445619,Bengaluru-Mysuru Expressway,highway,675662532,"{'alt_name': 'Bangalore-Mysore Expressway', 'highway': 'tertiary', 'lanes': '2', 'maxspeed': '60', 'name': 'Bengaluru-Mysuru Expressway', 'name:kn': 'ಬೆಂಗಳೂರು-ಮೈಸೂರು ಹೆದ್ದಾರಿ', 'oneway': 'yes', 'ref': 'NH275;EC34', 'ref:old': 'SH17', 'sidewalk': 'none', 'smoothness': 'good', 'surface': 'asphalt'}",,,False,0,below flyover
2023-11-29 09:22:14,,,652.3047,5,-0.4328263747100943,0.2365061474389841,-0.2114207742143057,9.9638,2.0184,1.983,-2.7684,0.0,0.0,False,4.134596048566828,-3.2737029103576702,144.48271559911944,12.878445,77.445664,Bengaluru-Mysuru Expressway,highway,675662532,"{'alt_name': 'Bangalore-Mysore Expressway', 'highway': 'tertiary', 'lanes': '2', 'maxspeed': '60', 'name': 'Bengaluru-Mysuru Expressway', 'name:kn': 'ಬೆಂಗಳೂರು-ಮೈಸೂರು ಹೆದ್ದಾರಿ', 'oneway': 'yes', 'ref': 'NH275;EC34', 'ref:old': 'SH17', 'sidewalk': 'none', 'smoothness': 'good', 'surface': 'asphalt'}",,,False,0,below flyover
2023-11-29 09:22:15,,,652.5602,5,-0.2678764839156977,-0.0873052280881573,-0.3390695470914546,9.03,0.6612,1.8852,0.9825,0.0,0.0,False,1.4638505177617782,-2.67074553080505,104.521651079339,12.878447,77.445665,Bengaluru-Mysuru Expressway,highway,675662532,"{'alt_name': 'Bangalore-Mysore Expressway', 'highway': 'tertiary', 'lanes': '2', 'maxspeed': '60', 'name': 'Bengaluru-Mysuru Expressway', 'name:kn': 'ಬೆಂಗಳೂರು-ಮೈಸೂರು ಹೆದ್ದಾರಿ', 'oneway': 'yes', 'ref': 'NH275;EC34', 'ref:old': 'SH17', 'sidewalk': 'none', 'smoothness': 'good', 'surface': 'asphalt'}",,,False,0,below flyover
2023-11-29 09:22:16,,,638.0768,5,-0.927676047093284,0.8836054400782553,0.8065830173468019,11.1032,1.6222,3.0838,-3.5361,0.0,0.0,False,10.484198367656557,9.020347849894776,292.2483594683308,12.878493,77.44556,Bengaluru-Mysuru Expressway,highway,662043000,{'highway': 'residential'},,,False,0,below flyover
2023-11-29 09:22:17,,,646.7245,5,-1.4225257194764738,1.6586379693467437,0.9001470573755139,11.7402,2.8265,-1.9103,1.3082,0.0,0.0,False,6.726955867917263,-3.757242499739293,154.3471507744938,12.878439,77.445588,Bengaluru-Mysuru Expressway,highway,675662532,"{'alt_name': 'Bangalore-Mysore Expressway', 'highway': 'tertiary', 'lanes': '2', 'maxspeed': '60', 'name': 'Bengaluru-Mysuru Expressway', 'name:kn': 'ಬೆಂಗಳೂರು-ಮೈಸೂರು ಹೆದ್ದಾರಿ', 'oneway': 'yes', 'ref': 'NH275;EC34', 'ref:old': 'SH17', 'sidewalk': 'none', 'smoothness': 'good', 'surface': 'asphalt'}",,,False,0,below flyover
2023-11-29 09:22:18,,,635.4511,5,-1.4225257194764738,1.906024416281964,1.5311491229974277,14.7411,4.1988,-5.4835,-5.7676,0.0,0.0,False,1.942512874552983,-4.78444299336428,102.50645352542608,12.878412,77.445644,Bengaluru-Mysuru Expressway,highway,675662532,"{'alt_name': 'Bangalore-Mysore Expressway', 'highway': 'tertiary', 'lanes': '2', 'maxspeed': '60', 'name': 'Bengaluru-Mysuru Expressway', 'name:kn': 'ಬೆಂಗಳೂರು-ಮೈಸೂರು ಹೆದ್ದಾರಿ', 'oneway': 'yes', 'ref': 'NH275;EC34', 'ref:old': 'SH17', 'sidewalk': 'none', 'smoothness': 'good', 'surface': 'asphalt'}",,,False,0,below flyover
2023-11-29 09:22:19,,,646.6121,5,-1.4225257194764738,2.528521163415616,1.6442177410300611,11.3223,3.8239,1.3509,2.1158,0.0,0.0,False,10.088058345470456,8.145545470917472,269.39877442333284,12.878428,77.44552,Bengaluru-Mysuru Expressway,highway,662043000,{'highway': 'residential'},,,False,0,below flyover
2023-11-29 09:22:20,,,646.3787,5,-1.4225257194764738,1.6325697402790875,0.9472670279988488,14.3978,3.5448,-3.7065,-5.0721,0.0,0.0,False,5.681037080782658,-4.407021264687798,145.64030525410146,12.878385,77.445553,Bengaluru-Mysuru Expressway,highway,675662532,"{'alt_name': 'Bangalore-Mysore Expressway', 'highway': 'tertiary', 'lanes': '2', 'maxspeed': '60', 'name': 'Bengaluru-Mysuru Expressway', 'name:kn': 'ಬೆಂಗಳೂರು-ಮೈಸೂರು ಹೆದ್ದಾರಿ', 'oneway': 'yes', 'ref': 'NH275;EC34', 'ref:old': 'SH17', 'sidewalk': 'none', 'smoothness': 'good', 'surface': 'asphalt'}",,,False,0,below flyover
2023-11-29 09:22:21,,,636.5462,5,-1.257575828682077,1.305303539212859,0.7812850003318145,11.6204,2.4086,-2.9275,-3.4102,0.0,0.0,False,7.139649237080363,1.458612156297705,246.57786917913936,12.878365,77.445481,Bengaluru-Mysuru Expressway,highway,662043000,{'highway': 'residential'},,,False,0,below flyover
2023-11-29 09:22:22,,,644.8425,5,-0.4328263747100943,0.2077159346132603,0.238922551579207,9.9352,2.4613,-1.2656,-2.5217,0.0,0.0,False,3.552374744071767,-3.587274493008596,190.75588018444225,12.878314,77.445509,Bengaluru-Mysuru Expressway,highway,662043000,{'highway': 'residential'},,,False,0,below flyover
2023-11-29 09:22:23,,,645.0886,5,-1.0926259378876806,1.023892295301783,1.262140438250274,11.0554,3.2104,-2.7333,-4.1964,0.0,0.0,False,6.13751332929603,2.585138585224263,240.80820284040584,12.878299,77.44544,Bengaluru-Mysuru Expressway,highway,662043000,{'highway': 'residential'},,,False,0,below flyover
2023-11-29 09:22:24,,,648.3824,5,-0.927676047093284,1.2552609147376008,0.946591126780891,10.3196,2.7407,2.8652,1.9369,0.0,0.0,False,5.429668265980916,-0.7078450633151139,47.433422442650055,12.878339,77.445465,Bengaluru-Mysuru Expressway,highway,662043000,{'highway': 'residential'},,,False,0,below flyover
2023-11-29 09:22:25,,,646.6238,5,-1.0926259378876806,2.2043957128394664,0.9970906034940148,11.0223,3.1802,2.4811,3.1056,0.0,0.0,False,7.262532241858197,1.832863975877281,177.86070801421374,12.878267,77.445479,Bengaluru-Mysuru Expressway,highway,662043000,{'highway': 'residential'},,,False,0,below flyover
2023-11-29 09:22:26,,,639.7151,5,-1.257575828682077,1.2535858478095578,0.7534764930786992,11.5122,2.0804,2.0204,1.8148,0.0,0.0,False,8.49123824909752,1.2287060072393237,246.3009545649637,12.878239,77.445403,Bengaluru-Mysuru Expressway,highway,662043000,{'highway': 'residential'},,,False,0,below flyover
2023-11-29 09:22:27,,,664.7381,5,-1.7524255010652667,1.604721752600388,1.7715768419566569,15.9898,3.5121,-2.8944,-3.1966,0.0,0.0,False,12.359686731529017,3.868448482431495,218.17967588868183,12.878145,77.445344,Bengaluru-Mysuru Expressway,highway,662043000,{'highway': 'residential'},,,False,0,below flyover
2023-11-29 09:22:29,,,646.8421,5,-0.5977762655044908,0.7350479418975202,0.4047114646125396,9.6535,1.85,1.6458,-1.7018,0.0,0.0,False,7.862351914366282,-2.2486674085813667,203.4059993946567,12.878024,77.44527,Bengaluru-Mysuru Expressway,highway,662043000,{'highway': 'residential'},,,False,0,below flyover
2023-11-29 09:22:30,,,633.5342,5,-0.927676047093284,0.839111474802137,0.5816044690837472,10.4465,2.0059,1.5384,-2.5832,0.0,0.0,False,6.612338282783057,-1.2500136315832249,231.9388941087808,12.877977,77.44524,Bengaluru-Mysuru Expressway,highway,662043000,{'highway': 'residential'},,,False,0,below flyover
2023-11-29 09:22:31,,,630.555,5,-1.0926259378876806,0.9086267523158846,0.8047484283266311,10.462,2.304,1.2224,-2.6753,0.0,0.0,False,8.412850482191105,1.8005121994080486,223.072337606398,12.877914,77.445199,Bengaluru-Mysuru Expressway,highway,662043000,{'highway': 'residential'},,,False,0,below flyover
2023-11-29 09:22:32,,,653.3876,5,-1.0926259378876806,0.8518838601284581,0.6674439237643723,12.6128,2.2063,-2.3135,-3.0587,0.0,0.0,False,15.776965241411265,7.364114759220159,224.5685344806988,12.877797,77.445123,Bengaluru-Mysuru Expressway,highway,662043000,{'highway': 'residential'},,,False,0,below flyover
2023-11-29 09:22:33,,,632.9087,5,-0.927676047093284,0.6197823989116218,0.4066426109495613,13.1681,2.5047,-0.5415,-3.1878,0.0,0.0,False,9.939107482203886,-5.837857759207379,193.1321896513694,12.877726,77.445077,Bengaluru-Mysuru Expressway,highway,662043000,{'highway': 'residential'},,,False,0,below flyover
2023-11-29 09:22:34,,,640.0985,5,-0.7627261562988874,0.5308991600423867,0.2833389173307115,12.2659,2.2936,2.2202,-2.391,0.0,0.0,False,12.20470333155799,2.2655958493541046,209.5019520154514,12.877633,77.445016,Bengaluru-Mysuru Expressway,highway,662043000,{'highway': 'residential'},,,False,0,below flyover
2023-11-29 09:22:35,,,622.9602,5,-1.257575828682077,1.118114810004152,1.7607624224693346,11.0504,-1.1671,2.5919,-3.3699,0.0,0.0,False,10.6586342125698,-1.5460691189881892,200.5240351732096,12.877553,77.444965,Bengaluru-Mysuru Expressway,highway,662043000,{'highway': 'residential'},,,False,0,below flyover
2023-11-29 09:22:36,,,616.6761,5,-1.257575828682077,1.202286923138269,0.9295970390150982,10.8229,2.5822,1.2314,-3.3406,0.0,0.0,False,11.12929393638793,0.4706597238181285,230.706604647866,12.877474,77.444913,Bengaluru-Mysuru Expressway,highway,662043000,{'highway': 'residential'},,,False,0,below flyover
2023-11-29 09:22:37,,,604.8472,5,-1.0926259378876806,0.9155364033940582,0.6208067397252927,11.3101,1.8641,2.2629,-3.2376,0.0,0.0,False,13.870503106622692,2.7412091702347627,227.31933847129355,12.877431,77.44475,Bengaluru-Mysuru Expressway,highway,662043000,{'highway': 'residential'},,,False,0,below flyover
2023-11-29 09:22:38,,,621.9628,5,-1.0926259378876806,0.7509610777139204,0.6437873811358532,10.7233,1.6528,-2.9049,-3.3804,0.0,0.0,False,13.33662887113963,-0.5338742354830615,187.5295469825245,12.87728,77.444787,Bengaluru-Mysuru Expressway,highway,662043000,{'highway': 'residential'},,,False,0,below flyover
2023-11-29 09:22:39,,,618.4119,5,-0.5977762655044908,0.6264826666237905,-0.0086504088270037,9.6753,0.8613,-0.5446,-2.5473,0.0,0.0,False,13.474446541253316,0.1378176701136837,212.76218729357456,12.877178,77.44472,Bengaluru-Mysuru Expressway,highway,662043000,{'highway': 'residential'},,,False,0,below flyover
2023-11-29 09:22:40,,,634.505,5,-0.927676047093284,0.7554628200830333,0.4955718997694212,12.2635,1.771,2.219,-2.3993,0.0,0.0,False,16.00656784166124,2.532121300407926,215.9372705926903,12.877056,77.444642,Bengaluru-Mysuru Expressway,highway,662043000,{'highway': 'residential'},,,False,0,below flyover
2023-11-29 09:22:41,,,629.1681,5,-0.7627261562988874,0.6408254271951511,0.0413662813018641,10.0414,0.9955,-1.4478,-2.7358,0.0,0.0,False,12.45770374516719,-3.54886409649405,214.5548929772802,12.876961,77.444582,Bengaluru-Mysuru Expressway,highway,662043000,{'highway': 'residential'},,,False,0,below flyover
2023-11-29 09:22:42,,,627.2892,5,-0.5977762655044908,0.560736289698137,0.4944132119672081,9.6027,1.7295,2.2164,-2.7397,0.0,0.0,False,10.449079557492592,-2.0086241876745987,227.3665323576338,12.876884,77.444533,Bengaluru-Mysuru Expressway,highway,662043000,{'highway': 'residential'},,,False,0,below flyover
2023-11-29 09:22:43,,,628.9355,5,-0.5977762655044908,0.5453466122967497,0.664160974991435,9.5118,1.805,2.4412,-2.5826,0.0,0.0,False,17.039510052201354,6.590430494708762,187.4309548931657,12.876767,77.444454,Bengaluru-Mysuru Expressway,highway,675662532,"{'alt_name': 'Bangalore-Mysore Expressway', 'highway': 'tertiary', 'lanes': '2', 'maxspeed': '60', 'name': 'Bengaluru-Mysuru Expressway', 'name:kn': 'ಬೆಂಗಳೂರು-ಮೈಸೂರು ಹೆದ್ದಾರಿ', 'oneway': 'yes', 'ref': 'NH275;EC34', 'ref:old': 'SH17', 'sidewalk': 'none', 'smoothness': 'good', 'surface': 'asphalt'}",,,False,0,below flyover
2023-11-29 09:22:44,,,624.7491,5,-0.5977762655044908,0.6773628245630693,0.4388927547778277,9.8628,2.0064,2.1292,-1.6539,0.0,0.0,False,19.58105753613625,2.541547483934896,221.66356514410995,12.876624,77.444353,Bengaluru-Mysuru Expressway,highway,675662532,"{'alt_name': 'Bangalore-Mysore Expressway', 'highway': 'tertiary', 'lanes': '2', 'maxspeed': '60', 'name': 'Bengaluru-Mysuru Expressway', 'name:kn': 'ಬೆಂಗಳೂರು-ಮೈಸೂರು ಹೆದ್ದಾರಿ', 'oneway': 'yes', 'ref': 'NH275;EC34', 'ref:old': 'SH17', 'sidewalk': 'none', 'smoothness': 'good', 'surface': 'asphalt'}",,,False,0,below flyover
2023-11-29 09:22:45,,,637.6862,5,-0.7627261562988874,0.743213893171725,0.4084771999697321,11.6691,1.8656,1.1997,-2.1017,0.0,0.0,False,17.725461386152094,-1.8555961499841551,215.3507331201524,12.876495,77.444257,Bengaluru-Mysuru Expressway,highway,675662532,"{'alt_name': 'Bangalore-Mysore Expressway', 'highway': 'tertiary', 'lanes': '2', 'maxspeed': '60', 'name': 'Bengaluru-Mysuru Expressway', 'name:kn': 'ಬೆಂಗಳೂರು-ಮೈಸೂರು ಹೆದ್ದಾರಿ', 'oneway': 'yes', 'ref': 'NH275;EC34', 'ref:old': 'SH17', 'sidewalk': 'none', 'smoothness': 'good', 'surface': 'asphalt'}",,,False,0,below flyover
2023-11-29 09:22:47,,,620.8932,5,-0.927676047093284,0.7496000858348857,0.6922591541951038,10.118,1.8086,2.7242,-1.8922,0.0,0.0,False,16.728616490239872,-0.498422447956111,219.90117507305249,12.876258,77.444065,Bengaluru-Mysuru Expressway,highway,675662532,"{'alt_name': 'Bangalore-Mysore Expressway', 'highway': 'tertiary', 'lanes': '2', 'maxspeed': '60', 'name': 'Bengaluru-Mysuru Expressway', 'name:kn': 'ಬೆಂಗಳೂರು-ಮೈಸೂರು ಹೆದ್ದಾರಿ', 'oneway': 'yes', 'ref': 'NH275;EC34', 'ref:old': 'SH17', 'sidewalk': 'none', 'smoothness': 'good', 'surface': 'asphalt'}",,,False,0,below flyover
2023-11-29 09:22:48,,,626.2942,5,-0.927676047093284,0.9379404235566212,0.5621964483966775,10.4407,2.1058,2.0394,1.5926,0.0,0.0,False,23.27084193153936,6.542225441299486,217.32370817690617,12.876099,77.443925,Bengaluru-Mysuru Expressway,highway,656874699,"{'access': 'permissive', 'highway': 'tertiary'}",,,False,0,below flyover
2023-11-29 09:22:49,,,633.5761,5,-0.7627261562988874,0.7405966010966598,0.5277254862808359,9.6808,1.8971,1.3622,-1.7347,0.0,0.0,False,15.838052037943998,-7.432789893595361,211.6971765790456,12.875995,77.443829,Bengaluru-Mysuru Expressway,highway,656874699,"{'access': 'permissive', 'highway': 'tertiary'}",,,False,0,below flyover
2023-11-29 09:22:50,,,634.9396,5,-1.0926259378876806,1.7500338086080416,1.4803599743337512,10.355,3.3835,3.6886,2.6828,0.0,0.0,False,19.87543305875186,4.037381020807862,233.6538023257079,12.875868,77.443705,Bengaluru-Mysuru Expressway,highway,656874699,"{'access': 'permissive', 'highway': 'tertiary'}",,,False,0,below flyover
2023-11-29 09:22:52,,,634.7241,5,-1.0926259378876806,1.6789481558492545,1.304529100347905,10.7386,-2.4182,4.0393,-3.7449,0.0,0.0,False,20.52085314569649,0.3227100434723162,203.57195657406243,12.875534,77.443549,Bengaluru-Mysuru Expressway,highway,656874699,"{'access': 'permissive', 'highway': 'tertiary'}",,,False,0,below flyover
2023-11-29 09:22:53,,,639.4448,5,-0.7627261562988874,1.695280058397665,0.7059702931879591,9.9888,3.0109,2.6928,2.3364,0.0,0.0,False,18.45668656719116,-2.0641665785053327,238.4886428400566,12.875466,77.443384,Bengaluru-Mysuru Expressway,highway,675662532,"{'alt_name': 'Bangalore-Mysore Expressway', 'highway': 'tertiary', 'lanes': '2', 'maxspeed': '60', 'name': 'Bengaluru-Mysuru Expressway', 'name:kn': 'ಬೆಂಗಳೂರು-ಮೈಸೂರು ಹೆದ್ದಾರಿ', 'oneway': 'yes', 'ref': 'NH275;EC34', 'ref:old': 'SH17', 'sidewalk': 'none', 'smoothness': 'good', 'surface': 'asphalt'}",,,False,0,below flyover
2023-11-29 09:22:54,,,657.3049,5,-1.0926259378876806,1.218828209052684,1.495809145029927,12.0771,-1.632,1.9403,-1.2747,0.0,0.0,False,25.278470777059663,6.821784209868504,223.2364179967915,12.875304,77.443221,Bengaluru-Mysuru Expressway,highway,675662532,"{'alt_name': 'Bangalore-Mysore Expressway', 'highway': 'tertiary', 'lanes': '2', 'maxspeed': '60', 'name': 'Bengaluru-Mysuru Expressway', 'name:kn': 'ಬೆಂಗಳೂರು-ಮೈಸೂರು ಹೆದ್ದಾರಿ', 'oneway': 'yes', 'ref': 'NH275;EC34', 'ref:old': 'SH17', 'sidewalk': 'none', 'smoothness': 'good', 'surface': 'asphalt'}",,,False,0,below flyover
2023-11-29 09:22:55,,,649.655,5,-1.0926259378876806,0.9565755431310902,1.027892387569514,10.352,1.8128,2.3704,1.2707,0.0,0.0,False,11.951321012066494,-13.32714976499317,221.3948060489706,12.875183,77.443189,Bengaluru-Mysuru Expressway,highway,675662532,"{'alt_name': 'Bangalore-Mysore Expressway', 'highway': 'tertiary', 'lanes': '2', 'maxspeed': '60', 'name': 'Bengaluru-Mysuru Expressway', 'name:kn': 'ಬೆಂಗಳೂರು-ಮೈಸೂರು ಹೆದ್ದಾರಿ', 'oneway': 'yes', 'ref': 'NH275;EC34', 'ref:old': 'SH17', 'sidewalk': 'none', 'smoothness': 'good', 'surface': 'asphalt'}",,,False,0,below flyover
2023-11-29 09:22:56,,,646.5068,5,-1.0926259378876806,1.0663971186008514,1.1095798776255414,10.3028,2.3704,1.9312,-2.8393,0.0,0.0,False,17.03577940251817,5.084458390451676,232.96626298535853,12.875128,77.443028,Bengaluru-Mysuru Expressway,highway,675662532,"{'alt_name': 'Bangalore-Mysore Expressway', 'highway': 'tertiary', 'lanes': '2', 'maxspeed': '60', 'name': 'Bengaluru-Mysuru Expressway', 'name:kn': 'ಬೆಂಗಳೂರು-ಮೈಸೂರು ಹೆದ್ದಾರಿ', 'oneway': 'yes', 'ref': 'NH275;EC34', 'ref:old': 'SH17', 'sidewalk': 'none', 'smoothness': 'good', 'surface': 'asphalt'}",,,False,0,below flyover
2023-11-29 09:22:57,,,655.608,5,-1.4225257194764738,1.7310846139845646,1.189336221344547,13.4637,3.2676,-2.6186,-4.4666,0.0,0.0,False,5.124907776673537,-11.910871625844631,258.012111242089,12.875102,77.442997,Bengaluru-Mysuru Expressway,highway,675662532,"{'alt_name': 'Bangalore-Mysore Expressway', 'highway': 'tertiary', 'lanes': '2', 'maxspeed': '60', 'name': 'Bengaluru-Mysuru Expressway', 'name:kn': 'ಬೆಂಗಳೂರು-ಮೈಸೂರು ಹೆದ್ದಾರಿ', 'oneway': 'yes', 'ref': 'NH275;EC34', 'ref:old': 'SH17', 'sidewalk': 'none', 'smoothness': 'good', 'surface': 'asphalt'}",,,False,0,below flyover
2023-11-29 09:22:58,,,665.2787,5,-1.257575828682077,1.2102434910464688,0.8286946429057028,12.7206,2.7224,-2.7478,-3.5913,0.0,0.0,False,17.62274585004483,12.497838073371293,228.45290656210256,12.874998,77.442874,Bengaluru-Mysuru Expressway,highway,675662532,"{'alt_name': 'Bangalore-Mysore Expressway', 'highway': 'tertiary', 'lanes': '2', 'maxspeed': '60', 'name': 'Bengaluru-Mysuru Expressway', 'name:kn': 'ಬೆಂಗಳೂರು-ಮೈಸೂರು ಹೆದ್ದಾರಿ', 'oneway': 'yes', 'ref': 'NH275;EC34', 'ref:old': 'SH17', 'sidewalk': 'none', 'smoothness': 'good', 'surface': 'asphalt'}",,,False,0,below flyover
2023-11-29 09:22:59,,,641.9915,5,-1.0926259378876806,1.971142643109601,1.8067237052904563,10.4725,2.421,3.1279,-0.0691,0.0,0.0,False,5.16129161872972,-12.461454231315107,251.35573052712675,12.874969,77.44284,Bengaluru-Mysuru Expressway,highway,675662532,"{'alt_name': 'Bangalore-Mysore Expressway', 'highway': 'tertiary', 'lanes': '2', 'maxspeed': '60', 'name': 'Bengaluru-Mysuru Expressway', 'name:kn': 'ಬೆಂಗಳೂರು-ಮೈಸೂರು ಹೆದ್ದಾರಿ', 'oneway': 'yes', 'ref': 'NH275;EC34', 'ref:old': 'SH17', 'sidewalk': 'none', 'smoothness': 'good', 'surface': 'asphalt'}",,,False,0,below flyover
2023-11-29 09:23:01,,,628.4975,5,-0.927676047093284,1.1230353191052755,0.6436908238190023,10.9284,2.5029,-1.1499,-4.31,0.0,0.0,False,17.39165587865232,6.115182129961299,234.088131550512,12.874779,77.442585,Bengaluru-Mysuru Expressway,highway,675662532,"{'alt_name': 'Bangalore-Mysore Expressway', 'highway': 'tertiary', 'lanes': '2', 'maxspeed': '60', 'name': 'Bengaluru-Mysuru Expressway', 'name:kn': 'ಬೆಂಗಳೂರು-ಮೈಸೂರು ಹೆದ್ದಾರಿ', 'oneway': 'yes', 'ref': 'NH275;EC34', 'ref:old': 'SH17', 'sidewalk': 'none', 'smoothness': 'good', 'surface': 'asphalt'}",,,False,0,below flyover
2023-11-29 09:23:02,,,650.1362,5,-0.927676047093284,0.896273133721574,1.4803599743337512,12.2716,-0.4094,1.8766,-4.0295,0.0,0.0,False,17.14762995688901,-0.2440259217633098,215.0895303856784,12.874694,77.442464,Bengaluru-Mysuru Expressway,highway,675662532,"{'alt_name': 'Bangalore-Mysore Expressway', 'highway': 'tertiary', 'lanes': '2', 'maxspeed': '60', 'name': 'Bengaluru-Mysuru Expressway', 'name:kn': 'ಬೆಂಗಳೂರು-ಮೈಸೂರು ಹೆದ್ದಾರಿ', 'oneway': 'yes', 'ref': 'NH275;EC34', 'ref:old': 'SH17', 'sidewalk': 'none', 'smoothness': 'good', 'surface': 'asphalt'}",,,False,0,below flyover
2023-11-29 09:23:03,,,635.5904,5,-0.5977762655044908,0.6553775711325166,0.5006894375625294,9.6808,2.0924,-0.2952,-3.0594,0.0,0.0,False,18.11146326198585,0.9638333050968412,245.45375913578715,12.874599,77.442332,Bengaluru-Mysuru Expressway,highway,675662532,"{'alt_name': 'Bangalore-Mysore Expressway', 'highway': 'tertiary', 'lanes': '2', 'maxspeed': '60', 'name': 'Bengaluru-Mysuru Expressway', 'name:kn': 'ಬೆಂಗಳೂರು-ಮೈಸೂರು ಹೆದ್ದಾರಿ', 'oneway': 'yes', 'ref': 'NH275;EC34', 'ref:old': 'SH17', 'sidewalk': 'none', 'smoothness': 'good', 'surface': 'asphalt'}",,,False,0,below flyover
2023-11-29 09:23:04,,,636.3512,5,-0.7627261562988874,0.6559010295475295,0.7564697699010832,9.9011,2.0693,1.8106,-3.0798,0.0,0.0,False,17.59166766332705,-0.5197955986587992,242.75419100817595,12.874547,77.442171,Bengaluru-Mysuru Expressway,highway,124785870,{'highway': 'tertiary'},,,False,0,below flyover
2023-11-29 09:23:05,,,633.8403,5,-1.0926259378876806,2.054372531096694,0.9739168474497518,11.0795,3.6264,-2.6808,-4.7083,0.0,0.0,False,6.534679520449272,-11.05698814287778,216.1062510678943,12.874467,77.442162,Bengaluru-Mysuru Expressway,highway,124785870,{'highway': 'tertiary'},,,False,0,below flyover
2023-11-29 09:23:06,,,630.8488,5,-1.257575828682077,1.8997429153018053,1.63263086300793,11.0006,3.7076,-2.8811,-5.2013,0.0,0.0,False,30.427738543676373,23.893059023227103,248.77175502466253,12.874382,77.441883,,unknown,124785870,{'highway': 'tertiary'},,,False,0,below flyover
2023-11-29 09:23:08,,,603.4268,5,-1.4225257194764738,1.1866878623708763,1.4526480243974869,12.1145,3.5559,-2.3883,-4.1653,0.0,0.0,False,11.918030001029363,-9.254854271323506,227.725985558544,12.87422,77.44174,Bengaluru-Mysuru Expressway,highway,124785870,{'highway': 'tertiary'},,,False,0,below flyover
2023-11-29 09:23:09,,,622.0642,5,-1.4225257194764738,1.3382814193586885,1.7137390091628506,10.6013,3.2295,-1.395,-3.3542,0.0,0.0,False,20.402438494245263,8.4844084932159,215.03805705717016,12.874112,77.441597,Bengaluru-Mysuru Expressway,highway,124785870,{'highway': 'tertiary'},,,False,0,below flyover
2023-11-29 09:23:10,,,614.5491,5,-1.7524255010652667,2.196648528297271,1.5409979693162397,14.3876,3.865,-3.208,-5.5962,0.0,0.0,False,5.595868815160106,-14.806569679085158,270.4428938457962,12.874089,77.441566,Bengaluru-Mysuru Expressway,highway,124785870,{'highway': 'tertiary'},,,False,0,below flyover
2023-11-29 09:23:11,,,604.8655,5,-1.5874756102708705,2.220936998753882,1.2623335528839754,12.367,3.6572,-1.3505,-4.32,0.0,0.0,False,6.735561000199665,1.139692185039559,215.7816761437805,12.874053,77.441518,Bengaluru-Mysuru Expressway,highway,675662532,"{'alt_name': 'Bangalore-Mysore Expressway', 'highway': 'tertiary', 'lanes': '2', 'maxspeed': '60', 'name': 'Bengaluru-Mysuru Expressway', 'name:kn': 'ಬೆಂಗಳೂರು-ಮೈಸೂರು ಹೆದ್ದಾರಿ', 'oneway': 'yes', 'ref': 'NH275;EC34', 'ref:old': 'SH17', 'sidewalk': 'none', 'smoothness': 'good', 'surface': 'asphalt'}",,,False,0,below flyover
2023-11-29 09:23:14,,,636.2794,5,-1.4225257194764738,1.3749235084096096,0.8020448234548007,14.9085,2.7242,-3.1598,-5.0193,0.0,0.0,False,24.49458757543769,5.919675525079344,229.4370013119518,12.87359,77.44103,Bengaluru-Mysuru Expressway,highway,675662532,"{'alt_name': 'Bangalore-Mysore Expressway', 'highway': 'tertiary', 'lanes': '2', 'maxspeed': '60', 'name': 'Bengaluru-Mysuru Expressway', 'name:kn': 'ಬೆಂಗಳೂರು-ಮೈಸೂರು ಹೆದ್ದಾರಿ', 'oneway': 'yes', 'ref': 'NH275;EC34', 'ref:old': 'SH17', 'sidewalk': 'none', 'smoothness': 'good', 'surface': 'asphalt'}",,,False,0,below flyover
2023-11-29 09:23:15,,,622.921,5,-1.257575828682077,1.2757804846061165,0.6655127774273498,11.7681,2.4473,1.7673,-2.2724,0.0,0.0,False,24.393418978603066,-0.1011685968346327,224.5408136239025,12.873455,77.440856,Bengaluru-Mysuru Expressway,highway,230945041,"{'alt_name': 'Bangalore-Mysore Expressway', 'highway': 'tertiary', 'lanes': '2', 'maxspeed': '60', 'name': 'Bengaluru-Mysuru Expressway', 'name:kn': 'ಬೆಂಗಳೂರು-ಮೈಸೂರು ಹೆದ್ದಾರಿ', 'oneway': 'yes', 'ref': 'NH275;EC34', 'ref:old': 'SH17', 'sidewalk': 'none', 'smoothness': 'good', 'surface': 'asphalt'}",,,False,0,below flyover
2023-11-29 09:23:17,,,621.8075,5,-1.0926259378876806,0.8506275599324258,0.7782917235094307,10.5455,2.0569,2.1466,-2.5549,0.0,0.0,False,23.287014730574988,-0.553202124014037,238.6739006011321,12.873248,77.44048,Bengaluru-Mysuru Expressway,highway,215697155,{'highway': 'residential'},,,False,0,below flyover
2023-11-29 09:23:18,,,634.9594,5,-0.7627261562988874,0.6038692630952216,0.4610043803367287,10.115,2.5911,-1.1971,-2.3859,0.0,0.0,False,29.04075540435888,5.753740673783891,232.87435719910823,12.873085,77.44027,Bengaluru-Mysuru Expressway,highway,215697155,{'highway': 'residential'},,,False,0,below flyover
2023-11-29 09:23:19,,,623.2032,5,-1.0926259378876806,1.012271518488491,0.7503866589394637,11.4063,3.0124,1.3824,-3.3321,0.0,0.0,False,23.95705981927877,-5.083695585080108,229.8617965053249,12.872942,77.440104,Bengaluru-Mysuru Expressway,highway,215697155,{'highway': 'residential'},,,False,0,below flyover
2023-11-29 09:23:20,,,620.8053,5,-1.0926259378876806,0.927680638622364,0.5940603629575387,11.4955,1.8678,-0.2895,-3.7478,0.0,0.0,False,24.98292289875544,1.025863079476668,234.0213652913776,12.872788,77.439943,Bengaluru-Mysuru Expressway,highway,230945041,"{'alt_name': 'Bangalore-Mysore Expressway', 'highway': 'tertiary', 'lanes': '2', 'maxspeed': '60', 'name': 'Bengaluru-Mysuru Expressway', 'name:kn': 'ಬೆಂಗಳೂರು-ಮೈಸೂರು ಹೆದ್ದಾರಿ', 'oneway': 'yes', 'ref': 'NH275;EC34', 'ref:old': 'SH17', 'sidewalk': 'none', 'smoothness': 'good', 'surface': 'asphalt'}",,,False,0,below flyover
2023-11-29 09:23:21,,,629.8883,5,-0.927676047093284,1.00944484304742,0.728081918746861,10.6,2.2311,2.0128,-1.4657,0.0,0.0,False,18.950226658634424,-6.032696240121016,207.78801929060955,12.872666,77.439829,Bengaluru-Mysuru Expressway,highway,230945041,"{'alt_name': 'Bangalore-Mysore Expressway', 'highway': 'tertiary', 'lanes': '2', 'maxspeed': '60', 'name': 'Bengaluru-Mysuru Expressway', 'name:kn': 'ಬೆಂಗಳೂರು-ಮೈಸೂರು ಹೆದ್ದಾರಿ', 'oneway': 'yes', 'ref': 'NH275;EC34', 'ref:old': 'SH17', 'sidewalk': 'none', 'smoothness': 'good', 'surface': 'asphalt'}",,,False,0,below flyover
2023-11-29 09:23:22,,,640.4621,5,-1.0926259378876806,1.191398988105995,1.1576654214173876,10.6281,2.5779,-1.8545,-3.779,0.0,0.0,False,32.67842187779975,13.728195219165324,225.39334909797765,12.87244,77.439638,Bengaluru-Mysuru Expressway,highway,124785872,{'highway': 'unclassified'},,,False,0,below flyover
2023-11-29 09:23:23,,,638.1357,5,-1.0926259378876806,1.274000725995072,0.7008527553948518,11.366,2.5312,-2.615,-4.3076,0.0,0.0,False,16.63134238605931,-16.04707949174044,208.4188345507682,12.872322,77.439548,Bengaluru-Mysuru Expressway,highway,124785872,{'highway': 'unclassified'},,,False,0,below flyover
2023-11-29 09:23:24,,,651.1011,5,-1.257575828682077,2.137183652351776,1.0582113850607588,14.7206,3.5592,-4.5277,-6.337,0.0,0.0,False,20.203336818310145,3.571994432250836,221.9609742156569,12.872196,77.439433,,unknown,124785872,{'highway': 'unclassified'},,,False,0,below flyover
2023-11-29 09:23:25,,,641.5988,5,-0.927676047093284,0.8734503468270003,1.2659061736074664,10.5121,2.3756,-2.2273,-3.2619,0.0,0.0,False,19.751642455364927,-0.4516943629452186,211.904594471013,12.872023,77.439349,Bengaluru-Mysuru Expressway,highway,124785872,{'highway': 'unclassified'},,,False,0,below flyover
2023-11-29 09:23:26,,,643.4794,5,-0.7627261562988874,0.8362847993610659,0.5726246386165956,10.4601,1.9868,-1.447,-3.1614,0.0,0.0,False,22.063734965793248,2.3120925104283216,191.1239051725749,12.871823,77.439322,Bengaluru-Mysuru Expressway,highway,124785872,{'highway': 'unclassified'},,,False,0,below flyover
2023-11-29 09:23:27,,,629.9904,5,-1.257575828682077,1.1325622622585152,0.7359030614117995,12.2464,2.2549,2.2871,-2.7114,0.0,0.0,False,24.60708075543795,2.5433457896447003,220.15852712285007,12.871665,77.439157,Bengaluru-Mysuru Expressway,highway,230945041,"{'alt_name': 'Bangalore-Mysore Expressway', 'highway': 'tertiary', 'lanes': '2', 'maxspeed': '60', 'name': 'Bengaluru-Mysuru Expressway', 'name:kn': 'ಬೆಂಗಳೂರು-ಮೈಸೂರು ಹೆದ್ದಾರಿ', 'oneway': 'yes', 'ref': 'NH275;EC34', 'ref:old': 'SH17', 'sidewalk': 'none', 'smoothness': 'good', 'surface': 'asphalt'}",,,False,0,below flyover
2023-11-29 09:23:28,,,654.495,5,-1.257575828682077,1.6011622353782984,2.048696341319303,13.5313,-1.9014,2.7691,-2.0463,0.0,0.0,False,24.620361991486448,0.013281236048499,171.54181987364225,12.871463,77.439149,Bengaluru-Mysuru Expressway,highway,230945041,"{'alt_name': 'Bangalore-Mysore Expressway', 'highway': 'tertiary', 'lanes': '2', 'maxspeed': '60', 'name': 'Bengaluru-Mysuru Expressway', 'name:kn': 'ಬೆಂಗಳೂರು-ಮೈಸೂರು ಹೆದ್ದಾರಿ', 'oneway': 'yes', 'ref': 'NH275;EC34', 'ref:old': 'SH17', 'sidewalk': 'none', 'smoothness': 'good', 'surface': 'asphalt'}",,,False,0,below flyover
2023-11-29 09:23:29,,,629.1704,5,-0.7627261562988874,0.8389020914361313,0.5715625081312334,10.1811,1.9907,1.3206,-2.7454,0.0,0.0,False,24.810895692422417,0.1905337009359691,233.30288581630785,12.871314,77.439008,Bengaluru-Mysuru Expressway,highway,230945041,"{'alt_name': 'Bangalore-Mysore Expressway', 'highway': 'tertiary', 'lanes': '2', 'maxspeed': '60', 'name': 'Bengaluru-Mysuru Expressway', 'name:kn': 'ಬೆಂಗಳೂರು-ಮೈಸೂರು ಹೆದ್ದಾರಿ', 'oneway': 'yes', 'ref': 'NH275;EC34', 'ref:old': 'SH17', 'sidewalk': 'none', 'smoothness': 'good', 'surface': 'asphalt'}",,,False,0,below flyover
2023-11-29 09:23:30,,,632.327,5,-0.7627261562988874,0.8093790368293889,0.6813481773909305,10.1332,1.8932,1.4623,-2.8914,0.0,0.0,False,18.681976718782288,-6.128918973640129,196.5937791163624,12.871158,77.438942,Bengaluru-Mysuru Expressway,highway,230945041,"{'alt_name': 'Bangalore-Mysore Expressway', 'highway': 'tertiary', 'lanes': '2', 'maxspeed': '60', 'name': 'Bengaluru-Mysuru Expressway', 'name:kn': 'ಬೆಂಗಳೂರು-ಮೈಸೂರು ಹೆದ್ದಾರಿ', 'oneway': 'yes', 'ref': 'NH275;EC34', 'ref:old': 'SH17', 'sidewalk': 'none', 'smoothness': 'good', 'surface': 'asphalt'}",,,False,0,below flyover
2023-11-29 09:23:31,,,632.9628,5,-0.5977762655044908,0.8092743451463865,0.5013653387804864,10.0488,1.8708,0.6126,-2.9055,0.0,0.0,False,23.01413421784661,4.332157499064323,203.57135585650164,12.870968,77.43886,Bengaluru-Mysuru Expressway,highway,230945041,"{'alt_name': 'Bangalore-Mysore Expressway', 'highway': 'tertiary', 'lanes': '2', 'maxspeed': '60', 'name': 'Bengaluru-Mysuru Expressway', 'name:kn': 'ಬೆಂಗಳೂರು-ಮೈಸೂರು ಹೆದ್ದಾರಿ', 'oneway': 'yes', 'ref': 'NH275;EC34', 'ref:old': 'SH17', 'sidewalk': 'none', 'smoothness': 'good', 'surface': 'asphalt'}",,,False,0,below flyover
2023-11-29 09:23:32,,,634.3159,5,-0.5977762655044908,0.4936289208934499,0.647939345760451,9.8333,1.5968,1.8922,-2.0102,0.0,0.0,False,16.983978800380736,-6.030155417465874,204.86384502021784,12.870827,77.438798,Bengaluru-Mysuru Expressway,highway,230945041,"{'alt_name': 'Bangalore-Mysore Expressway', 'highway': 'tertiary', 'lanes': '2', 'maxspeed': '60', 'name': 'Bengaluru-Mysuru Expressway', 'name:kn': 'ಬೆಂಗಳೂರು-ಮೈಸೂರು ಹೆದ್ದಾರಿ', 'oneway': 'yes', 'ref': 'NH275;EC34', 'ref:old': 'SH17', 'sidewalk': 'none', 'smoothness': 'good', 'surface': 'asphalt'}",,,False,0,below flyover
2023-11-29 09:23:33,,,658.2808,5,-0.7627261562988874,0.5267114927222818,0.548099080136417,12.5495,1.7148,-1.891,-2.8862,0.0,0.0,False,24.78973305293845,7.805754252557719,216.3079100839265,12.870671,77.438605,Bengaluru-Mysuru Expressway,highway,230945041,"{'alt_name': 'Bangalore-Mysore Expressway', 'highway': 'tertiary', 'lanes': '2', 'maxspeed': '60', 'name': 'Bengaluru-Mysuru Expressway', 'name:kn': 'ಬೆಂಗಳೂರು-ಮೈಸೂರು ಹೆದ್ದಾರಿ', 'oneway': 'yes', 'ref': 'NH275;EC34', 'ref:old': 'SH17', 'sidewalk': 'none', 'smoothness': 'good', 'surface': 'asphalt'}",,,False,0,below flyover
2023-11-29 09:23:34,,,660.0812,5,-0.7627261562988874,0.527025567771289,0.548099080136417,12.5494,1.7151,-1.8899,-2.8874,0.0,0.0,False,15.766512986545733,-9.023220066392724,200.77436735465983,12.870497,77.438655,Bengaluru-Mysuru Expressway,highway,230945041,"{'alt_name': 'Bangalore-Mysore Expressway', 'highway': 'tertiary', 'lanes': '2', 'maxspeed': '60', 'name': 'Bengaluru-Mysuru Expressway', 'name:kn': 'ಬೆಂಗಳೂರು-ಮೈಸೂರು ಹೆದ್ದಾರಿ', 'oneway': 'yes', 'ref': 'NH275;EC34', 'ref:old': 'SH17', 'sidewalk': 'none', 'smoothness': 'good', 'surface': 'asphalt'}",,,False,0,below flyover
2023-11-29 09:23:35,,,633.3062,5,-0.5977762655044908,0.4086192742953124,0.0026467972445747,11.9508,0.7058,-1.953,-2.817,0.0,0.0,False,12.677912679461524,-3.0886003070842083,187.13622544807285,12.870396,77.438611,Bengaluru-Mysuru Expressway,highway,230945041,"{'alt_name': 'Bangalore-Mysore Expressway', 'highway': 'tertiary', 'lanes': '2', 'maxspeed': '60', 'name': 'Bengaluru-Mysuru Expressway', 'name:kn': 'ಬೆಂಗಳೂರು-ಮೈಸೂರು ಹೆದ್ದಾರಿ', 'oneway': 'yes', 'ref': 'NH275;EC34', 'ref:old': 'SH17', 'sidewalk': 'none', 'smoothness': 'good', 'surface': 'asphalt'}",,,False,0,below flyover
2023-11-29 09:23:36,,,639.2458,5,-0.5977762655044908,0.4115506414193858,0.0610639739394881,10.0086,0.8344,-2.1781,-2.6101,0.0,0.0,False,20.38842077028176,7.710508090820239,205.0607960321264,12.870227,77.438538,Bengaluru-Mysuru Expressway,highway,230945041,"{'alt_name': 'Bangalore-Mysore Expressway', 'highway': 'tertiary', 'lanes': '2', 'maxspeed': '60', 'name': 'Bengaluru-Mysuru Expressway', 'name:kn': 'ಬೆಂಗಳೂರು-ಮೈಸೂರು ಹೆದ್ದಾರಿ', 'oneway': 'yes', 'ref': 'NH275;EC34', 'ref:old': 'SH17', 'sidewalk': 'none', 'smoothness': 'good', 'surface': 'asphalt'}",,,False,0,below flyover
2023-11-29 09:23:37,,,628.2807,5,-1.0926259378876806,0.5405307948786287,0.1538555554333914,12.0594,0.881,0.8865,-2.2338,0.0,0.0,False,20.171566683947944,-0.2168540863338179,209.03085041645448,12.870061,77.438466,Bengaluru-Mysuru Expressway,highway,230945041,"{'alt_name': 'Bangalore-Mysore Expressway', 'highway': 'tertiary', 'lanes': '2', 'maxspeed': '60', 'name': 'Bengaluru-Mysuru Expressway', 'name:kn': 'ಬೆಂಗಳೂರು-ಮೈಸೂರು ಹೆದ್ದಾರಿ', 'oneway': 'yes', 'ref': 'NH275;EC34', 'ref:old': 'SH17', 'sidewalk': 'none', 'smoothness': 'good', 'surface': 'asphalt'}",,,False,0,below flyover
2023-11-29 09:23:38,,,614.9995,5,-0.927676047093284,0.5082857565138178,0.0445526727579505,13.812,0.9877,-0.6537,-1.1182,0.0,0.0,False,18.50162470324556,-1.66994198070239,188.81897818625367,12.869912,77.438401,Bengaluru-Mysuru Expressway,highway,230945041,"{'alt_name': 'Bangalore-Mysore Expressway', 'highway': 'tertiary', 'lanes': '2', 'maxspeed': '60', 'name': 'Bengaluru-Mysuru Expressway', 'name:kn': 'ಬೆಂಗಳೂರು-ಮೈಸೂರು ಹೆದ್ದಾರಿ', 'oneway': 'yes', 'ref': 'NH275;EC34', 'ref:old': 'SH17', 'sidewalk': 'none', 'smoothness': 'good', 'surface': 'asphalt'}",,,False,0,below flyover
2023-11-29 09:23:39,,,635.3747,5,-0.2678764839156977,0.2138927439104161,-0.1533898267867967,9.6112,1.564,-1.2557,-2.4169,0.0,0.0,False,18.30039089400245,-0.2012338092430994,195.56331086954307,12.869762,77.438336,Bengaluru-Mysuru Expressway,highway,230945041,"{'alt_name': 'Bangalore-Mysore Expressway', 'highway': 'tertiary', 'lanes': '2', 'maxspeed': '60', 'name': 'Bengaluru-Mysuru Expressway', 'name:kn': 'ಬೆಂಗಳೂರು-ಮೈಸೂರು ಹೆದ್ದಾರಿ', 'oneway': 'yes', 'ref': 'NH275;EC34', 'ref:old': 'SH17', 'sidewalk': 'none', 'smoothness': 'good', 'surface': 'asphalt'}",,,False,0,below flyover
2023-11-29 09:23:40,,,643.603,5,-1.0926259378876806,0.5668084073122895,1.2226484956581758,11.4137,1.9475,-4.0697,-3.8598,0.0,0.0,False,21.410305788008586,3.109914894006128,200.56439704367827,12.869585,77.438259,Bengaluru-Mysuru Expressway,highway,230945041,"{'alt_name': 'Bangalore-Mysore Expressway', 'highway': 'tertiary', 'lanes': '2', 'maxspeed': '60', 'name': 'Bengaluru-Mysuru Expressway', 'name:kn': 'ಬೆಂಗಳೂರು-ಮೈಸೂರು ಹೆದ್ದಾರಿ', 'oneway': 'yes', 'ref': 'NH275;EC34', 'ref:old': 'SH17', 'sidewalk': 'none', 'smoothness': 'good', 'surface': 'asphalt'}",,,False,0,below flyover
2023-11-29 09:23:41,,,775.978,5,-1.257575828682077,1.5095570127509943,0.1480621164223254,33.4665,0.9015,2.5614,-9.4964,0.0,0.0,False,43.35124218794233,21.94093639993375,176.16478574947962,12.869219,77.438221,Bengaluru-Mysuru Expressway,highway,230945041,"{'alt_name': 'Bangalore-Mysore Expressway', 'highway': 'tertiary', 'lanes': '2', 'maxspeed': '60', 'name': 'Bengaluru-Mysuru Expressway', 'name:kn': 'ಬೆಂಗಳೂರು-ಮೈಸೂರು ಹೆದ್ದಾರಿ', 'oneway': 'yes', 'ref': 'NH275;EC34', 'ref:old': 'SH17', 'sidewalk': 'none', 'smoothness': 'good', 'surface': 'asphalt'}",,,False,0,below flyover
2023-11-29 09:23:42,,,655.7365,5,-0.7627261562988874,0.5195924582781026,0.4371547230745078,10.7747,2.2901,-2.6714,-3.2649,0.0,0.0,False,20.56792418094288,-22.78331800699945,278.9084685503462,12.869222,77.438105,Bengaluru-Mysuru Expressway,highway,230945041,"{'alt_name': 'Bangalore-Mysore Expressway', 'highway': 'tertiary', 'lanes': '2', 'maxspeed': '60', 'name': 'Bengaluru-Mysuru Expressway', 'name:kn': 'ಬೆಂಗಳೂರು-ಮೈಸೂರು ಹೆದ್ದಾರಿ', 'oneway': 'yes', 'ref': 'NH275;EC34', 'ref:old': 'SH17', 'sidewalk': 'none', 'smoothness': 'good', 'surface': 'asphalt'}",,,False,0,below flyover
2023-11-29 09:23:43,,,651.8008,5,-0.7627261562988874,0.890305707790424,0.5113107424161493,10.7178,2.1238,-2.9698,-4.2308,0.0,0.0,False,23.36426282729544,2.796338646352556,207.0181259975488,12.869028,77.438023,Bengaluru-Mysuru Expressway,highway,230945041,"{'alt_name': 'Bangalore-Mysore Expressway', 'highway': 'tertiary', 'lanes': '2', 'maxspeed': '60', 'name': 'Bengaluru-Mysuru Expressway', 'name:kn': 'ಬೆಂಗಳೂರು-ಮೈಸೂರು ಹೆದ್ದಾರಿ', 'oneway': 'yes', 'ref': 'NH275;EC34', 'ref:old': 'SH17', 'sidewalk': 'none', 'smoothness': 'good', 'surface': 'asphalt'}",,,False,0,below flyover
2023-11-29 09:23:44,,,648.0526,5,-0.927676047093284,1.6794716142642672,0.9122167219819012,10.3985,-1.3026,-1.5906,-3.2985,0.0,0.0,False,17.55319772758981,-5.811065099705626,204.0098317116896,12.868882,77.437962,Bengaluru-Mysuru Expressway,highway,230945041,"{'alt_name': 'Bangalore-Mysore Expressway', 'highway': 'tertiary', 'lanes': '2', 'maxspeed': '60', 'name': 'Bengaluru-Mysuru Expressway', 'name:kn': 'ಬೆಂಗಳೂರು-ಮೈಸೂರು ಹೆದ್ದಾರಿ', 'oneway': 'yes', 'ref': 'NH275;EC34', 'ref:old': 'SH17', 'sidewalk': 'none', 'smoothness': 'good', 'surface': 'asphalt'}",,,False,0,below flyover
2023-11-29 09:23:45,,,650.8058,5,-0.7627261562988874,0.7435279682207332,0.4454586523237016,10.3716,1.1655,-2.1348,-2.2703,0.0,0.0,False,23.150978000485058,5.597780272895246,210.05610502325897,12.868691,77.437882,Bengaluru-Mysuru Expressway,highway,230945041,"{'alt_name': 'Bangalore-Mysore Expressway', 'highway': 'tertiary', 'lanes': '2', 'maxspeed': '60', 'name': 'Bengaluru-Mysuru Expressway', 'name:kn': 'ಬೆಂಗಳೂರು-ಮೈಸೂರು ಹೆದ್ದಾರಿ', 'oneway': 'yes', 'ref': 'NH275;EC34', 'ref:old': 'SH17', 'sidewalk': 'none', 'smoothness': 'good', 'surface': 'asphalt'}",,,False,0,below flyover
2023-11-29 09:23:46,,,648.9159,5,-0.4328263747100943,0.4117600247853915,0.0585534837013594,9.8839,0.8436,-2.1364,-2.6516,0.0,0.0,False,22.02248194320455,-1.1284960572805076,203.16212679250097,12.868508,77.437805,Bengaluru-Mysuru Expressway,highway,230945041,"{'alt_name': 'Bangalore-Mysore Expressway', 'highway': 'tertiary', 'lanes': '2', 'maxspeed': '60', 'name': 'Bengaluru-Mysuru Expressway', 'name:kn': 'ಬೆಂಗಳೂರು-ಮೈಸೂರು ಹೆದ್ದಾರಿ', 'oneway': 'yes', 'ref': 'NH275;EC34', 'ref:old': 'SH17', 'sidewalk': 'none', 'smoothness': 'good', 'surface': 'asphalt'}",,,False,0,below flyover
2023-11-29 09:23:47,,,660.7869,5,-0.7627261562988874,0.9789795632936532,0.138406384737216,12.4692,1.6428,-2.5106,-2.9047,0.0,0.0,False,19.37001732674961,-2.652464616454936,197.4532420717213,12.868347,77.437737,Bengaluru-Mysuru Expressway,highway,230945041,"{'alt_name': 'Bangalore-Mysore Expressway', 'highway': 'tertiary', 'lanes': '2', 'maxspeed': '60', 'name': 'Bengaluru-Mysuru Expressway', 'name:kn': 'ಬೆಂಗಳೂರು-ಮೈಸೂರು ಹೆದ್ದಾರಿ', 'oneway': 'yes', 'ref': 'NH275;EC34', 'ref:old': 'SH17', 'sidewalk': 'none', 'smoothness': 'good', 'surface': 'asphalt'}",,,False,0,below flyover
2023-11-29 09:23:48,,,678.2977,5,-0.2678764839156977,0.1925356405778787,-0.1273193512370006,11.3747,1.6137,-2.4875,-2.7656,0.0,0.0,False,24.489264257019023,5.119246930269409,200.50008461613308,12.868143,77.437651,Bengaluru-Mysuru Expressway,highway,230945041,"{'alt_name': 'Bangalore-Mysore Expressway', 'highway': 'tertiary', 'lanes': '2', 'maxspeed': '60', 'name': 'Bengaluru-Mysuru Expressway', 'name:kn': 'ಬೆಂಗಳೂರು-ಮೈಸೂರು ಹೆದ್ದಾರಿ', 'oneway': 'yes', 'ref': 'NH275;EC34', 'ref:old': 'SH17', 'sidewalk': 'none', 'smoothness': 'good', 'surface': 'asphalt'}",,,False,0,below flyover
2023-11-29 09:23:49,,,644.4278,5,-0.4328263747100943,0.4564633734275155,0.058746598335062,9.8642,0.9472,-2.1195,-1.5761,0.0,0.0,False,22.20682305177622,-2.2824412052428045,197.53483005407367,12.867959,77.437574,Bengaluru-Mysuru Expressway,highway,1257185817,"{'alt_name': 'Bangalore-Mysore Expressway', 'bridge': 'yes', 'highway': 'motorway', 'lanes': '3', 'layer': '2', 'maxspeed': '80', 'name': 'Bengaluru-Mysuru Expressway', 'name:kn': 'ಬೆಂಗಳೂರು-ಮೈಸೂರು ಹೆದ್ದಾರಿ', 'oneway': 'yes', 'ref': 'NH275;EC34', 'ref:old': 'SH17', 'sidewalk': 'none', 'smoothness': 'good', 'start_date': '2023-03-12', 'surface': 'asphalt'}",,,True,2,on flyover
2023-11-29 09:23:50,,,656.2992,5,-0.4328263747100943,0.4566727567935203,0.0585534837013594,9.864,0.9473,-2.1189,-1.5757,0.0,0.0,False,11.87468515662566,-10.33213789515056,207.5966544736993,12.867861,77.437533,Bengaluru-Mysuru Expressway,highway,1257185817,"{'alt_name': 'Bangalore-Mysore Expressway', 'bridge': 'yes', 'highway': 'motorway', 'lanes': '3', 'layer': '2', 'maxspeed': '80', 'name': 'Bengaluru-Mysuru Expressway', 'name:kn': 'ಬೆಂಗಳೂರು-ಮೈಸೂರು ಹೆದ್ದಾರಿ', 'oneway': 'yes', 'ref': 'NH275;EC34', 'ref:old': 'SH17', 'sidewalk': 'none', 'smoothness': 'good', 'start_date': '2023-03-12', 'surface': 'asphalt'}",,,True,2,on flyover
2023-11-29 09:23:51,,,666.1733,5,-0.2678764839156977,0.3801431365185958,0.0562361080969334,9.3261,0.8822,-2.2221,-2.2835,0.0,0.0,False,19.22937323607257,7.354688079446909,198.1419769278712,12.867701,77.437466,Bengaluru-Mysuru Expressway,highway,798117089,"{'access': 'private', 'highway': 'service', 'source': 'digitalglobe'}",,,False,0,below flyover
2023-11-29 09:23:52,,,663.9025,5,-0.4328263747100943,0.4000345562890961,0.0886793665589016,9.4107,1.0056,-2.0619,-2.1618,0.0,0.0,False,17.847391459796814,-1.3819817762757545,207.38930643298028,12.867553,77.437403,Bengaluru-Mysuru Expressway,highway,798117089,"{'access': 'private', 'highway': 'service', 'source': 'digitalglobe'}",,,False,0,below flyover
2023-11-29 09:23:53,,,665.9867,5,-0.7627261562988874,0.5379135028035634,0.5885565958970262,9.8262,1.8558,0.6911,-1.3279,0.0,0.0,False,15.157637894222288,-2.689753565574528,200.3401725056747,12.867431,77.437342,Bengaluru-Mysuru Expressway,highway,798117089,"{'access': 'private', 'highway': 'service', 'source': 'digitalglobe'}",,,False,0,below flyover
2023-11-29 09:23:54,,,670.0495,5,-0.5977762655044908,0.5207440667911317,0.5823769276185568,9.6065,1.8281,-0.194,-1.615,0.0,0.0,False,14.833112766284437,-0.3245251279378518,180.1381798149266,12.867275,77.437379,Bengaluru-Mysuru Expressway,highway,798117089,"{'access': 'private', 'highway': 'service', 'source': 'digitalglobe'}",,,False,0,below flyover
2023-11-29 09:23:55,,,667.2078,5,-0.5977762655044908,0.5210581418401389,0.5822803703017051,9.6063,1.8283,-0.1879,-1.6149,0.0,0.0,False,14.07952181637054,-0.753590949913896,219.28771089158607,12.867219,77.437227,Bengaluru-Mysuru Expressway,highway,798117089,"{'access': 'private', 'highway': 'service', 'source': 'digitalglobe'}",,,False,0,below flyover
2023-11-29 09:23:56,,,666.4613,5,-0.7627261562988874,0.5218956753041608,1.073660555756934,9.7859,1.8738,2.06,-1.5718,0.0,0.0,False,13.917452758499284,-0.1620690578712551,201.8391157563105,12.867063,77.437245,Bengaluru-Mysuru Expressway,highway,798117089,"{'access': 'private', 'highway': 'service', 'source': 'digitalglobe'}",,,False,0,below flyover
2023-11-29 09:23:57,,,670.0858,5,-0.5977762655044908,0.5215816002551527,0.5822803703017051,9.6059,1.8286,-0.175,-1.6146,0.0,0.0,False,13.292793727970842,-0.6246590305284414,194.986238611785,12.866966,77.437184,Bengaluru-Mysuru Expressway,highway,798117089,"{'access': 'private', 'highway': 'service', 'source': 'digitalglobe'}",,,False,0,below flyover
2023-11-29 09:24:00,,,677.2127,5,-0.4328263747100943,0.2856065467672187,0.2053206053150258,8.9901,0.6987,2.5412,1.5616,0.0,0.0,False,15.256903778188594,0.6547033500725838,208.0172415963776,12.866616,77.436963,Bengaluru-Mysuru Expressway,highway,798117089,"{'access': 'private', 'highway': 'service', 'source': 'digitalglobe'}",,,False,0,below flyover
2023-11-29 09:24:01,,,678.3313,5,-0.4328263747100943,1.3398517946037278,2.079980911979058,9.8083,-3.9463,5.4441,-3.3622,0.0,0.0,False,14.307661665341069,-0.9492421128475268,186.1181826375184,12.866518,77.4369,Bengaluru-Mysuru Expressway,highway,798117089,"{'access': 'private', 'highway': 'service', 'source': 'digitalglobe'}",,,False,0,below flyover
2023-11-29 09:24:02,,,669.1697,5,-0.4328263747100943,0.515718866007005,1.1282154397778033,9.3061,-2.1259,4.3378,-0.5354,0.0,0.0,False,20.24620037767692,5.93853871233585,250.7365409711299,12.866398,77.436817,Bengaluru-Mysuru Expressway,highway,798117089,"{'access': 'private', 'highway': 'service', 'source': 'digitalglobe'}",,,False,0,below flyover
2023-11-29 09:24:03,,,672.6945,5,-0.5977762655044908,0.5614691314791557,1.1501339507030015,9.5957,-2.0471,4.2018,-1.3553,0.0,0.0,False,14.094677815388016,-6.151522562288902,213.40524548133385,12.866297,77.436737,Bengaluru-Mysuru Expressway,highway,798117089,"{'access': 'private', 'highway': 'service', 'source': 'digitalglobe'}",,,False,0,below flyover
2023-11-29 09:24:04,,,668.5624,5,-0.7627261562988874,0.5758118920505163,1.178908031124629,9.8481,-1.9945,4.3498,-1.0048,0.0,0.0,False,17.26891982173561,3.174242006347596,216.0432143149945,12.866175,77.43664,Bengaluru-Mysuru Expressway,highway,798117089,"{'access': 'private', 'highway': 'service', 'source': 'digitalglobe'}",,,False,0,below flyover
2023-11-29 09:24:05,,,671.8185,5,-0.1029265931213011,-0.1150485240838554,0.2085069967711123,8.3771,1.4397,3.4924,-2.1334,0.0,0.0,False,14.99337529743694,-2.2755445242986703,205.95362318437648,12.866071,77.436558,Bengaluru-Mysuru Expressway,highway,798117089,"{'access': 'private', 'highway': 'service', 'source': 'digitalglobe'}",,,False,0,below flyover
2023-11-29 09:24:06,,,683.3195,5,-0.2678764839156977,0.0170723798654665,0.3556603476521821,8.4228,0.9026,3.3406,-1.9019,0.0,0.0,False,15.155118133901505,0.1617428364645636,229.48032015241853,12.865965,77.436472,Bengaluru-Mysuru Expressway,highway,798117089,"{'access': 'private', 'highway': 'service', 'source': 'digitalglobe'}",,,False,0,below flyover
2023-11-29 09:24:07,,,678.5821,5,-0.4328263747100943,0.1368396652204779,-0.1168911610170825,9.219,-1.211,2.0203,-1.6558,0.0,0.0,False,17.795381460105272,2.640263326203767,214.7321022012648,12.865844,77.436367,Bengaluru-Mysuru Expressway,highway,1261870221,"{'alt_name': 'Bangalore-Mysore Expressway', 'highway': 'tertiary', 'lanes': '2', 'maxspeed': '60', 'name': 'Bengaluru-Mysuru Expressway', 'name:kn': 'ಬೆಂಗಳೂರು-ಮೈಸೂರು ಹೆದ್ದಾರಿ', 'oneway': 'yes', 'ref': 'NH275;EC34', 'ref:old': 'SH17', 'sidewalk': 'no', 'smoothness': 'good', 'surface': 'asphalt'}",,,False,0,below flyover
2023-11-29 09:24:08,,,682.2824,5,0.3919230792618886,-0.4272391227977049,-0.490761091864527,7.7379,1.3086,2.0861,-2.2405,0.0,0.0,False,20.092910191870104,2.297528731764832,223.52951589301853,12.865706,77.436247,Bengaluru-Mysuru Expressway,highway,1261870221,"{'alt_name': 'Bangalore-Mysore Expressway', 'highway': 'tertiary', 'lanes': '2', 'maxspeed': '60', 'name': 'Bengaluru-Mysuru Expressway', 'name:kn': 'ಬೆಂಗಳೂರು-ಮೈಸೂರು ಹೆದ್ದಾರಿ', 'oneway': 'yes', 'ref': 'NH275;EC34', 'ref:old': 'SH17', 'sidewalk': 'no', 'smoothness': 'good', 'surface': 'asphalt'}",,,False,0,below flyover
2023-11-29 09:24:09,,,679.0771,5,-0.2678764839156977,0.0569599110894695,0.0476425068971853,8.6784,-1.3292,2.7261,-2.6667,0.0,0.0,False,21.47172030708816,1.3788101152180587,211.49981967085915,12.865561,77.43612,Bengaluru-Mysuru Expressway,highway,1261870221,"{'alt_name': 'Bangalore-Mysore Expressway', 'highway': 'tertiary', 'lanes': '2', 'maxspeed': '60', 'name': 'Bengaluru-Mysuru Expressway', 'name:kn': 'ಬೆಂಗಳೂರು-ಮೈಸೂರು ಹೆದ್ದಾರಿ', 'oneway': 'yes', 'ref': 'NH275;EC34', 'ref:old': 'SH17', 'sidewalk': 'no', 'smoothness': 'good', 'surface': 'asphalt'}",,,False,0,below flyover
2023-11-29 09:24:10,,,691.017,5,0.0620232976730954,0.0055562947351768,-0.0240995795231792,8.0509,-1.329,2.9567,-2.998,0.0,0.0,False,18.283489990206448,-3.1882303168817145,227.0048736804972,12.865437,77.436011,Bengaluru-Mysuru Expressway,highway,1221525222,"{'alt_name': 'Bangalore-Mysore Expressway', 'highway': 'motorway', 'lanes': '3', 'maxspeed': '100', 'motorcycle': 'no', 'name': 'Bengaluru-Mysuru Expressway', 'name:kn': 'ಬೆಂಗಳೂರು-ಮೈಸೂರು ಹೆದ್ದಾರಿ', 'oneway': 'yes', 'ref': 'NH275;EC34', 'ref:old': 'SH17', 'sidewalk': 'none', 'smoothness': 'good', 'start_date': '2023-03-12', 'surface': 'asphalt'}",,,False,0,below flyover
2023-11-29 09:24:12,,,680.8764,5,0.226973188467492,-0.3408684843205335,-0.2683895911564518,8.0625,0.5447,2.8481,-1.8734,0.0,0.0,False,21.511241932687525,1.6138759712405388,219.4410082657538,12.865142,77.435754,Bengaluru-Mysuru Expressway,highway,1182012734,"{'alt_name': 'Bangalore-Mysore Expressway', 'highway': 'motorway', 'lanes': '3', 'maxspeed': '100', 'motorcycle': 'no', 'name': 'Bengaluru-Mysuru Expressway', 'name:kn': 'ಬೆಂಗಳೂರು-ಮೈಸೂರು ಹೆದ್ದಾರಿ', 'oneway': 'yes', 'ref': 'NH275;EC34', 'ref:old': 'SH17', 'sidewalk': 'none', 'smoothness': 'good', 'start_date': '2023-03-12', 'surface': 'asphalt'}",,,False,0,below flyover
2023-11-29 09:24:13,,,682.5009,5,0.226973188467492,-0.3408684843205335,-0.2682930338396009,8.0622,0.544,2.8481,-1.8732,0.0,0.0,False,21.498741936057232,-0.0124999966302929,215.49868560051,12.864991,77.435631,Bengaluru-Mysuru Expressway,highway,1182012734,"{'alt_name': 'Bangalore-Mysore Expressway', 'highway': 'motorway', 'lanes': '3', 'maxspeed': '100', 'motorcycle': 'no', 'name': 'Bengaluru-Mysuru Expressway', 'name:kn': 'ಬೆಂಗಳೂರು-ಮೈಸೂರು ಹೆದ್ದಾರಿ', 'oneway': 'yes', 'ref': 'NH275;EC34', 'ref:old': 'SH17', 'sidewalk': 'none', 'smoothness': 'good', 'start_date': '2023-03-12', 'surface': 'asphalt'}",,,False,0,below flyover
2023-11-29 09:24:14,,,686.2214,5,0.3919230792618886,-0.4528885851333504,-0.2688723777407079,7.8748,0.6048,2.8707,-2.2665,0.0,0.0,False,20.20735202078851,-1.2913899152687236,214.28774893272745,12.864847,77.435516,Bengaluru-Mysuru Expressway,highway,1182012734,"{'alt_name': 'Bangalore-Mysore Expressway', 'highway': 'motorway', 'lanes': '3', 'maxspeed': '100', 'motorcycle': 'no', 'name': 'Bengaluru-Mysuru Expressway', 'name:kn': 'ಬೆಂಗಳೂರು-ಮೈಸೂರು ಹೆದ್ದಾರಿ', 'oneway': 'yes', 'ref': 'NH275;EC34', 'ref:old': 'SH17', 'sidewalk': 'none', 'smoothness': 'good', 'start_date': '2023-03-12', 'surface': 'asphalt'}",,,False,0,below flyover
2023-11-29 09:24:15,,,693.0419,5,0.5568729700562852,-0.5094220939547713,-0.3136749727596163,7.4873,-0.197,2.5993,-2.5988,0.0,0.0,False,16.352083640640995,-3.855268380147514,212.6615801197884,12.864703,77.435459,,unknown,1182012734,"{'alt_name': 'Bangalore-Mysore Expressway', 'highway': 'motorway', 'lanes': '3', 'maxspeed': '100', 'motorcycle': 'no', 'name': 'Bengaluru-Mysuru Expressway', 'name:kn': 'ಬೆಂಗಳೂರು-ಮೈಸೂರು ಹೆದ್ದಾರಿ', 'oneway': 'yes', 'ref': 'NH275;EC34', 'ref:old': 'SH17', 'sidewalk': 'none', 'smoothness': 'good', 'start_date': '2023-03-12', 'surface': 'asphalt'}",,,False,0,below flyover
2023-11-29 09:24:16,,,684.8411,5,0.5568729700562852,-0.5231367044281168,-0.5426123710135653,7.7233,1.2086,2.4428,-2.0003,0.0,0.0,False,18.161932906714647,1.809849266073652,219.90837620454124,12.864604,77.43532,Bengaluru-Mysuru Expressway,highway,792766235,"{'access': 'private', 'highway': 'service', 'source': 'digitalglobe'}",,,False,0,below flyover
2023-11-29 09:24:17,,,684.5737,5,0.3919230792618886,-0.414571429154387,-0.5424192563798631,7.9241,1.1969,2.4322,-1.5392,0.0,0.0,False,11.725319452203951,-6.436613454510693,217.49088961601183,12.864521,77.435253,Bengaluru-Mysuru Expressway,highway,1182012734,"{'alt_name': 'Bangalore-Mysore Expressway', 'highway': 'motorway', 'lanes': '3', 'maxspeed': '100', 'motorcycle': 'no', 'name': 'Bengaluru-Mysuru Expressway', 'name:kn': 'ಬೆಂಗಳೂರು-ಮೈಸೂರು ಹೆದ್ದಾರಿ', 'oneway': 'yes', 'ref': 'NH275;EC34', 'ref:old': 'SH17', 'sidewalk': 'none', 'smoothness': 'good', 'start_date': '2023-03-12', 'surface': 'asphalt'}",,,False,0,below flyover
2023-11-29 09:24:18,,,684.6199,5,0.226973188467492,-0.4143620457883813,-0.4955889577070817,8.1535,1.1872,2.1806,-1.5158,0.0,0.0,False,9.339612473517548,-2.3857069786864056,213.57618406943345,12.864456,77.4352,Bengaluru-Mysuru Expressway,highway,1182012734,"{'alt_name': 'Bangalore-Mysore Expressway', 'highway': 'motorway', 'lanes': '3', 'maxspeed': '100', 'motorcycle': 'no', 'name': 'Bengaluru-Mysuru Expressway', 'name:kn': 'ಬೆಂಗಳೂರು-ಮೈಸೂರು ಹೆದ್ದಾರಿ', 'oneway': 'yes', 'ref': 'NH275;EC34', 'ref:old': 'SH17', 'sidewalk': 'none', 'smoothness': 'good', 'start_date': '2023-03-12', 'surface': 'asphalt'}",,,False,0,below flyover
2023-11-29 09:24:19,,,685.4358,5,0.5568729700562852,-0.522927321062111,-0.5426123710135653,7.7228,1.2078,2.4433,-1.9999,0.0,0.0,False,6.376018414589137,-2.96359405892841,207.83571629425848,12.864411,77.435164,Bengaluru-Mysuru Expressway,highway,1182012734,"{'alt_name': 'Bangalore-Mysore Expressway', 'highway': 'motorway', 'lanes': '3', 'maxspeed': '100', 'motorcycle': 'no', 'name': 'Bengaluru-Mysuru Expressway', 'name:kn': 'ಬೆಂಗಳೂರು-ಮೈಸೂರು ಹೆದ್ದಾರಿ', 'oneway': 'yes', 'ref': 'NH275;EC34', 'ref:old': 'SH17', 'sidewalk': 'none', 'smoothness': 'good', 'start_date': '2023-03-12', 'surface': 'asphalt'}",,,False,0,below flyover
2023-11-29 09:24:20,,,686.7908,5,0.5568729700562852,-0.5228226293791086,-0.5426123710135653,7.7226,1.2076,2.4434,-1.9998,0.0,0.0,False,4.3166444472197245,-2.059373967369413,213.55846067618523,12.86438,77.43514,Bengaluru-Mysuru Expressway,highway,1182012734,"{'alt_name': 'Bangalore-Mysore Expressway', 'highway': 'motorway', 'lanes': '3', 'maxspeed': '100', 'motorcycle': 'no', 'name': 'Bengaluru-Mysuru Expressway', 'name:kn': 'ಬೆಂಗಳೂರು-ಮೈಸೂರು ಹೆದ್ದಾರಿ', 'oneway': 'yes', 'ref': 'NH275;EC34', 'ref:old': 'SH17', 'sidewalk': 'none', 'smoothness': 'good', 'start_date': '2023-03-12', 'surface': 'asphalt'}",,,False,0,below flyover
2023-11-29 09:24:21,,,686.0727,5,0.5568729700562852,-0.5228226293791086,-0.5426123710135653,7.7224,1.2073,2.4436,-1.9997,0.0,0.0,False,4.044965685305429,-0.2716787619142957,210.2842522549963,12.864276,77.435216,,unknown,1182012734,"{'alt_name': 'Bangalore-Mysore Expressway', 'highway': 'motorway', 'lanes': '3', 'maxspeed': '100', 'motorcycle': 'no', 'name': 'Bengaluru-Mysuru Expressway', 'name:kn': 'ಬೆಂಗಳೂರು-ಮೈಸೂರು ಹೆದ್ದಾರಿ', 'oneway': 'yes', 'ref': 'NH275;EC34', 'ref:old': 'SH17', 'sidewalk': 'none', 'smoothness': 'good', 'start_date': '2023-03-12', 'surface': 'asphalt'}",,,False,0,below flyover
2023-11-29 09:24:22,,,687.0608,5,0.5568729700562852,-0.5227179376961063,-0.5426123710135653,7.7222,1.2071,2.4437,-1.9996,0.0,0.0,False,3.044321692992688,-1.000643992312741,221.99374477584183,12.864255,77.4352,,unknown,1182012734,"{'alt_name': 'Bangalore-Mysore Expressway', 'highway': 'motorway', 'lanes': '3', 'maxspeed': '100', 'motorcycle': 'no', 'name': 'Bengaluru-Mysuru Expressway', 'name:kn': 'ಬೆಂಗಳೂರು-ಮೈಸೂರು ಹೆದ್ದಾರಿ', 'oneway': 'yes', 'ref': 'NH275;EC34', 'ref:old': 'SH17', 'sidewalk': 'none', 'smoothness': 'good', 'start_date': '2023-03-12', 'surface': 'asphalt'}",,,False,0,below flyover
2023-11-29 09:24:23,,,687.2261,5,0.5568729700562852,-0.522613246013103,-0.5426123710135653,7.722,1.2068,2.4439,-1.9995,0.0,0.0,False,3.801971477504885,0.7576497845121972,217.12485987947736,12.864228,77.435178,,unknown,1182012734,"{'alt_name': 'Bangalore-Mysore Expressway', 'highway': 'motorway', 'lanes': '3', 'maxspeed': '100', 'motorcycle': 'no', 'name': 'Bengaluru-Mysuru Expressway', 'name:kn': 'ಬೆಂಗಳೂರು-ಮೈಸೂರು ಹೆದ್ದಾರಿ', 'oneway': 'yes', 'ref': 'NH275;EC34', 'ref:old': 'SH17', 'sidewalk': 'none', 'smoothness': 'good', 'start_date': '2023-03-12', 'surface': 'asphalt'}",,,False,0,below flyover
2023-11-29 09:24:25,,,686.7921,5,0.5568729700562852,-0.5225085543301006,-0.5426123710135653,7.7216,1.2063,2.4442,-1.9992,0.0,0.0,False,6.498931957507975,1.348480240001545,216.8536283577696,12.864135,77.435104,,unknown,555925437,"{'access': 'permissive', 'highway': 'service', 'maxspeed': '20', 'maxspeed:type': 'sign', 'surface': 'asphalt'}",,,False,0,below flyover
2023-11-29 09:24:26,,,687.2138,5,0.5568729700562852,-0.5225085543301006,-0.5427089283304166,7.7214,1.2061,2.4443,-1.9991,0.0,0.0,False,8.156985177349174,1.6580532198411992,216.9921245465787,12.864077,77.435058,,unknown,555925437,"{'access': 'permissive', 'highway': 'service', 'maxspeed': '20', 'maxspeed:type': 'sign', 'surface': 'asphalt'}",,,False,0,below flyover
2023-11-29 09:24:27,,,685.6887,5,0.5568729700562852,-0.5224038626470981,-0.5427089283304166,7.7212,1.2058,2.4444,-1.999,0.0,0.0,False,8.422727592961781,0.2657424156126069,218.6595583211788,12.864017,77.435011,,unknown,555925437,"{'access': 'permissive', 'highway': 'service', 'maxspeed': '20', 'maxspeed:type': 'sign', 'surface': 'asphalt'}",,,False,0,below flyover
2023-11-29 09:24:28,,,695.9993,5,0.7218228608506817,-0.5627101606031116,-0.5463781063707582,7.3825,1.1659,2.3651,-2.2921,0.0,0.0,False,6.759901516092342,-1.6628260768694387,223.4573646706829,12.864047,77.434871,Bengaluru-Mysuru Expressway,highway,555925437,"{'access': 'permissive', 'highway': 'service', 'maxspeed': '20', 'maxspeed:type': 'sign', 'surface': 'asphalt'}",,,False,0,below flyover
2023-11-29 09:24:29,,,690.5048,5,0.3919230792618886,-0.4252499808206548,-0.4912438784487822,7.7339,1.3034,2.0912,-2.2378,0.0,0.0,False,11.84496489179392,5.085063375701579,215.6434224350645,12.863885,77.434907,,unknown,555925437,"{'access': 'permissive', 'highway': 'service', 'maxspeed': '20', 'maxspeed:type': 'sign', 'surface': 'asphalt'}",,,False,0,below flyover
2023-11-29 09:24:30,,,692.8913,5,0.7218228608506817,-0.6367271804859728,-0.5702277636329788,7.5744,1.5863,2.1095,-2.4995,0.0,0.0,False,10.644189846607407,-1.2007750451865142,222.80058660073024,12.863859,77.434794,,unknown,555925437,"{'access': 'permissive', 'highway': 'service', 'maxspeed': '20', 'maxspeed:type': 'sign', 'surface': 'asphalt'}",,,False,0,below flyover
2023-11-29 09:24:31,,,686.566,5,0.5568729700562852,-0.5788326797855171,-0.5702277636329788,7.9236,1.5891,2.1174,-2.1698,0.0,0.0,False,13.224644468195262,2.5804546215878545,214.0758902152571,12.863795,77.434669,Bengaluru-Mysuru Expressway,highway,555925437,"{'access': 'permissive', 'highway': 'service', 'maxspeed': '20', 'maxspeed:type': 'sign', 'surface': 'asphalt'}",,,False,0,below flyover
2023-11-29 09:24:32,,,686.1793,5,0.5568729700562852,-0.5788326797855171,-0.5702277636329788,7.9234,1.589,2.1175,-2.1696,0.0,0.0,False,13.201778940885584,-0.022865527309678,214.89049314806348,12.863695,77.434594,Bengaluru-Mysuru Expressway,highway,555925437,"{'access': 'permissive', 'highway': 'service', 'maxspeed': '20', 'maxspeed:type': 'sign', 'surface': 'asphalt'}",,,False,0,below flyover
2023-11-29 09:24:33,,,688.5875,5,0.3919230792618886,-0.4210623135005499,-0.4229778554350572,8.2501,1.1563,2.6371,-2.6924,0.0,0.0,False,13.140023006733449,-0.0617559341521367,215.9945638135853,12.863599,77.434525,Bengaluru-Mysuru Expressway,highway,555925437,"{'access': 'permissive', 'highway': 'service', 'maxspeed': '20', 'maxspeed:type': 'sign', 'surface': 'asphalt'}",,,False,0,below flyover
2023-11-29 09:24:34,,,688.1957,5,0.226973188467492,-0.3065296122956701,-0.6759580255849292,8.3773,0.6196,1.7833,-2.3427,0.0,0.0,False,12.397344600303962,-0.7426784064294853,212.0480529675721,12.863508,77.434459,Bengaluru-Mysuru Expressway,highway,1182012729,"{'alt_name': 'Bangalore-Mysore Expressway', 'highway': 'tertiary', 'lanes': '2', 'maxspeed': '60', 'name': 'Bengaluru-Mysuru Expressway', 'name:kn': 'ಬೆಂಗಳೂರು-ಮೈಸೂರು ಹೆದ್ದಾರಿ', 'oneway': 'yes', 'ref': 'NH275;EC34', 'ref:old': 'SH17', 'sidewalk': 'none', 'smoothness': 'good', 'surface': 'asphalt'}",,,False,0,below flyover
2023-11-29 09:24:35,,,687.8579,5,0.3919230792618886,-0.3790809486164946,-0.6872552316565074,8.1614,0.777,1.9301,-2.6322,0.0,0.0,False,12.890256547364997,0.4929119470610335,215.332186880527,12.863414,77.434391,Bengaluru-Mysuru Expressway,highway,1182012729,"{'alt_name': 'Bangalore-Mysore Expressway', 'highway': 'tertiary', 'lanes': '2', 'maxspeed': '60', 'name': 'Bengaluru-Mysuru Expressway', 'name:kn': 'ಬೆಂಗಳೂರು-ಮೈಸೂರು ಹೆದ್ದಾರಿ', 'oneway': 'yes', 'ref': 'NH275;EC34', 'ref:old': 'SH17', 'sidewalk': 'none', 'smoothness': 'good', 'surface': 'asphalt'}",,,False,0,below flyover
2023-11-29 09:24:36,,,688.6245,5,0.3919230792618886,-0.3789762569334913,-0.6872552316565074,8.1612,0.7768,1.9302,-2.632,0.0,0.0,False,12.806488981160124,-0.0837675662048695,216.15436900807447,12.863319,77.434323,Bengaluru-Mysuru Expressway,highway,792869987,"{'highway': 'residential', 'source': 'digitalglobe'}",,,False,0,below flyover
2023-11-29 09:24:37,,,689.5235,5,0.5568729700562852,-0.5448078828096614,-0.802158438709312,7.8771,1.2829,1.3313,-2.1206,0.0,0.0,False,13.990228097460916,1.1837391163007904,219.2268784045773,12.863216,77.434248,Bengaluru-Mysuru Expressway,highway,792869987,"{'highway': 'residential', 'source': 'digitalglobe'}",,,False,0,below flyover
2023-11-29 09:24:38,,,687.9196,5,0.5568729700562852,-0.5448078828096614,-0.802158438709312,7.8769,1.2827,1.3315,-2.1203,0.0,0.0,False,13.030864997438018,-0.9593631000228982,212.4476696090254,12.863121,77.434179,Bengaluru-Mysuru Expressway,highway,792869987,"{'highway': 'residential', 'source': 'digitalglobe'}",,,False,0,below flyover
2023-11-29 09:24:39,,,687.0282,5,0.5568729700562852,-0.5448078828096614,-0.802158438709312,7.8767,1.2826,1.3318,-2.1201,0.0,0.0,False,10.781400336586616,-2.2494646608514017,218.98277783865024,12.863042,77.434122,Bengaluru-Mysuru Expressway,highway,792869987,"{'highway': 'residential', 'source': 'digitalglobe'}",,,False,0,below flyover
2023-11-29 09:24:40,,,689.7977,5,0.226973188467492,-0.1077201062736714,-0.7878679558153496,8.2103,1.1761,1.0909,-0.7672,0.0,0.0,False,10.334158947507843,-0.447241389078771,222.9050577187849,12.86295,77.434114,,unknown,792869986,"{'highway': 'residential', 'source': 'digitalglobe'}",,,False,0,below flyover
2023-11-29 09:24:41,,,689.7413,5,0.226973188467492,-0.1077201062736714,-0.787964513132201,8.2102,1.176,1.0912,-0.7658,0.0,0.0,False,12.221513517717923,1.8873545702100785,216.0811960566256,12.862874,77.434004,Bengaluru-Mysuru Expressway,highway,792869986,"{'highway': 'residential', 'source': 'digitalglobe'}",,,False,0,below flyover
2023-11-29 09:24:42,,,690.6294,5,0.0620232976730954,-0.1035324389535657,-0.7211468498712424,8.5952,1.118,-0.763,-0.3163,0.0,0.0,False,11.497989020631287,-0.7235244970866361,221.2997063675636,12.862789,77.433946,Bengaluru-Mysuru Expressway,highway,792869986,"{'highway': 'residential', 'source': 'digitalglobe'}",,,False,0,below flyover
2023-11-29 09:24:43,,,687.7622,5,0.226973188467492,-0.4656609704596716,-0.6447700122420255,8.142,0.938,-0.6468,-2.0988,0.0,0.0,False,14.261227866068213,2.763238845436925,213.6127072090409,12.862683,77.433873,Bengaluru-Mysuru Expressway,highway,792869986,"{'highway': 'residential', 'source': 'digitalglobe'}",,,False,0,below flyover
2023-11-29 09:24:44,,,686.7721,5,0.5568729700562852,-0.5671072112892221,-0.7915371338556914,7.8352,1.2376,1.2309,-2.1958,0.0,0.0,False,14.320174751184991,0.0589468851167804,213.9252504544864,12.862584,77.433835,,unknown,792869986,"{'highway': 'residential', 'source': 'digitalglobe'}",,,False,0,below flyover
2023-11-29 09:24:45,,,686.8629,5,0.0620232976730954,-0.3083093709067145,-0.5858700489628563,8.7585,0.4887,-1.6914,-0.5553,0.0,0.0,False,15.482926985580574,1.1627522343955814,221.4867032289366,12.862464,77.433717,Bengaluru-Mysuru Expressway,highway,792869986,"{'highway': 'residential', 'source': 'digitalglobe'}",,,False,0,below flyover
2023-11-29 09:24:46,,,686.8904,5,0.5568729700562852,-0.4937183415043767,-0.8429056264204744,7.8177,1.0352,1.5752,-1.4143,0.0,0.0,False,15.703214733752752,0.2202877481721774,217.9563453076608,12.862348,77.433634,Bengaluru-Mysuru Expressway,highway,792869986,"{'highway': 'residential', 'source': 'digitalglobe'}",,,False,0,below flyover
2023-11-29 09:24:47,,,686.778,5,0.226973188467492,-0.4610545364075553,-0.7217261937723489,8.4348,1.1622,-0.6925,-1.7045,0.0,0.0,False,17.571461036240507,1.868246302487755,216.45099423053745,12.862221,77.433538,Bengaluru-Mysuru Expressway,highway,1182012729,"{'alt_name': 'Bangalore-Mysore Expressway', 'highway': 'tertiary', 'lanes': '2', 'maxspeed': '60', 'name': 'Bengaluru-Mysuru Expressway', 'name:kn': 'ಬೆಂಗಳೂರು-ಮೈಸೂರು ಹೆದ್ದಾರಿ', 'oneway': 'yes', 'ref': 'NH275;EC34', 'ref:old': 'SH17', 'sidewalk': 'none', 'smoothness': 'good', 'surface': 'asphalt'}",,,False,0,below flyover
2023-11-29 09:24:48,,,688.2094,5,0.3919230792618886,-0.5662696778252012,-0.730706024239501,8.1143,1.258,0.3371,-2.2314,0.0,0.0,False,16.996449440045197,-0.57501159619531,220.48854557831888,12.862101,77.433442,Bengaluru-Mysuru Expressway,highway,1182012729,"{'alt_name': 'Bangalore-Mysore Expressway', 'highway': 'tertiary', 'lanes': '2', 'maxspeed': '60', 'name': 'Bengaluru-Mysuru Expressway', 'name:kn': 'ಬೆಂಗಳೂರು-ಮೈಸೂರು ಹೆದ್ದಾರಿ', 'oneway': 'yes', 'ref': 'NH275;EC34', 'ref:old': 'SH17', 'sidewalk': 'none', 'smoothness': 'good', 'surface': 'asphalt'}",,,False,0,below flyover
2023-11-29 09:24:49,,,687.9778,5,0.5568729700562852,-0.6231172616956306,-0.7504037168771246,7.9177,1.3532,0.8873,-2.4783,0.0,0.0,False,16.836926015960927,-0.15952342408427,217.3356467252985,12.861981,77.433346,Bengaluru-Mysuru Expressway,highway,1182012729,"{'alt_name': 'Bangalore-Mysore Expressway', 'highway': 'tertiary', 'lanes': '2', 'maxspeed': '60', 'name': 'Bengaluru-Mysuru Expressway', 'name:kn': 'ಬೆಂಗಳೂರು-ಮೈಸೂರು ಹೆದ್ದಾರಿ', 'oneway': 'yes', 'ref': 'NH275;EC34', 'ref:old': 'SH17', 'sidewalk': 'none', 'smoothness': 'good', 'surface': 'asphalt'}",,,False,0,below flyover
2023-11-29 09:24:50,,,686.8694,5,0.8867727516450783,-0.6723223527068676,-0.8553615202942659,7.4532,1.1737,1.7625,-2.1771,0.0,0.0,False,16.3319016189781,-0.5050243969828259,213.8721274966523,12.861866,77.433254,Bengaluru-Mysuru Expressway,highway,1182012729,"{'alt_name': 'Bangalore-Mysore Expressway', 'highway': 'tertiary', 'lanes': '2', 'maxspeed': '60', 'name': 'Bengaluru-Mysuru Expressway', 'name:kn': 'ಬೆಂಗಳೂರು-ಮೈಸೂರು ಹೆದ್ದಾರಿ', 'oneway': 'yes', 'ref': 'NH275;EC34', 'ref:old': 'SH17', 'sidewalk': 'none', 'smoothness': 'good', 'surface': 'asphalt'}",,,False,0,below flyover
2023-11-29 09:24:51,,,687.0571,5,1.0517226424394748,-0.721527443718105,-0.8602859434536719,7.2068,1.2205,1.8604,-2.4257,0.0,0.0,False,15.821779662310671,-0.5101219566674278,218.158019256345,12.861754,77.433164,Bengaluru-Mysuru Expressway,highway,1182012729,"{'alt_name': 'Bangalore-Mysore Expressway', 'highway': 'tertiary', 'lanes': '2', 'maxspeed': '60', 'name': 'Bengaluru-Mysuru Expressway', 'name:kn': 'ಬೆಂಗಳೂರು-ಮೈಸೂರು ಹೆದ್ದಾರಿ', 'oneway': 'yes', 'ref': 'NH275;EC34', 'ref:old': 'SH17', 'sidewalk': 'none', 'smoothness': 'good', 'surface': 'asphalt'}",,,False,0,below flyover
